INSERT INTO Lieu (idLieu, nom, adresse, nbPlacesAssises, nbPlacesDebout, idImg) VALUES ('066e32c7-dc02-4cdb-8b4b-9b9dcfa0b72c', 'West, Brakus and Witting', '2680 Kristopher Meadows
Turcotteborough, MN 11162', 450, 368, '066e32c7-dc02-4cdb-8b4b-9b9dcfa0b72c');
INSERT INTO ImgLieu (idImg, img, idLieu) VALUES ('406037ef-4696-4295-a6c4-61dd0abdf05c', 'image_lieu_1_1.jpg', '066e32c7-dc02-4cdb-8b4b-9b9dcfa0b72c');
INSERT INTO ImgLieu (idImg, img, idLieu) VALUES ('1ba055c6-a85c-4e2c-b5c9-a39ff800fa41', 'image_lieu_1_2.jpg', '066e32c7-dc02-4cdb-8b4b-9b9dcfa0b72c');
INSERT INTO ImgLieu (idImg, img, idLieu) VALUES ('288d9989-e0fb-400d-9024-523bc2e20a5e', 'image_lieu_1_3.jpg', '066e32c7-dc02-4cdb-8b4b-9b9dcfa0b72c');
INSERT INTO Lieu (idLieu, nom, adresse, nbPlacesAssises, nbPlacesDebout, idImg) VALUES ('37948fba-647a-4882-8c3f-95a1fe86a323', 'Bernier-O'Keefe', '36340 Leannon Pass
Simonisfort, MT 11576-8803', 470, 479, '37948fba-647a-4882-8c3f-95a1fe86a323');
INSERT INTO ImgLieu (idImg, img, idLieu) VALUES ('06afbcad-29c3-4802-aa18-5d517c3f4baf', 'image_lieu_2_1.jpg', '37948fba-647a-4882-8c3f-95a1fe86a323');
INSERT INTO ImgLieu (idImg, img, idLieu) VALUES ('20dbb926-1db6-4a45-a5bd-0fa4fed0297e', 'image_lieu_2_2.jpg', '37948fba-647a-4882-8c3f-95a1fe86a323');
INSERT INTO ImgLieu (idImg, img, idLieu) VALUES ('6af07234-d658-47b6-970b-3ad8ec3c9743', 'image_lieu_2_3.jpg', '37948fba-647a-4882-8c3f-95a1fe86a323');
INSERT INTO Lieu (idLieu, nom, adresse, nbPlacesAssises, nbPlacesDebout, idImg) VALUES ('9502684c-51b2-42fc-a175-94228d0d3556', 'Kertzmann-Rice', '284 Bartoletti Isle
Murphyfurt, NH 48285-6398', 106, 275, '9502684c-51b2-42fc-a175-94228d0d3556');
INSERT INTO ImgLieu (idImg, img, idLieu) VALUES ('c7b0b1f2-f103-416e-aa2e-ad186641c011', 'image_lieu_3_1.jpg', '9502684c-51b2-42fc-a175-94228d0d3556');
INSERT INTO ImgLieu (idImg, img, idLieu) VALUES ('4e4da924-3138-4f0b-8220-702695564aae', 'image_lieu_3_2.jpg', '9502684c-51b2-42fc-a175-94228d0d3556');
INSERT INTO ImgLieu (idImg, img, idLieu) VALUES ('541aca2a-8387-432b-baf6-aa172d7b2093', 'image_lieu_3_3.jpg', '9502684c-51b2-42fc-a175-94228d0d3556');
INSERT INTO Lieu (idLieu, nom, adresse, nbPlacesAssises, nbPlacesDebout, idImg) VALUES ('40ee3ff7-47fc-49d9-8823-0a089b576287', 'Hackett, Bechtelar and Satterfield', '908 Rodrigo Ville
Port Libbyton, OH 63218-4498', 224, 286, '40ee3ff7-47fc-49d9-8823-0a089b576287');
INSERT INTO ImgLieu (idImg, img, idLieu) VALUES ('6e943e8c-9400-4936-b3b2-2837a7929cfd', 'image_lieu_4_1.jpg', '40ee3ff7-47fc-49d9-8823-0a089b576287');
INSERT INTO ImgLieu (idImg, img, idLieu) VALUES ('8a84926c-455a-4906-9972-f50efc771f4e', 'image_lieu_4_2.jpg', '40ee3ff7-47fc-49d9-8823-0a089b576287');
INSERT INTO ImgLieu (idImg, img, idLieu) VALUES ('25a58b70-b251-4e60-8cce-898cc4fe198d', 'image_lieu_4_3.jpg', '40ee3ff7-47fc-49d9-8823-0a089b576287');
INSERT INTO Lieu (idLieu, nom, adresse, nbPlacesAssises, nbPlacesDebout, idImg) VALUES ('48c08e7b-cb29-49f6-8c8d-4c2c30319ea2', 'Smitham, Daniel and Predovic', '7295 Lance Lakes
Boyleberg, VA 87729', 165, 163, '48c08e7b-cb29-49f6-8c8d-4c2c30319ea2');
INSERT INTO ImgLieu (idImg, img, idLieu) VALUES ('bc9ea7fd-caed-43cb-8951-c6833b73576b', 'image_lieu_5_1.jpg', '48c08e7b-cb29-49f6-8c8d-4c2c30319ea2');
INSERT INTO ImgLieu (idImg, img, idLieu) VALUES ('fba900fd-ea17-47f7-806c-8d764b478498', 'image_lieu_5_2.jpg', '48c08e7b-cb29-49f6-8c8d-4c2c30319ea2');
INSERT INTO ImgLieu (idImg, img, idLieu) VALUES ('7cde6213-fe7e-423b-804a-b39e4a40521c', 'image_lieu_5_3.jpg', '48c08e7b-cb29-49f6-8c8d-4c2c30319ea2');
INSERT INTO Soiree (idSoiree, nom, theme, date, horaireDebut, tarifNormal, tarifReduit, idLieu) VALUES ('f5ae497b-1592-4f7c-b3f5-6a9d1136a4d6', 'Soirée 1', 'repellat', '1982-03-30', '19:04:39', 68.03, 40.39, 4);
INSERT INTO Soiree (idSoiree, nom, theme, date, horaireDebut, tarifNormal, tarifReduit, idLieu) VALUES ('bdefd26b-f633-43f3-8853-4adaf0cd86f1', 'Soirée 2', 'vero', '2015-03-19', '01:24:43', 82.61, 7.57, 5);
INSERT INTO Soiree (idSoiree, nom, theme, date, horaireDebut, tarifNormal, tarifReduit, idLieu) VALUES ('8b7eec56-b28f-4028-9a09-9a1c5bc424e2', 'Soirée 3', 'dicta', '1995-07-06', '00:04:37', 70.79, 38.37, 4);
INSERT INTO Soiree (idSoiree, nom, theme, date, horaireDebut, tarifNormal, tarifReduit, idLieu) VALUES ('cfdfd52b-9a90-4103-93c7-d4211413d40a', 'Soirée 4', 'consectetur', '1982-10-24', '10:52:07', 42.92, 17.62, 2);
INSERT INTO Soiree (idSoiree, nom, theme, date, horaireDebut, tarifNormal, tarifReduit, idLieu) VALUES ('dc0a56d1-d077-416b-b1ad-2034f9e18c71', 'Soirée 5', 'quo', '1976-01-11', '14:04:53', 45.64, 12.48, 3);
INSERT INTO Soiree (idSoiree, nom, theme, date, horaireDebut, tarifNormal, tarifReduit, idLieu) VALUES ('c419bc39-f128-49cc-bb1f-45909e5d9e8a', 'Soirée 6', 'sint', '2016-11-17', '02:32:54', 12.75, 43.86, 4);
INSERT INTO Soiree (idSoiree, nom, theme, date, horaireDebut, tarifNormal, tarifReduit, idLieu) VALUES ('b12f4604-87df-4a7f-95ea-c5ba64ca4ccb', 'Soirée 7', 'voluptatem', '2016-07-01', '19:23:35', 78.01, 17.81, 5);
INSERT INTO Soiree (idSoiree, nom, theme, date, horaireDebut, tarifNormal, tarifReduit, idLieu) VALUES ('50ca044b-996c-43b8-8da5-5d9be2a94ada', 'Soirée 8', 'iste', '1974-08-05', '01:22:16', 45.94, 9.5, 5);
INSERT INTO Soiree (idSoiree, nom, theme, date, horaireDebut, tarifNormal, tarifReduit, idLieu) VALUES ('44f40e92-c705-4624-b20e-657cc3be7b5e', 'Soirée 9', 'quibusdam', '2007-01-10', '08:08:21', 81.46, 49.11, 4);
INSERT INTO Soiree (idSoiree, nom, theme, date, horaireDebut, tarifNormal, tarifReduit, idLieu) VALUES ('0c61a65b-e095-4bdc-842b-b365e982f968', 'Soirée 10', 'esse', '1989-03-11', '15:11:51', 56.75, 30.45, 2);
INSERT INTO Soiree (idSoiree, nom, theme, date, horaireDebut, tarifNormal, tarifReduit, idLieu) VALUES ('0d031e56-a9e6-4c28-bdb0-8670167e6a6f', 'Soirée 11', 'consequatur', '2004-10-07', '16:55:07', 86.85, 30.2, 5);
INSERT INTO Soiree (idSoiree, nom, theme, date, horaireDebut, tarifNormal, tarifReduit, idLieu) VALUES ('d58e1be1-01c9-424f-bbb8-38e92ea44842', 'Soirée 12', 'repudiandae', '1988-02-02', '22:26:53', 59.87, 37.71, 3);
INSERT INTO Soiree (idSoiree, nom, theme, date, horaireDebut, tarifNormal, tarifReduit, idLieu) VALUES ('d8f18a0e-73c3-4ef5-a3a4-b04d77f93f9f', 'Soirée 13', 'eius', '2013-01-01', '22:33:03', 22.46, 47.93, 5);
INSERT INTO Soiree (idSoiree, nom, theme, date, horaireDebut, tarifNormal, tarifReduit, idLieu) VALUES ('2484881e-fa05-406f-a639-ae09e4054db0', 'Soirée 14', 'reiciendis', '1973-07-28', '15:46:25', 46.04, 48.12, 4);
INSERT INTO Soiree (idSoiree, nom, theme, date, horaireDebut, tarifNormal, tarifReduit, idLieu) VALUES ('55ec0a0f-423e-41b3-a6bc-f4ff82f58095', 'Soirée 15', 'laudantium', '2004-01-05', '14:58:34', 21.71, 15.87, 4);
INSERT INTO Soiree (idSoiree, nom, theme, date, horaireDebut, tarifNormal, tarifReduit, idLieu) VALUES ('e424bf05-d28b-4b92-bfb1-64da6e982b69', 'Soirée 16', 'et', '2005-09-21', '18:23:15', 51.45, 37.7, 1);
INSERT INTO Soiree (idSoiree, nom, theme, date, horaireDebut, tarifNormal, tarifReduit, idLieu) VALUES ('42f920d5-a8ad-4d3e-bdc1-32e54895fd4d', 'Soirée 17', 'et', '1987-08-13', '18:36:49', 68.11, 22.6, 4);
INSERT INTO Soiree (idSoiree, nom, theme, date, horaireDebut, tarifNormal, tarifReduit, idLieu) VALUES ('87c72b7c-0a2c-4ec3-a9d1-0e1965f63896', 'Soirée 18', 'sit', '1986-09-01', '04:52:20', 59.8, 5.23, 1);
INSERT INTO Soiree (idSoiree, nom, theme, date, horaireDebut, tarifNormal, tarifReduit, idLieu) VALUES ('6cc55964-b261-44b3-b4f6-ed2f9304cf23', 'Soirée 19', 'aut', '1990-08-29', '05:09:40', 62.7, 43.53, 4);
INSERT INTO Soiree (idSoiree, nom, theme, date, horaireDebut, tarifNormal, tarifReduit, idLieu) VALUES ('19470ef1-f843-4435-bf67-32e4063e0cb5', 'Soirée 20', 'vel', '1988-04-12', '05:57:25', 58.12, 45.59, 2);
INSERT INTO Soiree (idSoiree, nom, theme, date, horaireDebut, tarifNormal, tarifReduit, idLieu) VALUES ('66903950-b8f8-4ff5-9d76-43e889ef73af', 'Soirée 21', 'illo', '2021-12-03', '02:18:34', 36.06, 42.66, 3);
INSERT INTO Soiree (idSoiree, nom, theme, date, horaireDebut, tarifNormal, tarifReduit, idLieu) VALUES ('5b671fb2-779a-4c64-8b1e-fea9570b8ffe', 'Soirée 22', 'voluptas', '1997-12-25', '07:18:58', 23.99, 25.66, 5);
INSERT INTO Soiree (idSoiree, nom, theme, date, horaireDebut, tarifNormal, tarifReduit, idLieu) VALUES ('cd5e6c43-7013-4bfc-96e3-182257837073', 'Soirée 23', 'et', '1983-10-18', '23:05:28', 21.72, 13.67, 1);
INSERT INTO Soiree (idSoiree, nom, theme, date, horaireDebut, tarifNormal, tarifReduit, idLieu) VALUES ('f01ec93e-bf54-4eec-8f19-17f9ea429355', 'Soirée 24', 'laudantium', '2017-11-13', '06:12:13', 90.18, 39.81, 2);
INSERT INTO Soiree (idSoiree, nom, theme, date, horaireDebut, tarifNormal, tarifReduit, idLieu) VALUES ('2ee6144b-2ce4-4083-a983-1a66651323d0', 'Soirée 25', 'earum', '1976-07-31', '01:24:23', 20.42, 48.81, 4);
INSERT INTO Soiree (idSoiree, nom, theme, date, horaireDebut, tarifNormal, tarifReduit, idLieu) VALUES ('011c2a30-43f2-4164-a6a6-cd6b240c3e52', 'Soirée 26', 'nostrum', '1979-09-15', '23:51:53', 13.62, 5.27, 1);
INSERT INTO Soiree (idSoiree, nom, theme, date, horaireDebut, tarifNormal, tarifReduit, idLieu) VALUES ('b07e039a-589f-45d6-b0d2-74bcf5a24538', 'Soirée 27', 'ducimus', '1999-03-27', '08:34:54', 16.57, 47.03, 3);
INSERT INTO Soiree (idSoiree, nom, theme, date, horaireDebut, tarifNormal, tarifReduit, idLieu) VALUES ('91c9b053-335c-4610-ae4d-7ac4c7f867ae', 'Soirée 28', 'eius', '2018-03-15', '08:12:53', 86.66, 15.92, 1);
INSERT INTO Soiree (idSoiree, nom, theme, date, horaireDebut, tarifNormal, tarifReduit, idLieu) VALUES ('bb135a32-525b-4e86-b08d-ff94e7e58e7f', 'Soirée 29', 'consequatur', '2005-12-13', '06:04:55', 53.16, 8.05, 4);
INSERT INTO Soiree (idSoiree, nom, theme, date, horaireDebut, tarifNormal, tarifReduit, idLieu) VALUES ('b73c12b8-1daf-467e-83c8-7d8e1b17edc5', 'Soirée 30', 'et', '1989-12-07', '19:25:00', 87.62, 23.83, 2);
INSERT INTO Soiree (idSoiree, nom, theme, date, horaireDebut, tarifNormal, tarifReduit, idLieu) VALUES ('57c1e0c8-cd37-4999-b7e8-8009518b1962', 'Soirée 31', 'impedit', '1975-12-27', '22:36:09', 85.37, 8.37, 4);
INSERT INTO Soiree (idSoiree, nom, theme, date, horaireDebut, tarifNormal, tarifReduit, idLieu) VALUES ('97bd7ab8-6b92-44a0-9780-293b45b86b06', 'Soirée 32', 'excepturi', '2016-02-28', '13:50:47', 27.08, 14.6, 4);
INSERT INTO Soiree (idSoiree, nom, theme, date, horaireDebut, tarifNormal, tarifReduit, idLieu) VALUES ('f59ab1cf-2967-43c8-9146-7ddfe6f4287f', 'Soirée 33', 'vel', '1975-10-02', '10:40:47', 57.1, 29.94, 3);
INSERT INTO Soiree (idSoiree, nom, theme, date, horaireDebut, tarifNormal, tarifReduit, idLieu) VALUES ('c2d05b08-aa81-4ec0-ae97-e051042fdcdd', 'Soirée 34', 'quaerat', '2001-06-03', '00:30:18', 95.46, 5.62, 4);
INSERT INTO Soiree (idSoiree, nom, theme, date, horaireDebut, tarifNormal, tarifReduit, idLieu) VALUES ('89ecb8d0-95f3-4c22-8c7f-8c01f1cb8373', 'Soirée 35', 'atque', '2004-05-16', '03:25:10', 21.36, 21.06, 2);
INSERT INTO Soiree (idSoiree, nom, theme, date, horaireDebut, tarifNormal, tarifReduit, idLieu) VALUES ('84f91401-018d-492c-93d1-36cdfed0ba5b', 'Soirée 36', 'eius', '2007-03-19', '11:35:20', 83.88, 43.46, 4);
INSERT INTO Soiree (idSoiree, nom, theme, date, horaireDebut, tarifNormal, tarifReduit, idLieu) VALUES ('f199587c-c2c8-459e-9fd5-e92c1df1d319', 'Soirée 37', 'exercitationem', '2000-07-08', '21:00:53', 11.95, 18.21, 4);
INSERT INTO Soiree (idSoiree, nom, theme, date, horaireDebut, tarifNormal, tarifReduit, idLieu) VALUES ('772aad35-6fd2-4bb6-a044-2ffc84dab831', 'Soirée 38', 'architecto', '1978-03-30', '03:37:43', 32.2, 35.42, 4);
INSERT INTO Soiree (idSoiree, nom, theme, date, horaireDebut, tarifNormal, tarifReduit, idLieu) VALUES ('1001ec3e-5a57-4a81-9503-a6335136d51f', 'Soirée 39', 'rerum', '2013-12-07', '07:04:26', 29.39, 9.65, 3);
INSERT INTO Soiree (idSoiree, nom, theme, date, horaireDebut, tarifNormal, tarifReduit, idLieu) VALUES ('7ebf6939-591f-43fe-844b-f713ef175bb6', 'Soirée 40', 'saepe', '1996-06-28', '03:58:35', 14.72, 5.88, 5);
INSERT INTO Soiree (idSoiree, nom, theme, date, horaireDebut, tarifNormal, tarifReduit, idLieu) VALUES ('62c0dab2-c60d-4028-bad5-a700b99cd772', 'Soirée 41', 'repellat', '1972-04-19', '13:01:57', 38.05, 40.33, 3);
INSERT INTO Soiree (idSoiree, nom, theme, date, horaireDebut, tarifNormal, tarifReduit, idLieu) VALUES ('fcba3c0b-1565-4c20-a56e-f73f7973ca70', 'Soirée 42', 'sit', '2019-11-14', '12:16:00', 29.1, 46.1, 1);
INSERT INTO Spectacle (idSpectacle, titre, description, urlVideo, horairePrevionnel, idSoiree, idImg) VALUES ('994db4d0-070f-4167-be8d-f606d83fe866', 'Spectacle 1', 'Nobis magnam veritatis aliquid omnis dicta quis.', 'video_spectacle_1.mp4', '2023-04-11 03:01:59', 21, '994db4d0-070f-4167-be8d-f606d83fe866');
INSERT INTO Artiste (idArtiste, nom, idSpectacle) VALUES ('b2e294bd-dcf2-450d-8e99-5ab98cec0d04', 'Miss Beryl Hackett', '994db4d0-070f-4167-be8d-f606d83fe866');
INSERT INTO Artiste (idArtiste, nom, idSpectacle) VALUES ('817cefbf-804e-4afd-954e-03ffa7e02175', 'Jalon Koelpin III', '994db4d0-070f-4167-be8d-f606d83fe866');
INSERT INTO ImgSpectacle (idImg, img, idSpectacle) VALUES ('b72a6861-d44e-46a5-8bc5-ed3e5362bde6', 'image_spectacle_1_1.jpg', '994db4d0-070f-4167-be8d-f606d83fe866');
INSERT INTO ImgSpectacle (idImg, img, idSpectacle) VALUES ('d2a0f341-7d18-4727-a162-d402138927a4', 'image_spectacle_1_2.jpg', '994db4d0-070f-4167-be8d-f606d83fe866');
INSERT INTO ImgSpectacle (idImg, img, idSpectacle) VALUES ('1f2f079f-ac63-4224-beaa-2cae9548e81d', 'image_spectacle_1_3.jpg', '994db4d0-070f-4167-be8d-f606d83fe866');
INSERT INTO Spectacle (idSpectacle, titre, description, urlVideo, horairePrevionnel, idSoiree, idImg) VALUES ('f307ed61-8e53-43e2-950c-90b167fc4f93', 'Spectacle 2', 'Aut qui error id neque.', 'video_spectacle_2.mp4', '2023-08-01 10:59:42', 25, 'f307ed61-8e53-43e2-950c-90b167fc4f93');
INSERT INTO Artiste (idArtiste, nom, idSpectacle) VALUES ('8b9d55c2-5e16-45dd-9e98-309a1ceb8005', 'Rosemary Dickens', 'f307ed61-8e53-43e2-950c-90b167fc4f93');
INSERT INTO Artiste (idArtiste, nom, idSpectacle) VALUES ('f6458c28-e297-4c4d-af5b-9acf91defbdb', 'Simone Barton', 'f307ed61-8e53-43e2-950c-90b167fc4f93');
INSERT INTO Artiste (idArtiste, nom, idSpectacle) VALUES ('6561dc69-4d59-4329-a65b-18464c16a3f8', 'Zackery Ruecker I', 'f307ed61-8e53-43e2-950c-90b167fc4f93');
INSERT INTO ImgSpectacle (idImg, img, idSpectacle) VALUES ('c81679a0-06f7-4454-abce-3d1341862729', 'image_spectacle_2_1.jpg', 'f307ed61-8e53-43e2-950c-90b167fc4f93');
INSERT INTO ImgSpectacle (idImg, img, idSpectacle) VALUES ('2be80b65-9358-4c6f-a880-4583f98df1cc', 'image_spectacle_2_2.jpg', 'f307ed61-8e53-43e2-950c-90b167fc4f93');
INSERT INTO ImgSpectacle (idImg, img, idSpectacle) VALUES ('b4abca1f-6df6-4fd8-b9c1-190fe2a9c3f9', 'image_spectacle_2_3.jpg', 'f307ed61-8e53-43e2-950c-90b167fc4f93');
INSERT INTO Spectacle (idSpectacle, titre, description, urlVideo, horairePrevionnel, idSoiree, idImg) VALUES ('6a4cbccc-9584-473b-b3c6-327c67c62ccb', 'Spectacle 3', 'Odio rerum et debitis quia beatae aliquid quos.', 'video_spectacle_3.mp4', '2023-09-11 03:17:04', 17, '6a4cbccc-9584-473b-b3c6-327c67c62ccb');
INSERT INTO Artiste (idArtiste, nom, idSpectacle) VALUES ('9b779cd6-0e2f-4840-b059-b48169e9ae27', 'Pamela Zemlak', '6a4cbccc-9584-473b-b3c6-327c67c62ccb');
INSERT INTO Artiste (idArtiste, nom, idSpectacle) VALUES ('f24513f0-077f-4246-a91f-baaa6e21750d', 'Greg Hahn', '6a4cbccc-9584-473b-b3c6-327c67c62ccb');
INSERT INTO Artiste (idArtiste, nom, idSpectacle) VALUES ('47ee9791-e3fb-4866-83cb-9cd619ebe187', 'Keagan Willms PhD', '6a4cbccc-9584-473b-b3c6-327c67c62ccb');
INSERT INTO ImgSpectacle (idImg, img, idSpectacle) VALUES ('d3018713-344d-4c5a-8515-42fd6942fc9b', 'image_spectacle_3_1.jpg', '6a4cbccc-9584-473b-b3c6-327c67c62ccb');
INSERT INTO Spectacle (idSpectacle, titre, description, urlVideo, horairePrevionnel, idSoiree, idImg) VALUES ('01b6fcf2-79f3-4ac0-ae02-17e156958495', 'Spectacle 4', 'Error veniam placeat rerum nulla rem ut.', 'video_spectacle_4.mp4', '2023-07-20 19:55:52', 19, '01b6fcf2-79f3-4ac0-ae02-17e156958495');
INSERT INTO Artiste (idArtiste, nom, idSpectacle) VALUES ('64799bf6-4258-4757-b609-c44c3786280b', 'Kendall Rippin', '01b6fcf2-79f3-4ac0-ae02-17e156958495');
INSERT INTO ImgSpectacle (idImg, img, idSpectacle) VALUES ('641bd1a5-1c38-4a84-aeb6-a36860f02507', 'image_spectacle_4_1.jpg', '01b6fcf2-79f3-4ac0-ae02-17e156958495');
INSERT INTO Spectacle (idSpectacle, titre, description, urlVideo, horairePrevionnel, idSoiree, idImg) VALUES ('64d90cac-ea42-4241-b317-64fb9fa44294', 'Spectacle 5', 'Qui laborum sit laborum rerum.', 'video_spectacle_5.mp4', '2023-03-31 17:13:53', 42, '64d90cac-ea42-4241-b317-64fb9fa44294');
INSERT INTO Artiste (idArtiste, nom, idSpectacle) VALUES ('76efd75f-6750-41a7-b519-1beaf52dc345', 'Mr. Demarco VonRueden', '64d90cac-ea42-4241-b317-64fb9fa44294');
INSERT INTO Artiste (idArtiste, nom, idSpectacle) VALUES ('36772d63-10ae-49d4-8a0b-e37bac0f5e43', 'Prof. Seamus Kerluke', '64d90cac-ea42-4241-b317-64fb9fa44294');
INSERT INTO Artiste (idArtiste, nom, idSpectacle) VALUES ('3c0620bc-33cb-436d-ae4e-3fd4a3d1ff2a', 'Brady McClure Sr.', '64d90cac-ea42-4241-b317-64fb9fa44294');
INSERT INTO ImgSpectacle (idImg, img, idSpectacle) VALUES ('8806d098-b9f9-4c2e-bea0-c4db0d167872', 'image_spectacle_5_1.jpg', '64d90cac-ea42-4241-b317-64fb9fa44294');
INSERT INTO Spectacle (idSpectacle, titre, description, urlVideo, horairePrevionnel, idSoiree, idImg) VALUES ('1d567231-5be6-4a6d-bf00-26d7d022c78d', 'Spectacle 6', 'Amet id suscipit ut qui eos enim.', 'video_spectacle_6.mp4', '2023-10-10 11:08:57', 35, '1d567231-5be6-4a6d-bf00-26d7d022c78d');
INSERT INTO Artiste (idArtiste, nom, idSpectacle) VALUES ('6830d38d-2529-4c71-bc86-f247605d03be', 'Javonte Koelpin IV', '1d567231-5be6-4a6d-bf00-26d7d022c78d');
INSERT INTO Artiste (idArtiste, nom, idSpectacle) VALUES ('8913046c-651b-4db1-9cd9-044bfc2aeb01', 'Jamison Lehner', '1d567231-5be6-4a6d-bf00-26d7d022c78d');
INSERT INTO ImgSpectacle (idImg, img, idSpectacle) VALUES ('fad963e3-7e7e-4760-bc72-6608604dd7fc', 'image_spectacle_6_1.jpg', '1d567231-5be6-4a6d-bf00-26d7d022c78d');
INSERT INTO ImgSpectacle (idImg, img, idSpectacle) VALUES ('0e8fc586-46bd-4a31-bc88-a44e534fad01', 'image_spectacle_6_2.jpg', '1d567231-5be6-4a6d-bf00-26d7d022c78d');
INSERT INTO Spectacle (idSpectacle, titre, description, urlVideo, horairePrevionnel, idSoiree, idImg) VALUES ('5bbfe052-61f1-4014-82c9-6437d5fa49ac', 'Spectacle 7', 'Totam nesciunt dignissimos soluta ex sed.', 'video_spectacle_7.mp4', '2023-10-12 10:03:59', 40, '5bbfe052-61f1-4014-82c9-6437d5fa49ac');
INSERT INTO Artiste (idArtiste, nom, idSpectacle) VALUES ('00f3f9a4-88fc-4112-b109-385866fce398', 'Otilia Hahn I', '5bbfe052-61f1-4014-82c9-6437d5fa49ac');
INSERT INTO Artiste (idArtiste, nom, idSpectacle) VALUES ('d36be52b-e199-4ed1-b8d8-60175c375b1e', 'Elouise Runolfsson', '5bbfe052-61f1-4014-82c9-6437d5fa49ac');
INSERT INTO Artiste (idArtiste, nom, idSpectacle) VALUES ('152bbd3f-e946-4f48-bffb-a2f843976ef8', 'Kieran Feil', '5bbfe052-61f1-4014-82c9-6437d5fa49ac');
INSERT INTO ImgSpectacle (idImg, img, idSpectacle) VALUES ('a7ed96b4-7e2e-4503-86c7-030bfebe7c4c', 'image_spectacle_7_1.jpg', '5bbfe052-61f1-4014-82c9-6437d5fa49ac');
INSERT INTO Spectacle (idSpectacle, titre, description, urlVideo, horairePrevionnel, idSoiree, idImg) VALUES ('d50f3bda-1be5-4efa-a3df-5dd197047230', 'Spectacle 8', 'Consequuntur ea quo fugit nihil.', 'video_spectacle_8.mp4', '2023-10-18 22:10:04', 2, 'd50f3bda-1be5-4efa-a3df-5dd197047230');
INSERT INTO Artiste (idArtiste, nom, idSpectacle) VALUES ('4c45f843-1568-4e73-b854-4a589061a234', 'Herta Hammes I', 'd50f3bda-1be5-4efa-a3df-5dd197047230');
INSERT INTO Artiste (idArtiste, nom, idSpectacle) VALUES ('af2d08b9-b7d2-4796-bb86-493c748ff1eb', 'Maxwell Fahey', 'd50f3bda-1be5-4efa-a3df-5dd197047230');
INSERT INTO ImgSpectacle (idImg, img, idSpectacle) VALUES ('75231818-9810-4bfa-a003-29c4d7ed023c', 'image_spectacle_8_1.jpg', 'd50f3bda-1be5-4efa-a3df-5dd197047230');
INSERT INTO ImgSpectacle (idImg, img, idSpectacle) VALUES ('e2af0c5c-f396-47cd-80c0-fff4bf5dd31f', 'image_spectacle_8_2.jpg', 'd50f3bda-1be5-4efa-a3df-5dd197047230');
INSERT INTO ImgSpectacle (idImg, img, idSpectacle) VALUES ('486c582f-6d37-4c5b-8011-75e6f8521503', 'image_spectacle_8_3.jpg', 'd50f3bda-1be5-4efa-a3df-5dd197047230');
INSERT INTO Spectacle (idSpectacle, titre, description, urlVideo, horairePrevionnel, idSoiree, idImg) VALUES ('a114fca5-1dd2-4250-9b55-9d269cf3a9a9', 'Spectacle 9', 'Accusamus id non tenetur veritatis.', 'video_spectacle_9.mp4', '2023-08-16 09:03:00', 17, 'a114fca5-1dd2-4250-9b55-9d269cf3a9a9');
INSERT INTO Artiste (idArtiste, nom, idSpectacle) VALUES ('d1867076-7082-4215-895a-8318e9fe5472', 'Leslie Kihn', 'a114fca5-1dd2-4250-9b55-9d269cf3a9a9');
INSERT INTO Artiste (idArtiste, nom, idSpectacle) VALUES ('d951ccf1-214f-4a6b-8435-d5099b1ce47b', 'Prof. Valentin Morissette Sr.', 'a114fca5-1dd2-4250-9b55-9d269cf3a9a9');
INSERT INTO Artiste (idArtiste, nom, idSpectacle) VALUES ('d7c05282-422c-437e-aa82-565288c60673', 'Dr. Kaley Nicolas II', 'a114fca5-1dd2-4250-9b55-9d269cf3a9a9');
INSERT INTO ImgSpectacle (idImg, img, idSpectacle) VALUES ('6b3ab2aa-4f34-4c11-84cc-5745adbd3eec', 'image_spectacle_9_1.jpg', 'a114fca5-1dd2-4250-9b55-9d269cf3a9a9');
INSERT INTO ImgSpectacle (idImg, img, idSpectacle) VALUES ('0972448d-7acd-49a5-a6bc-4718ae4312dd', 'image_spectacle_9_2.jpg', 'a114fca5-1dd2-4250-9b55-9d269cf3a9a9');
INSERT INTO ImgSpectacle (idImg, img, idSpectacle) VALUES ('5ed2ac3f-5443-46a5-845d-8eb0de5a0f29', 'image_spectacle_9_3.jpg', 'a114fca5-1dd2-4250-9b55-9d269cf3a9a9');
INSERT INTO Spectacle (idSpectacle, titre, description, urlVideo, horairePrevionnel, idSoiree, idImg) VALUES ('f75fa9b7-8618-415d-9014-db84ed4c20bf', 'Spectacle 10', 'Esse aut dolor cupiditate quae adipisci.', 'video_spectacle_10.mp4', '2023-04-26 13:50:38', 17, 'f75fa9b7-8618-415d-9014-db84ed4c20bf');
INSERT INTO Artiste (idArtiste, nom, idSpectacle) VALUES ('58fadde7-a271-4d1d-9990-fb66e1428f33', 'Norberto Watsica', 'f75fa9b7-8618-415d-9014-db84ed4c20bf');
INSERT INTO Artiste (idArtiste, nom, idSpectacle) VALUES ('05b2da91-4bae-4ce1-b2b4-bbc59cfae79c', 'Vita Schulist', 'f75fa9b7-8618-415d-9014-db84ed4c20bf');
INSERT INTO ImgSpectacle (idImg, img, idSpectacle) VALUES ('5527cf7c-0e7f-4b0c-95cb-7b16d6c383c1', 'image_spectacle_10_1.jpg', 'f75fa9b7-8618-415d-9014-db84ed4c20bf');
INSERT INTO Spectacle (idSpectacle, titre, description, urlVideo, horairePrevionnel, idSoiree, idImg) VALUES ('640cbecb-f6af-447c-b611-4e9092c6a4d2', 'Spectacle 11', 'Corrupti et omnis iste veritatis.', 'video_spectacle_11.mp4', '2023-08-07 13:10:59', 5, '640cbecb-f6af-447c-b611-4e9092c6a4d2');
INSERT INTO Artiste (idArtiste, nom, idSpectacle) VALUES ('79df321a-9884-47c4-902c-53c51d1c42f8', 'Oma Kirlin', '640cbecb-f6af-447c-b611-4e9092c6a4d2');
INSERT INTO ImgSpectacle (idImg, img, idSpectacle) VALUES ('01d91376-7e05-463e-a36e-48475c20459e', 'image_spectacle_11_1.jpg', '640cbecb-f6af-447c-b611-4e9092c6a4d2');
INSERT INTO ImgSpectacle (idImg, img, idSpectacle) VALUES ('c09796a4-5db8-46b2-8d85-450b93063584', 'image_spectacle_11_2.jpg', '640cbecb-f6af-447c-b611-4e9092c6a4d2');
INSERT INTO ImgSpectacle (idImg, img, idSpectacle) VALUES ('d078b149-b7a0-4b7a-b2ea-9f5b4434bc23', 'image_spectacle_11_3.jpg', '640cbecb-f6af-447c-b611-4e9092c6a4d2');
INSERT INTO Spectacle (idSpectacle, titre, description, urlVideo, horairePrevionnel, idSoiree, idImg) VALUES ('e1904a32-d889-4d6a-a1db-03fb21218778', 'Spectacle 12', 'Est est ut aut placeat suscipit optio.', 'video_spectacle_12.mp4', '2023-03-26 14:08:28', 15, 'e1904a32-d889-4d6a-a1db-03fb21218778');
INSERT INTO Artiste (idArtiste, nom, idSpectacle) VALUES ('d59b0108-51b2-45b3-b268-8c65fc054cc0', 'Priscilla Lemke IV', 'e1904a32-d889-4d6a-a1db-03fb21218778');
INSERT INTO Artiste (idArtiste, nom, idSpectacle) VALUES ('e95ac43a-92bf-4479-85ca-771f6c5d0a4f', 'Bradley Haag', 'e1904a32-d889-4d6a-a1db-03fb21218778');
INSERT INTO ImgSpectacle (idImg, img, idSpectacle) VALUES ('78cbb5d5-df3c-4064-bae5-45191da10acf', 'image_spectacle_12_1.jpg', 'e1904a32-d889-4d6a-a1db-03fb21218778');
INSERT INTO ImgSpectacle (idImg, img, idSpectacle) VALUES ('9f5aa2b2-6d71-4b14-82a4-ed20023bca0a', 'image_spectacle_12_2.jpg', 'e1904a32-d889-4d6a-a1db-03fb21218778');
INSERT INTO Spectacle (idSpectacle, titre, description, urlVideo, horairePrevionnel, idSoiree, idImg) VALUES ('e47b6e3b-2c0e-426e-bd73-6b38d504fac3', 'Spectacle 13', 'Voluptatum accusamus est quia aspernatur vel alias ea.', 'video_spectacle_13.mp4', '2023-08-25 13:32:27', 5, 'e47b6e3b-2c0e-426e-bd73-6b38d504fac3');
INSERT INTO Artiste (idArtiste, nom, idSpectacle) VALUES ('1a09537e-4328-49f2-97aa-e6491fb7b769', 'Walter Fritsch', 'e47b6e3b-2c0e-426e-bd73-6b38d504fac3');
INSERT INTO Artiste (idArtiste, nom, idSpectacle) VALUES ('d3002fa5-3ef4-4ea0-a403-70f7a5734610', 'Modesta Mayer', 'e47b6e3b-2c0e-426e-bd73-6b38d504fac3');
INSERT INTO Artiste (idArtiste, nom, idSpectacle) VALUES ('aebb88fe-f90b-4a18-904b-b40f5aa83b05', 'Chaz Graham II', 'e47b6e3b-2c0e-426e-bd73-6b38d504fac3');
INSERT INTO ImgSpectacle (idImg, img, idSpectacle) VALUES ('e0b4d69e-d9d4-41f0-a62b-ed7575c28d9b', 'image_spectacle_13_1.jpg', 'e47b6e3b-2c0e-426e-bd73-6b38d504fac3');
INSERT INTO Spectacle (idSpectacle, titre, description, urlVideo, horairePrevionnel, idSoiree, idImg) VALUES ('c238ae7c-96c3-4bd5-ae7d-1dbe66ef88df', 'Spectacle 14', 'Magni recusandae sint dicta ea.', 'video_spectacle_14.mp4', '2023-09-10 11:02:29', 9, 'c238ae7c-96c3-4bd5-ae7d-1dbe66ef88df');
INSERT INTO Artiste (idArtiste, nom, idSpectacle) VALUES ('4ebbdb80-e8a3-49fc-8400-914d9dd9addc', 'Julius Friesen', 'c238ae7c-96c3-4bd5-ae7d-1dbe66ef88df');
INSERT INTO ImgSpectacle (idImg, img, idSpectacle) VALUES ('6b4a68f3-2267-4816-a6d2-b604ecdcb4d8', 'image_spectacle_14_1.jpg', 'c238ae7c-96c3-4bd5-ae7d-1dbe66ef88df');
INSERT INTO ImgSpectacle (idImg, img, idSpectacle) VALUES ('d4a3e1b3-f3c9-41cf-97dc-b4d5bae64029', 'image_spectacle_14_2.jpg', 'c238ae7c-96c3-4bd5-ae7d-1dbe66ef88df');
INSERT INTO ImgSpectacle (idImg, img, idSpectacle) VALUES ('c5723289-1842-4edb-a4b7-772380e5cc10', 'image_spectacle_14_3.jpg', 'c238ae7c-96c3-4bd5-ae7d-1dbe66ef88df');
INSERT INTO Spectacle (idSpectacle, titre, description, urlVideo, horairePrevionnel, idSoiree, idImg) VALUES ('be9635a4-9e5d-4b86-839d-17cf113f43d6', 'Spectacle 15', 'Omnis nulla et ea qui et eum.', 'video_spectacle_15.mp4', '2023-05-28 04:53:30', 19, 'be9635a4-9e5d-4b86-839d-17cf113f43d6');
INSERT INTO Artiste (idArtiste, nom, idSpectacle) VALUES ('a56fffab-1144-41b1-bebe-005a9eb7356d', 'Otha Boyle IV', 'be9635a4-9e5d-4b86-839d-17cf113f43d6');
INSERT INTO Artiste (idArtiste, nom, idSpectacle) VALUES ('cae6039c-13d0-4587-b2be-4ef0f4ea4ba8', 'Ms. Margret Homenick DVM', 'be9635a4-9e5d-4b86-839d-17cf113f43d6');
INSERT INTO ImgSpectacle (idImg, img, idSpectacle) VALUES ('7e3b456b-1c88-4df8-9c17-f5213881f79b', 'image_spectacle_15_1.jpg', 'be9635a4-9e5d-4b86-839d-17cf113f43d6');
INSERT INTO Spectacle (idSpectacle, titre, description, urlVideo, horairePrevionnel, idSoiree, idImg) VALUES ('7ff3136b-2198-4e6c-b335-845bce23f4f6', 'Spectacle 16', 'Aliquam ut odio aut inventore voluptatem.', 'video_spectacle_16.mp4', '2023-03-01 06:37:19', 24, '7ff3136b-2198-4e6c-b335-845bce23f4f6');
INSERT INTO Artiste (idArtiste, nom, idSpectacle) VALUES ('6904da56-94c7-4451-ba7f-3235f4ab6120', 'Dr. Sammie Gerlach', '7ff3136b-2198-4e6c-b335-845bce23f4f6');
INSERT INTO Artiste (idArtiste, nom, idSpectacle) VALUES ('5c7c0809-8f9f-499f-bcc1-269ea0e0cee4', 'Jerome O'Kon Jr.', '7ff3136b-2198-4e6c-b335-845bce23f4f6');
INSERT INTO ImgSpectacle (idImg, img, idSpectacle) VALUES ('545b75af-4a59-46ae-8996-f0fa6f003ae4', 'image_spectacle_16_1.jpg', '7ff3136b-2198-4e6c-b335-845bce23f4f6');
INSERT INTO ImgSpectacle (idImg, img, idSpectacle) VALUES ('24cb3baa-d1a1-434b-b090-064286f77d02', 'image_spectacle_16_2.jpg', '7ff3136b-2198-4e6c-b335-845bce23f4f6');
INSERT INTO ImgSpectacle (idImg, img, idSpectacle) VALUES ('8ee8959c-e506-4791-b81c-f766d2252d5b', 'image_spectacle_16_3.jpg', '7ff3136b-2198-4e6c-b335-845bce23f4f6');
INSERT INTO Spectacle (idSpectacle, titre, description, urlVideo, horairePrevionnel, idSoiree, idImg) VALUES ('61cd8c31-e4ce-4097-913c-80ad11f15a14', 'Spectacle 17', 'Ex et quibusdam quis.', 'video_spectacle_17.mp4', '2023-04-06 14:52:06', 2, '61cd8c31-e4ce-4097-913c-80ad11f15a14');
INSERT INTO Artiste (idArtiste, nom, idSpectacle) VALUES ('d0e8225b-b57b-41f7-9a5d-a6d0b0520384', 'Mr. Lennie Conroy MD', '61cd8c31-e4ce-4097-913c-80ad11f15a14');
INSERT INTO Artiste (idArtiste, nom, idSpectacle) VALUES ('5626dc5b-163e-490b-8a9e-f8503767d190', 'Ms. Brigitte Wolff MD', '61cd8c31-e4ce-4097-913c-80ad11f15a14');
INSERT INTO ImgSpectacle (idImg, img, idSpectacle) VALUES ('b1429d87-6548-4b22-95b7-a8694ac2a867', 'image_spectacle_17_1.jpg', '61cd8c31-e4ce-4097-913c-80ad11f15a14');
INSERT INTO ImgSpectacle (idImg, img, idSpectacle) VALUES ('93bd23e7-98f1-4e16-a815-cb1045d59645', 'image_spectacle_17_2.jpg', '61cd8c31-e4ce-4097-913c-80ad11f15a14');
INSERT INTO Spectacle (idSpectacle, titre, description, urlVideo, horairePrevionnel, idSoiree, idImg) VALUES ('4305c79e-4b9e-496c-9359-e1feacd7d3c1', 'Spectacle 18', 'Fugiat qui et ut sit provident.', 'video_spectacle_18.mp4', '2023-09-15 23:31:22', 1, '4305c79e-4b9e-496c-9359-e1feacd7d3c1');
INSERT INTO Artiste (idArtiste, nom, idSpectacle) VALUES ('aea9023e-e4be-4997-89dc-192bfd809af9', 'Alfonzo Wisozk', '4305c79e-4b9e-496c-9359-e1feacd7d3c1');
INSERT INTO Artiste (idArtiste, nom, idSpectacle) VALUES ('1dc89ebf-f790-4170-8716-1dbd361c2d29', 'Miss Eloisa Gutkowski II', '4305c79e-4b9e-496c-9359-e1feacd7d3c1');
INSERT INTO Artiste (idArtiste, nom, idSpectacle) VALUES ('4d613b77-4e1c-43ae-832b-19a9f1e9f972', 'Lilly White', '4305c79e-4b9e-496c-9359-e1feacd7d3c1');
INSERT INTO ImgSpectacle (idImg, img, idSpectacle) VALUES ('3a21eee9-f0cf-4c68-8dc0-1bd25f4c17b5', 'image_spectacle_18_1.jpg', '4305c79e-4b9e-496c-9359-e1feacd7d3c1');
INSERT INTO Spectacle (idSpectacle, titre, description, urlVideo, horairePrevionnel, idSoiree, idImg) VALUES ('e272b728-304d-4724-a3df-c469b72099a6', 'Spectacle 19', 'Optio eaque provident inventore ipsa non inventore numquam quia.', 'video_spectacle_19.mp4', '2023-01-18 12:52:20', 26, 'e272b728-304d-4724-a3df-c469b72099a6');
INSERT INTO Artiste (idArtiste, nom, idSpectacle) VALUES ('0d561529-8e39-4d16-ad41-2341dc9324a8', 'Denis Romaguera', 'e272b728-304d-4724-a3df-c469b72099a6');
INSERT INTO ImgSpectacle (idImg, img, idSpectacle) VALUES ('81f624f5-0152-4850-9897-25f9857fd98a', 'image_spectacle_19_1.jpg', 'e272b728-304d-4724-a3df-c469b72099a6');
INSERT INTO ImgSpectacle (idImg, img, idSpectacle) VALUES ('f3518696-d574-4b63-b3f2-7f86ebbd853c', 'image_spectacle_19_2.jpg', 'e272b728-304d-4724-a3df-c469b72099a6');
INSERT INTO ImgSpectacle (idImg, img, idSpectacle) VALUES ('9efbc898-5485-4746-844f-990add79a1b4', 'image_spectacle_19_3.jpg', 'e272b728-304d-4724-a3df-c469b72099a6');
INSERT INTO Spectacle (idSpectacle, titre, description, urlVideo, horairePrevionnel, idSoiree, idImg) VALUES ('9600c663-1b29-4457-a76f-fd0fea2eeee7', 'Spectacle 20', 'Expedita libero sequi nihil accusamus blanditiis.', 'video_spectacle_20.mp4', '2023-02-02 02:41:40', 27, '9600c663-1b29-4457-a76f-fd0fea2eeee7');
INSERT INTO Artiste (idArtiste, nom, idSpectacle) VALUES ('f4870eee-aca3-45a5-8939-6f1dac8203ac', 'Kyla Goldner', '9600c663-1b29-4457-a76f-fd0fea2eeee7');
INSERT INTO Artiste (idArtiste, nom, idSpectacle) VALUES ('41732665-b78e-47fd-8865-0308a8bacdd0', 'Ebony Ritchie', '9600c663-1b29-4457-a76f-fd0fea2eeee7');
INSERT INTO ImgSpectacle (idImg, img, idSpectacle) VALUES ('621045cb-1b0c-4d97-85ab-5d14e7bfa242', 'image_spectacle_20_1.jpg', '9600c663-1b29-4457-a76f-fd0fea2eeee7');
INSERT INTO ImgSpectacle (idImg, img, idSpectacle) VALUES ('a2581352-9871-407b-ac4e-0094f1b71270', 'image_spectacle_20_2.jpg', '9600c663-1b29-4457-a76f-fd0fea2eeee7');
INSERT INTO ImgSpectacle (idImg, img, idSpectacle) VALUES ('5bde8911-4205-4754-9c38-598b95ee1917', 'image_spectacle_20_3.jpg', '9600c663-1b29-4457-a76f-fd0fea2eeee7');
INSERT INTO Spectacle (idSpectacle, titre, description, urlVideo, horairePrevionnel, idSoiree, idImg) VALUES ('8da9980d-0cf0-495f-ae97-a977718eadd8', 'Spectacle 21', 'Dolorum et autem omnis.', 'video_spectacle_21.mp4', '2023-08-24 05:10:49', 2, '8da9980d-0cf0-495f-ae97-a977718eadd8');
INSERT INTO Artiste (idArtiste, nom, idSpectacle) VALUES ('74fd972a-c1aa-4468-8715-3df68891b4d0', 'Kennedy Kutch', '8da9980d-0cf0-495f-ae97-a977718eadd8');
INSERT INTO Artiste (idArtiste, nom, idSpectacle) VALUES ('d2e17959-d341-4846-8b74-26090300307b', 'Carole Green', '8da9980d-0cf0-495f-ae97-a977718eadd8');
INSERT INTO Artiste (idArtiste, nom, idSpectacle) VALUES ('53cb5606-128a-47c5-a6fe-aaac2e5799e1', 'Roberto Mueller DVM', '8da9980d-0cf0-495f-ae97-a977718eadd8');
INSERT INTO ImgSpectacle (idImg, img, idSpectacle) VALUES ('b8b91d11-9575-4f58-9c0b-6582b47c2229', 'image_spectacle_21_1.jpg', '8da9980d-0cf0-495f-ae97-a977718eadd8');
INSERT INTO ImgSpectacle (idImg, img, idSpectacle) VALUES ('b61047bc-7583-4a6e-891d-54d82d471f88', 'image_spectacle_21_2.jpg', '8da9980d-0cf0-495f-ae97-a977718eadd8');
INSERT INTO ImgSpectacle (idImg, img, idSpectacle) VALUES ('47f1e40e-fe97-4cd1-aa00-930c4175842f', 'image_spectacle_21_3.jpg', '8da9980d-0cf0-495f-ae97-a977718eadd8');
INSERT INTO Spectacle (idSpectacle, titre, description, urlVideo, horairePrevionnel, idSoiree, idImg) VALUES ('c7369be6-fd4a-4472-85d2-b407c4b84779', 'Spectacle 22', 'Vitae voluptas et voluptatum voluptas soluta rem atque.', 'video_spectacle_22.mp4', '2023-05-07 03:08:03', 25, 'c7369be6-fd4a-4472-85d2-b407c4b84779');
INSERT INTO Artiste (idArtiste, nom, idSpectacle) VALUES ('bd2b3a62-3c3f-4ef9-aeb8-33a05c0dd1ff', 'Monroe Pagac Sr.', 'c7369be6-fd4a-4472-85d2-b407c4b84779');
INSERT INTO Artiste (idArtiste, nom, idSpectacle) VALUES ('dcfc2e2d-4717-4442-a7f7-caa4c250670d', 'Jordon Wiza III', 'c7369be6-fd4a-4472-85d2-b407c4b84779');
INSERT INTO Artiste (idArtiste, nom, idSpectacle) VALUES ('ac770bf1-0bb7-4963-a2bb-092f6ff2e672', 'Destany Dickens', 'c7369be6-fd4a-4472-85d2-b407c4b84779');
INSERT INTO ImgSpectacle (idImg, img, idSpectacle) VALUES ('e776683d-9abe-469a-bdca-682291ee2a59', 'image_spectacle_22_1.jpg', 'c7369be6-fd4a-4472-85d2-b407c4b84779');
INSERT INTO Spectacle (idSpectacle, titre, description, urlVideo, horairePrevionnel, idSoiree, idImg) VALUES ('c2af5f72-4dfd-4d09-a80b-3b0f4d029fd1', 'Spectacle 23', 'Et maxime deserunt beatae rerum quis architecto.', 'video_spectacle_23.mp4', '2023-03-22 07:15:06', 3, 'c2af5f72-4dfd-4d09-a80b-3b0f4d029fd1');
INSERT INTO Artiste (idArtiste, nom, idSpectacle) VALUES ('b2e7f5c0-9b9c-4848-9fa3-db72a59b2dbc', 'Alberto King DVM', 'c2af5f72-4dfd-4d09-a80b-3b0f4d029fd1');
INSERT INTO Artiste (idArtiste, nom, idSpectacle) VALUES ('2a1d02dc-c853-42de-aec5-fa361605a4fb', 'Beulah Davis IV', 'c2af5f72-4dfd-4d09-a80b-3b0f4d029fd1');
INSERT INTO ImgSpectacle (idImg, img, idSpectacle) VALUES ('09c3222f-6ccf-49ec-8c35-dc4e5ad72291', 'image_spectacle_23_1.jpg', 'c2af5f72-4dfd-4d09-a80b-3b0f4d029fd1');
INSERT INTO ImgSpectacle (idImg, img, idSpectacle) VALUES ('c23a95a0-7796-43d3-9628-db42c5920a8d', 'image_spectacle_23_2.jpg', 'c2af5f72-4dfd-4d09-a80b-3b0f4d029fd1');
INSERT INTO Spectacle (idSpectacle, titre, description, urlVideo, horairePrevionnel, idSoiree, idImg) VALUES ('8d6c8541-1fc2-4700-b1fc-750b4882cc9f', 'Spectacle 24', 'Exercitationem eos hic sed reprehenderit tenetur fugiat provident.', 'video_spectacle_24.mp4', '2023-07-14 14:51:03', 15, '8d6c8541-1fc2-4700-b1fc-750b4882cc9f');
INSERT INTO Artiste (idArtiste, nom, idSpectacle) VALUES ('6b1a66ea-004f-4886-82f9-fbc35b7c0ea7', 'Maeve Daugherty', '8d6c8541-1fc2-4700-b1fc-750b4882cc9f');
INSERT INTO Artiste (idArtiste, nom, idSpectacle) VALUES ('10db0c69-e2f5-40ca-85c1-d09c3e5c071e', 'George Kertzmann', '8d6c8541-1fc2-4700-b1fc-750b4882cc9f');
INSERT INTO Artiste (idArtiste, nom, idSpectacle) VALUES ('45717f42-9b2a-4c1a-8872-efd3ffde71e3', 'Juston Ward', '8d6c8541-1fc2-4700-b1fc-750b4882cc9f');
INSERT INTO ImgSpectacle (idImg, img, idSpectacle) VALUES ('37689bf3-e85f-460f-b9fa-cf58bf708c78', 'image_spectacle_24_1.jpg', '8d6c8541-1fc2-4700-b1fc-750b4882cc9f');
INSERT INTO ImgSpectacle (idImg, img, idSpectacle) VALUES ('f3532da7-720a-4663-ab4d-ff34a1bf91bc', 'image_spectacle_24_2.jpg', '8d6c8541-1fc2-4700-b1fc-750b4882cc9f');
INSERT INTO Spectacle (idSpectacle, titre, description, urlVideo, horairePrevionnel, idSoiree, idImg) VALUES ('6e9919ea-c149-464f-9d1d-90b9ac28f6e9', 'Spectacle 25', 'Culpa quis voluptatem enim mollitia nemo.', 'video_spectacle_25.mp4', '2023-01-26 00:54:54', 18, '6e9919ea-c149-464f-9d1d-90b9ac28f6e9');
INSERT INTO Artiste (idArtiste, nom, idSpectacle) VALUES ('b2134a54-fecf-4e3b-9047-b2a9c92281e2', 'Ardella McDermott DDS', '6e9919ea-c149-464f-9d1d-90b9ac28f6e9');
INSERT INTO ImgSpectacle (idImg, img, idSpectacle) VALUES ('42c0832b-1702-488f-8e90-71da31447d28', 'image_spectacle_25_1.jpg', '6e9919ea-c149-464f-9d1d-90b9ac28f6e9');
INSERT INTO ImgSpectacle (idImg, img, idSpectacle) VALUES ('5697464a-e26e-47bd-9e2b-85db649497a6', 'image_spectacle_25_2.jpg', '6e9919ea-c149-464f-9d1d-90b9ac28f6e9');
INSERT INTO ImgSpectacle (idImg, img, idSpectacle) VALUES ('07f49cc9-0df1-4772-aed8-e8685c119b93', 'image_spectacle_25_3.jpg', '6e9919ea-c149-464f-9d1d-90b9ac28f6e9');
INSERT INTO Spectacle (idSpectacle, titre, description, urlVideo, horairePrevionnel, idSoiree, idImg) VALUES ('1f87d352-93ae-4126-bf17-82b821c341cc', 'Spectacle 26', 'Neque voluptatem sapiente eveniet repellendus voluptatibus omnis.', 'video_spectacle_26.mp4', '2023-06-01 19:54:56', 10, '1f87d352-93ae-4126-bf17-82b821c341cc');
INSERT INTO Artiste (idArtiste, nom, idSpectacle) VALUES ('8d973190-6c00-446c-98be-5b66cbf284ef', 'Ariane O'Hara', '1f87d352-93ae-4126-bf17-82b821c341cc');
INSERT INTO Artiste (idArtiste, nom, idSpectacle) VALUES ('53f8ee74-43e3-4f7b-a574-149043a5497e', 'Charity Schuster', '1f87d352-93ae-4126-bf17-82b821c341cc');
INSERT INTO ImgSpectacle (idImg, img, idSpectacle) VALUES ('c0e346e9-640a-435c-b2ef-b7f4ee0771db', 'image_spectacle_26_1.jpg', '1f87d352-93ae-4126-bf17-82b821c341cc');
INSERT INTO ImgSpectacle (idImg, img, idSpectacle) VALUES ('84f2e094-3c14-4c50-933f-68e0d9ce71cd', 'image_spectacle_26_2.jpg', '1f87d352-93ae-4126-bf17-82b821c341cc');
INSERT INTO ImgSpectacle (idImg, img, idSpectacle) VALUES ('6ca4e8c5-7f13-4a6e-9b6a-fbdc053199c4', 'image_spectacle_26_3.jpg', '1f87d352-93ae-4126-bf17-82b821c341cc');
INSERT INTO Spectacle (idSpectacle, titre, description, urlVideo, horairePrevionnel, idSoiree, idImg) VALUES ('b3207e53-f2df-4264-bac3-a229fcce1f83', 'Spectacle 27', 'Quis veniam doloribus voluptatem dolore molestias eius magnam.', 'video_spectacle_27.mp4', '2023-03-08 06:56:09', 6, 'b3207e53-f2df-4264-bac3-a229fcce1f83');
INSERT INTO Artiste (idArtiste, nom, idSpectacle) VALUES ('8b2383f5-4368-4d01-83ef-7ab17eebf034', 'Tyree Kuhn', 'b3207e53-f2df-4264-bac3-a229fcce1f83');
INSERT INTO Artiste (idArtiste, nom, idSpectacle) VALUES ('ef2c6e30-a4ed-4f58-9f43-dfc8e68044c7', 'Mrs. Velva Hill', 'b3207e53-f2df-4264-bac3-a229fcce1f83');
INSERT INTO Artiste (idArtiste, nom, idSpectacle) VALUES ('4e8fbde7-4a18-4441-a0ab-de6321975893', 'Prof. Vivienne Bode', 'b3207e53-f2df-4264-bac3-a229fcce1f83');
INSERT INTO ImgSpectacle (idImg, img, idSpectacle) VALUES ('89e51f15-f247-44d8-9b44-421d1e0ddfe4', 'image_spectacle_27_1.jpg', 'b3207e53-f2df-4264-bac3-a229fcce1f83');
INSERT INTO ImgSpectacle (idImg, img, idSpectacle) VALUES ('e7167faa-f9c5-4ae1-a78b-cf6e2150ef33', 'image_spectacle_27_2.jpg', 'b3207e53-f2df-4264-bac3-a229fcce1f83');
INSERT INTO Spectacle (idSpectacle, titre, description, urlVideo, horairePrevionnel, idSoiree, idImg) VALUES ('081a12e9-1129-404f-ab76-1df899b9fa84', 'Spectacle 28', 'Sit et et ut officiis sit nisi voluptas vero.', 'video_spectacle_28.mp4', '2023-10-24 13:08:18', 29, '081a12e9-1129-404f-ab76-1df899b9fa84');
INSERT INTO Artiste (idArtiste, nom, idSpectacle) VALUES ('85417443-5a5f-49a5-9b7a-ad32de0fb497', 'Thaddeus Kling', '081a12e9-1129-404f-ab76-1df899b9fa84');
INSERT INTO ImgSpectacle (idImg, img, idSpectacle) VALUES ('7201fa27-e7d9-4cf4-9095-0d4efe8a48b8', 'image_spectacle_28_1.jpg', '081a12e9-1129-404f-ab76-1df899b9fa84');
INSERT INTO ImgSpectacle (idImg, img, idSpectacle) VALUES ('5b8b2476-a52a-4be4-ba0f-d0639c4736d2', 'image_spectacle_28_2.jpg', '081a12e9-1129-404f-ab76-1df899b9fa84');
INSERT INTO ImgSpectacle (idImg, img, idSpectacle) VALUES ('865c98bb-64ae-43b0-83e7-f386c1cef200', 'image_spectacle_28_3.jpg', '081a12e9-1129-404f-ab76-1df899b9fa84');
INSERT INTO Spectacle (idSpectacle, titre, description, urlVideo, horairePrevionnel, idSoiree, idImg) VALUES ('8949e062-14c2-4981-b9cf-2effe8222ff0', 'Spectacle 29', 'Ad est asperiores et.', 'video_spectacle_29.mp4', '2023-07-07 16:13:40', 12, '8949e062-14c2-4981-b9cf-2effe8222ff0');
INSERT INTO Artiste (idArtiste, nom, idSpectacle) VALUES ('ee7dd06b-6f21-480f-a1d3-91221416d105', 'Winona Botsford', '8949e062-14c2-4981-b9cf-2effe8222ff0');
INSERT INTO ImgSpectacle (idImg, img, idSpectacle) VALUES ('bea7253b-aab8-44bb-907f-7dfddf69a8e1', 'image_spectacle_29_1.jpg', '8949e062-14c2-4981-b9cf-2effe8222ff0');
INSERT INTO ImgSpectacle (idImg, img, idSpectacle) VALUES ('d68b7c1b-564b-4cda-9849-619591f206e1', 'image_spectacle_29_2.jpg', '8949e062-14c2-4981-b9cf-2effe8222ff0');
INSERT INTO Spectacle (idSpectacle, titre, description, urlVideo, horairePrevionnel, idSoiree, idImg) VALUES ('276d9d9f-6dce-40d1-91dd-695309fe233d', 'Spectacle 30', 'Quod blanditiis odio omnis nihil occaecati et harum.', 'video_spectacle_30.mp4', '2023-07-11 01:39:53', 36, '276d9d9f-6dce-40d1-91dd-695309fe233d');
INSERT INTO Artiste (idArtiste, nom, idSpectacle) VALUES ('b5a562ba-d208-4e40-a513-022a57e0affd', 'Dr. Guillermo Hintz', '276d9d9f-6dce-40d1-91dd-695309fe233d');
INSERT INTO ImgSpectacle (idImg, img, idSpectacle) VALUES ('f51486ca-21f2-4f85-bdcc-eb3880460a2e', 'image_spectacle_30_1.jpg', '276d9d9f-6dce-40d1-91dd-695309fe233d');
INSERT INTO Spectacle (idSpectacle, titre, description, urlVideo, horairePrevionnel, idSoiree, idImg) VALUES ('11ef5172-104f-40d4-bebe-b67ffc39d1d6', 'Spectacle 31', 'Nobis laboriosam dolore cumque.', 'video_spectacle_31.mp4', '2023-08-24 06:19:56', 24, '11ef5172-104f-40d4-bebe-b67ffc39d1d6');
INSERT INTO Artiste (idArtiste, nom, idSpectacle) VALUES ('f6b9cf82-70bd-4360-a484-4450eec892b6', 'Ethan Koch MD', '11ef5172-104f-40d4-bebe-b67ffc39d1d6');
INSERT INTO Artiste (idArtiste, nom, idSpectacle) VALUES ('6ea40038-f3dc-422b-9635-35ff05d2266b', 'Martin Medhurst', '11ef5172-104f-40d4-bebe-b67ffc39d1d6');
INSERT INTO Artiste (idArtiste, nom, idSpectacle) VALUES ('e493033c-bb4a-46f1-9680-fd9f3f6fce84', 'Devante Renner', '11ef5172-104f-40d4-bebe-b67ffc39d1d6');
INSERT INTO ImgSpectacle (idImg, img, idSpectacle) VALUES ('c970cd48-7ad4-4afe-be6d-56b22266fead', 'image_spectacle_31_1.jpg', '11ef5172-104f-40d4-bebe-b67ffc39d1d6');
INSERT INTO ImgSpectacle (idImg, img, idSpectacle) VALUES ('774b642a-a26e-4df4-b581-61995f1f794d', 'image_spectacle_31_2.jpg', '11ef5172-104f-40d4-bebe-b67ffc39d1d6');
INSERT INTO ImgSpectacle (idImg, img, idSpectacle) VALUES ('df94cba5-8c81-4718-ac37-81128d62244b', 'image_spectacle_31_3.jpg', '11ef5172-104f-40d4-bebe-b67ffc39d1d6');
INSERT INTO Spectacle (idSpectacle, titre, description, urlVideo, horairePrevionnel, idSoiree, idImg) VALUES ('16f6b009-d033-4d65-8170-c4209c5c6195', 'Spectacle 32', 'Laboriosam ipsam debitis ut perspiciatis eos autem ea alias.', 'video_spectacle_32.mp4', '2023-01-02 09:09:45', 32, '16f6b009-d033-4d65-8170-c4209c5c6195');
INSERT INTO Artiste (idArtiste, nom, idSpectacle) VALUES ('3db7f6a4-c6b1-4769-b009-852cbfad0beb', 'Dusty Pfannerstill', '16f6b009-d033-4d65-8170-c4209c5c6195');
INSERT INTO ImgSpectacle (idImg, img, idSpectacle) VALUES ('7cbc27f5-1b6a-44ac-ad60-dd474b539c04', 'image_spectacle_32_1.jpg', '16f6b009-d033-4d65-8170-c4209c5c6195');
INSERT INTO ImgSpectacle (idImg, img, idSpectacle) VALUES ('1037d18d-7505-440e-a47c-9631ccd75a4f', 'image_spectacle_32_2.jpg', '16f6b009-d033-4d65-8170-c4209c5c6195');
INSERT INTO Spectacle (idSpectacle, titre, description, urlVideo, horairePrevionnel, idSoiree, idImg) VALUES ('08e1fbc3-6a59-49a7-bb6c-36c53ebcf907', 'Spectacle 33', 'Veritatis rerum facere quas ipsum esse aliquid recusandae.', 'video_spectacle_33.mp4', '2023-08-24 15:01:20', 2, '08e1fbc3-6a59-49a7-bb6c-36c53ebcf907');
INSERT INTO Artiste (idArtiste, nom, idSpectacle) VALUES ('7ec5e827-2536-4fa7-9fd0-2bda1c126f65', 'Lorena Rolfson DVM', '08e1fbc3-6a59-49a7-bb6c-36c53ebcf907');
INSERT INTO Artiste (idArtiste, nom, idSpectacle) VALUES ('aa8aa76a-df18-460c-b374-1c69793333a2', 'Hassan Hills', '08e1fbc3-6a59-49a7-bb6c-36c53ebcf907');
INSERT INTO Artiste (idArtiste, nom, idSpectacle) VALUES ('6d273380-e5fe-4815-b866-7cf201ec42da', 'Miss Yadira Raynor IV', '08e1fbc3-6a59-49a7-bb6c-36c53ebcf907');
INSERT INTO ImgSpectacle (idImg, img, idSpectacle) VALUES ('afd46bb6-41be-42f3-88d2-ffe084ca5de1', 'image_spectacle_33_1.jpg', '08e1fbc3-6a59-49a7-bb6c-36c53ebcf907');
INSERT INTO ImgSpectacle (idImg, img, idSpectacle) VALUES ('b3fb363f-565a-457a-87e9-47f725e4eafb', 'image_spectacle_33_2.jpg', '08e1fbc3-6a59-49a7-bb6c-36c53ebcf907');
INSERT INTO Spectacle (idSpectacle, titre, description, urlVideo, horairePrevionnel, idSoiree, idImg) VALUES ('05a2be16-e0c2-4ee8-92ad-03d881268609', 'Spectacle 34', 'Et omnis dolorum dolorem vel.', 'video_spectacle_34.mp4', '2023-01-08 17:28:51', 35, '05a2be16-e0c2-4ee8-92ad-03d881268609');
INSERT INTO Artiste (idArtiste, nom, idSpectacle) VALUES ('9bc1da23-0d2f-4574-9119-3ede697e6aee', 'Alfonzo McKenzie', '05a2be16-e0c2-4ee8-92ad-03d881268609');
INSERT INTO ImgSpectacle (idImg, img, idSpectacle) VALUES ('76c82203-d7a4-40c4-8dfe-92fe05a89f01', 'image_spectacle_34_1.jpg', '05a2be16-e0c2-4ee8-92ad-03d881268609');
INSERT INTO ImgSpectacle (idImg, img, idSpectacle) VALUES ('75343c6a-f132-4a36-aec1-aeea9f6ba7b6', 'image_spectacle_34_2.jpg', '05a2be16-e0c2-4ee8-92ad-03d881268609');
INSERT INTO Spectacle (idSpectacle, titre, description, urlVideo, horairePrevionnel, idSoiree, idImg) VALUES ('13943a9b-d841-4a6a-a83e-46a63fda0ad1', 'Spectacle 35', 'Aspernatur suscipit saepe perspiciatis.', 'video_spectacle_35.mp4', '2023-06-10 09:15:36', 12, '13943a9b-d841-4a6a-a83e-46a63fda0ad1');
INSERT INTO Artiste (idArtiste, nom, idSpectacle) VALUES ('cf7acf07-7f8e-47ff-8cb2-9d5ce45a9aaf', 'Brice Runolfsdottir', '13943a9b-d841-4a6a-a83e-46a63fda0ad1');
INSERT INTO Artiste (idArtiste, nom, idSpectacle) VALUES ('8a6c7338-54db-49f6-bde8-a593ccb035ef', 'Burnice Feil', '13943a9b-d841-4a6a-a83e-46a63fda0ad1');
INSERT INTO Artiste (idArtiste, nom, idSpectacle) VALUES ('67d5f032-5e0f-44f1-9b6c-c8a1d63dfbda', 'Robert Hickle', '13943a9b-d841-4a6a-a83e-46a63fda0ad1');
INSERT INTO ImgSpectacle (idImg, img, idSpectacle) VALUES ('3ade4fe4-50c8-47e1-9c86-718e03828675', 'image_spectacle_35_1.jpg', '13943a9b-d841-4a6a-a83e-46a63fda0ad1');
INSERT INTO Spectacle (idSpectacle, titre, description, urlVideo, horairePrevionnel, idSoiree, idImg) VALUES ('e5b57bd9-82af-49e1-ac10-6023457dbe5c', 'Spectacle 36', 'Eveniet itaque sed qui dolor ad magnam placeat.', 'video_spectacle_36.mp4', '2023-10-12 16:15:35', 1, 'e5b57bd9-82af-49e1-ac10-6023457dbe5c');
INSERT INTO Artiste (idArtiste, nom, idSpectacle) VALUES ('3088672c-8c8c-4c24-82c7-2c00a21b61a3', 'Kurt Hermiston', 'e5b57bd9-82af-49e1-ac10-6023457dbe5c');
INSERT INTO Artiste (idArtiste, nom, idSpectacle) VALUES ('1f532eae-a9fe-4925-ae62-39078b685775', 'Herminio Schumm', 'e5b57bd9-82af-49e1-ac10-6023457dbe5c');
INSERT INTO Artiste (idArtiste, nom, idSpectacle) VALUES ('dc179eb0-90bd-4ec2-8755-1f318724e292', 'Houston Abernathy', 'e5b57bd9-82af-49e1-ac10-6023457dbe5c');
INSERT INTO ImgSpectacle (idImg, img, idSpectacle) VALUES ('29c6c026-7126-4f7c-8eeb-4f41e4ea26d7', 'image_spectacle_36_1.jpg', 'e5b57bd9-82af-49e1-ac10-6023457dbe5c');
INSERT INTO Spectacle (idSpectacle, titre, description, urlVideo, horairePrevionnel, idSoiree, idImg) VALUES ('9bb88dc1-a7ee-497c-a410-37943834b40b', 'Spectacle 37', 'Dolores doloribus rerum ab dolores eum.', 'video_spectacle_37.mp4', '2023-02-04 23:28:26', 16, '9bb88dc1-a7ee-497c-a410-37943834b40b');
INSERT INTO Artiste (idArtiste, nom, idSpectacle) VALUES ('f7f095c4-fe50-4f6f-8c07-0b90abeb8f6d', 'Prof. Karley Mayer II', '9bb88dc1-a7ee-497c-a410-37943834b40b');
INSERT INTO Artiste (idArtiste, nom, idSpectacle) VALUES ('0667bc8a-cbb1-4b93-a567-e21d5555d8c9', 'Shaun Ortiz', '9bb88dc1-a7ee-497c-a410-37943834b40b');
INSERT INTO Artiste (idArtiste, nom, idSpectacle) VALUES ('998c4bd5-3e41-47dc-9405-74ac8de7d4b0', 'Anne Effertz', '9bb88dc1-a7ee-497c-a410-37943834b40b');
INSERT INTO ImgSpectacle (idImg, img, idSpectacle) VALUES ('b967be5b-368e-4ce3-a3a2-2914a2f40d47', 'image_spectacle_37_1.jpg', '9bb88dc1-a7ee-497c-a410-37943834b40b');
INSERT INTO Spectacle (idSpectacle, titre, description, urlVideo, horairePrevionnel, idSoiree, idImg) VALUES ('c6ad146b-cece-48cd-94a5-20f08b5867ac', 'Spectacle 38', 'Et cum similique aut saepe.', 'video_spectacle_38.mp4', '2023-04-14 20:48:05', 25, 'c6ad146b-cece-48cd-94a5-20f08b5867ac');
INSERT INTO Artiste (idArtiste, nom, idSpectacle) VALUES ('88b9653f-5ea3-4c38-b883-364c7215860b', 'Felipa Zulauf', 'c6ad146b-cece-48cd-94a5-20f08b5867ac');
INSERT INTO ImgSpectacle (idImg, img, idSpectacle) VALUES ('eba73850-3df6-4233-9fcd-6ecc1522a15c', 'image_spectacle_38_1.jpg', 'c6ad146b-cece-48cd-94a5-20f08b5867ac');
INSERT INTO ImgSpectacle (idImg, img, idSpectacle) VALUES ('c0a408ad-594c-4431-b341-86a615744cc8', 'image_spectacle_38_2.jpg', 'c6ad146b-cece-48cd-94a5-20f08b5867ac');
INSERT INTO ImgSpectacle (idImg, img, idSpectacle) VALUES ('10fda9f0-02eb-49a5-9e96-e51d97790048', 'image_spectacle_38_3.jpg', 'c6ad146b-cece-48cd-94a5-20f08b5867ac');
INSERT INTO Spectacle (idSpectacle, titre, description, urlVideo, horairePrevionnel, idSoiree, idImg) VALUES ('b40d3856-8054-439e-bcaa-f33a4c20bd34', 'Spectacle 39', 'Eveniet ratione autem qui omnis.', 'video_spectacle_39.mp4', '2023-03-08 19:26:04', 16, 'b40d3856-8054-439e-bcaa-f33a4c20bd34');
INSERT INTO Artiste (idArtiste, nom, idSpectacle) VALUES ('fb9088e4-c975-48db-b13e-d03c0f50364a', 'Mrs. Maryam Mraz', 'b40d3856-8054-439e-bcaa-f33a4c20bd34');
INSERT INTO Artiste (idArtiste, nom, idSpectacle) VALUES ('de10c211-22db-4d6b-ac0c-57c76f7f4797', 'Maverick Emmerich', 'b40d3856-8054-439e-bcaa-f33a4c20bd34');
INSERT INTO Artiste (idArtiste, nom, idSpectacle) VALUES ('67afa8fd-fc9a-4d11-8fd1-819e65a479e0', 'Tamia Flatley', 'b40d3856-8054-439e-bcaa-f33a4c20bd34');
INSERT INTO ImgSpectacle (idImg, img, idSpectacle) VALUES ('8e5eb17e-060f-4b37-94ed-6be3a73d1bf1', 'image_spectacle_39_1.jpg', 'b40d3856-8054-439e-bcaa-f33a4c20bd34');
INSERT INTO Spectacle (idSpectacle, titre, description, urlVideo, horairePrevionnel, idSoiree, idImg) VALUES ('2d95f35e-4117-429f-8b25-9821118c1a77', 'Spectacle 40', 'Ullam nobis sapiente magni impedit.', 'video_spectacle_40.mp4', '2023-06-05 21:29:48', 33, '2d95f35e-4117-429f-8b25-9821118c1a77');
INSERT INTO Artiste (idArtiste, nom, idSpectacle) VALUES ('75bae338-ae88-47ec-9407-70660c8829e8', 'Fannie Jaskolski IV', '2d95f35e-4117-429f-8b25-9821118c1a77');
INSERT INTO Artiste (idArtiste, nom, idSpectacle) VALUES ('13a2ac83-ebae-482e-88b5-fc1b6711d4eb', 'Skylar Greenholt', '2d95f35e-4117-429f-8b25-9821118c1a77');
INSERT INTO Artiste (idArtiste, nom, idSpectacle) VALUES ('ab7da36c-2653-48f4-acf8-1e81757a8171', 'Alanna Homenick', '2d95f35e-4117-429f-8b25-9821118c1a77');
INSERT INTO ImgSpectacle (idImg, img, idSpectacle) VALUES ('e366a0eb-f8e1-400b-9b9b-dcaa1268ac07', 'image_spectacle_40_1.jpg', '2d95f35e-4117-429f-8b25-9821118c1a77');
INSERT INTO Spectacle (idSpectacle, titre, description, urlVideo, horairePrevionnel, idSoiree, idImg) VALUES ('f3217669-5e32-4065-a23d-d44ecf45ff66', 'Spectacle 41', 'Vero voluptatibus neque mollitia cupiditate adipisci maxime.', 'video_spectacle_41.mp4', '2023-08-14 21:50:29', 20, 'f3217669-5e32-4065-a23d-d44ecf45ff66');
INSERT INTO Artiste (idArtiste, nom, idSpectacle) VALUES ('7c51ec20-a374-40d1-83fa-f443a5c88876', 'Theresa Mills II', 'f3217669-5e32-4065-a23d-d44ecf45ff66');
INSERT INTO Artiste (idArtiste, nom, idSpectacle) VALUES ('f7d49708-7f81-4f90-b9cb-24669eafcd2c', 'Cedrick O'Hara Sr.', 'f3217669-5e32-4065-a23d-d44ecf45ff66');
INSERT INTO Artiste (idArtiste, nom, idSpectacle) VALUES ('72fce0f0-9970-49a1-8b8a-2002c6d88270', 'Bill Steuber', 'f3217669-5e32-4065-a23d-d44ecf45ff66');
INSERT INTO ImgSpectacle (idImg, img, idSpectacle) VALUES ('09cb7bad-6d91-4884-95a7-c547180641a9', 'image_spectacle_41_1.jpg', 'f3217669-5e32-4065-a23d-d44ecf45ff66');
INSERT INTO ImgSpectacle (idImg, img, idSpectacle) VALUES ('da460337-08a2-498c-8555-531caff1887d', 'image_spectacle_41_2.jpg', 'f3217669-5e32-4065-a23d-d44ecf45ff66');
INSERT INTO ImgSpectacle (idImg, img, idSpectacle) VALUES ('a9cdfd92-7c19-4842-951f-fabf2e4f0424', 'image_spectacle_41_3.jpg', 'f3217669-5e32-4065-a23d-d44ecf45ff66');
INSERT INTO Spectacle (idSpectacle, titre, description, urlVideo, horairePrevionnel, idSoiree, idImg) VALUES ('faa8df0b-efa7-4d59-9320-8a3a5f406dd3', 'Spectacle 42', 'Quisquam beatae quis aliquid itaque quis molestiae earum.', 'video_spectacle_42.mp4', '2023-06-16 22:05:32', 24, 'faa8df0b-efa7-4d59-9320-8a3a5f406dd3');
INSERT INTO Artiste (idArtiste, nom, idSpectacle) VALUES ('d85ef8e6-0ba4-473f-a466-892d6aaaf6e6', 'Eileen Trantow', 'faa8df0b-efa7-4d59-9320-8a3a5f406dd3');
INSERT INTO Artiste (idArtiste, nom, idSpectacle) VALUES ('95cdb5af-0202-4362-9aff-009ee5a10485', 'Ms. Danika Stanton', 'faa8df0b-efa7-4d59-9320-8a3a5f406dd3');
INSERT INTO ImgSpectacle (idImg, img, idSpectacle) VALUES ('0a105c5d-ad40-4b5f-bdfb-06309702cb31', 'image_spectacle_42_1.jpg', 'faa8df0b-efa7-4d59-9320-8a3a5f406dd3');
INSERT INTO ImgSpectacle (idImg, img, idSpectacle) VALUES ('7ea38583-a22a-4e46-850e-5840d869477e', 'image_spectacle_42_2.jpg', 'faa8df0b-efa7-4d59-9320-8a3a5f406dd3');
INSERT INTO ImgSpectacle (idImg, img, idSpectacle) VALUES ('a3930c7d-8fdb-468c-af6f-f6b84fcd418a', 'image_spectacle_42_3.jpg', 'faa8df0b-efa7-4d59-9320-8a3a5f406dd3');
INSERT INTO Spectacle (idSpectacle, titre, description, urlVideo, horairePrevionnel, idSoiree, idImg) VALUES ('17b108f7-649d-4ed8-9402-2d2d74f13bcc', 'Spectacle 43', 'Non aperiam quis consequuntur.', 'video_spectacle_43.mp4', '2023-06-23 20:49:55', 7, '17b108f7-649d-4ed8-9402-2d2d74f13bcc');
INSERT INTO Artiste (idArtiste, nom, idSpectacle) VALUES ('2bd285d9-a4ae-41ed-a798-ee4662889dc9', 'Dr. Martine Dooley DDS', '17b108f7-649d-4ed8-9402-2d2d74f13bcc');
INSERT INTO ImgSpectacle (idImg, img, idSpectacle) VALUES ('55524a0a-8cdc-4f47-803d-de53bc42fa16', 'image_spectacle_43_1.jpg', '17b108f7-649d-4ed8-9402-2d2d74f13bcc');
INSERT INTO ImgSpectacle (idImg, img, idSpectacle) VALUES ('5ab3ed8c-f93d-4d80-8c8a-c22704879ace', 'image_spectacle_43_2.jpg', '17b108f7-649d-4ed8-9402-2d2d74f13bcc');
INSERT INTO Spectacle (idSpectacle, titre, description, urlVideo, horairePrevionnel, idSoiree, idImg) VALUES ('8e863c70-5133-43fa-b040-5d2242629a43', 'Spectacle 44', 'In facere nihil repellendus nihil rem fugit.', 'video_spectacle_44.mp4', '2023-07-23 05:36:40', 18, '8e863c70-5133-43fa-b040-5d2242629a43');
INSERT INTO Artiste (idArtiste, nom, idSpectacle) VALUES ('4ebd165c-ac91-40da-a565-ae72034241ec', 'Dr. Alex Collier DDS', '8e863c70-5133-43fa-b040-5d2242629a43');
INSERT INTO ImgSpectacle (idImg, img, idSpectacle) VALUES ('acb3d3a7-f617-40d6-8cc5-7796b25263d2', 'image_spectacle_44_1.jpg', '8e863c70-5133-43fa-b040-5d2242629a43');
INSERT INTO ImgSpectacle (idImg, img, idSpectacle) VALUES ('ff6000da-b946-4f72-a55a-59f3d6e008c1', 'image_spectacle_44_2.jpg', '8e863c70-5133-43fa-b040-5d2242629a43');
INSERT INTO ImgSpectacle (idImg, img, idSpectacle) VALUES ('ba393dbc-827b-4026-84f6-bc825e180886', 'image_spectacle_44_3.jpg', '8e863c70-5133-43fa-b040-5d2242629a43');
INSERT INTO Spectacle (idSpectacle, titre, description, urlVideo, horairePrevionnel, idSoiree, idImg) VALUES ('dcca55f2-0d4a-46f3-8f70-6f0dbadd2953', 'Spectacle 45', 'Tempora ut repudiandae sunt explicabo possimus veritatis.', 'video_spectacle_45.mp4', '2023-04-05 16:04:15', 22, 'dcca55f2-0d4a-46f3-8f70-6f0dbadd2953');
INSERT INTO Artiste (idArtiste, nom, idSpectacle) VALUES ('220f5e52-2b8b-440f-9325-8b0661956475', 'Ms. Edyth Von IV', 'dcca55f2-0d4a-46f3-8f70-6f0dbadd2953');
INSERT INTO ImgSpectacle (idImg, img, idSpectacle) VALUES ('b7f31b91-05c8-4aad-ab0e-b2e571a0a0b4', 'image_spectacle_45_1.jpg', 'dcca55f2-0d4a-46f3-8f70-6f0dbadd2953');
INSERT INTO ImgSpectacle (idImg, img, idSpectacle) VALUES ('b92dc985-aabb-4819-b374-e6bd65a95411', 'image_spectacle_45_2.jpg', 'dcca55f2-0d4a-46f3-8f70-6f0dbadd2953');
INSERT INTO Spectacle (idSpectacle, titre, description, urlVideo, horairePrevionnel, idSoiree, idImg) VALUES ('b25c5c53-af6a-4ff2-9ebe-66528959ad4c', 'Spectacle 46', 'Sunt ut quod repudiandae.', 'video_spectacle_46.mp4', '2023-01-03 02:04:37', 20, 'b25c5c53-af6a-4ff2-9ebe-66528959ad4c');
INSERT INTO Artiste (idArtiste, nom, idSpectacle) VALUES ('6c99d62d-8963-419b-8b0f-7523d7d4ff6e', 'Gerry Marvin', 'b25c5c53-af6a-4ff2-9ebe-66528959ad4c');
INSERT INTO ImgSpectacle (idImg, img, idSpectacle) VALUES ('aa9c3f8c-7217-4b06-9905-a3cbe60196ce', 'image_spectacle_46_1.jpg', 'b25c5c53-af6a-4ff2-9ebe-66528959ad4c');
INSERT INTO ImgSpectacle (idImg, img, idSpectacle) VALUES ('a78fdac1-396a-432e-84a5-510c2906af96', 'image_spectacle_46_2.jpg', 'b25c5c53-af6a-4ff2-9ebe-66528959ad4c');
INSERT INTO ImgSpectacle (idImg, img, idSpectacle) VALUES ('d791f136-2a0c-4bc8-9717-b3bd86b63fb7', 'image_spectacle_46_3.jpg', 'b25c5c53-af6a-4ff2-9ebe-66528959ad4c');
INSERT INTO Spectacle (idSpectacle, titre, description, urlVideo, horairePrevionnel, idSoiree, idImg) VALUES ('67fcf26f-df33-4e1e-9229-d0e1b61a6bdf', 'Spectacle 47', 'Pariatur eius iusto incidunt rerum in vel non.', 'video_spectacle_47.mp4', '2023-03-31 03:07:03', 26, '67fcf26f-df33-4e1e-9229-d0e1b61a6bdf');
INSERT INTO Artiste (idArtiste, nom, idSpectacle) VALUES ('af5d9db4-81e1-492a-9017-53c80a24df94', 'Dr. Kiarra Simonis V', '67fcf26f-df33-4e1e-9229-d0e1b61a6bdf');
INSERT INTO Artiste (idArtiste, nom, idSpectacle) VALUES ('5d18bb4c-47bc-4fd0-aa99-7594a3c868d3', 'Dr. Baron Ratke DDS', '67fcf26f-df33-4e1e-9229-d0e1b61a6bdf');
INSERT INTO Artiste (idArtiste, nom, idSpectacle) VALUES ('aca5f4e8-1a57-4db6-be92-be77453a6b71', 'Matteo Sawayn', '67fcf26f-df33-4e1e-9229-d0e1b61a6bdf');
INSERT INTO ImgSpectacle (idImg, img, idSpectacle) VALUES ('30acb4b3-a57b-40b7-af8c-a3890479c94c', 'image_spectacle_47_1.jpg', '67fcf26f-df33-4e1e-9229-d0e1b61a6bdf');
INSERT INTO Spectacle (idSpectacle, titre, description, urlVideo, horairePrevionnel, idSoiree, idImg) VALUES ('41a7e2fc-9a5a-4c9b-85f8-25e5ebbfeb0d', 'Spectacle 48', 'Eos vero qui ut fuga dolore dolore.', 'video_spectacle_48.mp4', '2023-05-02 06:10:48', 32, '41a7e2fc-9a5a-4c9b-85f8-25e5ebbfeb0d');
INSERT INTO Artiste (idArtiste, nom, idSpectacle) VALUES ('1c0a3f46-81b3-40ab-84e9-b4e0f6ee8420', 'Otilia Eichmann', '41a7e2fc-9a5a-4c9b-85f8-25e5ebbfeb0d');
INSERT INTO Artiste (idArtiste, nom, idSpectacle) VALUES ('bd0c72c6-5c62-47e3-8189-3518b31e6050', 'Rosalinda McDermott', '41a7e2fc-9a5a-4c9b-85f8-25e5ebbfeb0d');
INSERT INTO Artiste (idArtiste, nom, idSpectacle) VALUES ('0ce6cec4-beee-45f8-a9d6-9c557b838707', 'Baylee Grimes DVM', '41a7e2fc-9a5a-4c9b-85f8-25e5ebbfeb0d');
INSERT INTO ImgSpectacle (idImg, img, idSpectacle) VALUES ('d4fe0ef6-1902-4062-ac53-a771ef986288', 'image_spectacle_48_1.jpg', '41a7e2fc-9a5a-4c9b-85f8-25e5ebbfeb0d');
INSERT INTO Spectacle (idSpectacle, titre, description, urlVideo, horairePrevionnel, idSoiree, idImg) VALUES ('9cbe10d0-f98a-46f9-9890-aba26f313ad6', 'Spectacle 49', 'Voluptates repellat omnis provident nesciunt a pariatur est.', 'video_spectacle_49.mp4', '2023-05-28 13:34:51', 20, '9cbe10d0-f98a-46f9-9890-aba26f313ad6');
INSERT INTO Artiste (idArtiste, nom, idSpectacle) VALUES ('acccfa04-2b11-4ce4-8f9b-da66a59491eb', 'Ms. Rosalyn Muller I', '9cbe10d0-f98a-46f9-9890-aba26f313ad6');
INSERT INTO Artiste (idArtiste, nom, idSpectacle) VALUES ('168ff603-af10-430e-b7ab-849b36dd8515', 'Winfield Considine', '9cbe10d0-f98a-46f9-9890-aba26f313ad6');
INSERT INTO ImgSpectacle (idImg, img, idSpectacle) VALUES ('27e4a8f4-c217-4948-8996-29bca551bc59', 'image_spectacle_49_1.jpg', '9cbe10d0-f98a-46f9-9890-aba26f313ad6');
INSERT INTO ImgSpectacle (idImg, img, idSpectacle) VALUES ('f548fd36-13f6-4753-bde9-b616190f34d9', 'image_spectacle_49_2.jpg', '9cbe10d0-f98a-46f9-9890-aba26f313ad6');
INSERT INTO ImgSpectacle (idImg, img, idSpectacle) VALUES ('70b09fb9-b506-47c5-8b08-5964c2e6018e', 'image_spectacle_49_3.jpg', '9cbe10d0-f98a-46f9-9890-aba26f313ad6');
INSERT INTO Spectacle (idSpectacle, titre, description, urlVideo, horairePrevionnel, idSoiree, idImg) VALUES ('bd69ef27-9ce1-4d0b-976a-849afba1eb40', 'Spectacle 50', 'Ut omnis error consectetur pariatur atque.', 'video_spectacle_50.mp4', '2023-10-22 18:08:30', 35, 'bd69ef27-9ce1-4d0b-976a-849afba1eb40');
INSERT INTO Artiste (idArtiste, nom, idSpectacle) VALUES ('39b21e6e-1e62-4b3d-9a54-d1bed635cbe8', 'Miss Leila Marquardt', 'bd69ef27-9ce1-4d0b-976a-849afba1eb40');
INSERT INTO Artiste (idArtiste, nom, idSpectacle) VALUES ('d2e85458-1363-4c68-96a2-3bfbd20ffa7d', 'Braulio Murphy', 'bd69ef27-9ce1-4d0b-976a-849afba1eb40');
INSERT INTO Artiste (idArtiste, nom, idSpectacle) VALUES ('b58e5d19-77b9-47fa-b3f2-4a14cb1f6c04', 'Jean Sporer', 'bd69ef27-9ce1-4d0b-976a-849afba1eb40');
INSERT INTO ImgSpectacle (idImg, img, idSpectacle) VALUES ('7a77faa9-1dcc-4445-9a6d-425875f26708', 'image_spectacle_50_1.jpg', 'bd69ef27-9ce1-4d0b-976a-849afba1eb40');
INSERT INTO Spectacle (idSpectacle, titre, description, urlVideo, horairePrevionnel, idSoiree, idImg) VALUES ('aaa0a3c0-de7a-4a20-b8cd-aa4d862279fc', 'Spectacle 51', 'Tempora corporis quia aperiam excepturi placeat ex debitis.', 'video_spectacle_51.mp4', '2023-06-09 16:03:02', 17, 'aaa0a3c0-de7a-4a20-b8cd-aa4d862279fc');
INSERT INTO Artiste (idArtiste, nom, idSpectacle) VALUES ('4f1413cd-f0db-42d7-8489-cf3d763b5c6c', 'Edythe Treutel', 'aaa0a3c0-de7a-4a20-b8cd-aa4d862279fc');
INSERT INTO ImgSpectacle (idImg, img, idSpectacle) VALUES ('2fabdcf4-df48-463d-83ae-3adbdf8302e5', 'image_spectacle_51_1.jpg', 'aaa0a3c0-de7a-4a20-b8cd-aa4d862279fc');
INSERT INTO Spectacle (idSpectacle, titre, description, urlVideo, horairePrevionnel, idSoiree, idImg) VALUES ('e6f4bef8-67d5-47f0-a39f-fb3688ab9ebe', 'Spectacle 52', 'Atque accusantium qui ea excepturi quae reprehenderit.', 'video_spectacle_52.mp4', '2023-09-27 07:51:24', 5, 'e6f4bef8-67d5-47f0-a39f-fb3688ab9ebe');
INSERT INTO Artiste (idArtiste, nom, idSpectacle) VALUES ('98f6ad12-990b-450e-b99c-791d66ce1f16', 'Miss Norma Crooks', 'e6f4bef8-67d5-47f0-a39f-fb3688ab9ebe');
INSERT INTO ImgSpectacle (idImg, img, idSpectacle) VALUES ('640a0244-01e4-4686-8396-7b28df13875b', 'image_spectacle_52_1.jpg', 'e6f4bef8-67d5-47f0-a39f-fb3688ab9ebe');
INSERT INTO ImgSpectacle (idImg, img, idSpectacle) VALUES ('48e907f7-b91f-47cc-bcab-e97baafc8376', 'image_spectacle_52_2.jpg', 'e6f4bef8-67d5-47f0-a39f-fb3688ab9ebe');
INSERT INTO Spectacle (idSpectacle, titre, description, urlVideo, horairePrevionnel, idSoiree, idImg) VALUES ('dbe253d3-4819-4e7c-9fc0-792051d9a279', 'Spectacle 53', 'Eius corporis sint eos quibusdam consequatur molestiae fuga fugiat.', 'video_spectacle_53.mp4', '2023-06-30 08:19:14', 5, 'dbe253d3-4819-4e7c-9fc0-792051d9a279');
INSERT INTO Artiste (idArtiste, nom, idSpectacle) VALUES ('9b1258f6-29e4-41ed-aec0-39510f9c281d', 'Arely O'Conner', 'dbe253d3-4819-4e7c-9fc0-792051d9a279');
INSERT INTO Artiste (idArtiste, nom, idSpectacle) VALUES ('ae6ee3fd-db23-4f3d-a29b-9e6284aac320', 'Keyon Koss', 'dbe253d3-4819-4e7c-9fc0-792051d9a279');
INSERT INTO Artiste (idArtiste, nom, idSpectacle) VALUES ('5da01987-c499-45a4-8f80-251c4125d6f3', 'Marge Lehner', 'dbe253d3-4819-4e7c-9fc0-792051d9a279');
INSERT INTO ImgSpectacle (idImg, img, idSpectacle) VALUES ('e18860dd-bdd6-4704-98a8-58eacf1c8d13', 'image_spectacle_53_1.jpg', 'dbe253d3-4819-4e7c-9fc0-792051d9a279');
INSERT INTO Spectacle (idSpectacle, titre, description, urlVideo, horairePrevionnel, idSoiree, idImg) VALUES ('c918b7b4-a7e3-464c-bd86-ec2186ae7a83', 'Spectacle 54', 'Vel natus et neque rerum.', 'video_spectacle_54.mp4', '2023-07-13 19:15:53', 15, 'c918b7b4-a7e3-464c-bd86-ec2186ae7a83');
INSERT INTO Artiste (idArtiste, nom, idSpectacle) VALUES ('4f102fa4-fa25-44e7-ae94-3d27b3c30e4e', 'Aleen Effertz', 'c918b7b4-a7e3-464c-bd86-ec2186ae7a83');
INSERT INTO Artiste (idArtiste, nom, idSpectacle) VALUES ('8735c6ce-3e93-4a05-b363-2c9a144c510d', 'Vernice Dibbert III', 'c918b7b4-a7e3-464c-bd86-ec2186ae7a83');
INSERT INTO ImgSpectacle (idImg, img, idSpectacle) VALUES ('8363b877-5323-4cc0-b0c9-64904e149bdc', 'image_spectacle_54_1.jpg', 'c918b7b4-a7e3-464c-bd86-ec2186ae7a83');
INSERT INTO Spectacle (idSpectacle, titre, description, urlVideo, horairePrevionnel, idSoiree, idImg) VALUES ('9f71af4d-de51-4c89-aac2-5e94c017ff3f', 'Spectacle 55', 'Quia expedita quae vel.', 'video_spectacle_55.mp4', '2023-01-13 03:32:13', 26, '9f71af4d-de51-4c89-aac2-5e94c017ff3f');
INSERT INTO Artiste (idArtiste, nom, idSpectacle) VALUES ('740d4c93-e2dd-4d25-8673-43780f70cb01', 'Dr. Alvis McKenzie', '9f71af4d-de51-4c89-aac2-5e94c017ff3f');
INSERT INTO ImgSpectacle (idImg, img, idSpectacle) VALUES ('a3075192-4668-45ab-8716-6c471a0cc740', 'image_spectacle_55_1.jpg', '9f71af4d-de51-4c89-aac2-5e94c017ff3f');
INSERT INTO ImgSpectacle (idImg, img, idSpectacle) VALUES ('aaea4784-ca07-41b3-a757-431f5547b0f2', 'image_spectacle_55_2.jpg', '9f71af4d-de51-4c89-aac2-5e94c017ff3f');
INSERT INTO Spectacle (idSpectacle, titre, description, urlVideo, horairePrevionnel, idSoiree, idImg) VALUES ('4813880c-a111-4924-8e42-4b3cee8a0fff', 'Spectacle 56', 'Quidem optio magnam iusto ratione dolorem minima eos molestiae.', 'video_spectacle_56.mp4', '2023-06-06 21:58:49', 20, '4813880c-a111-4924-8e42-4b3cee8a0fff');
INSERT INTO Artiste (idArtiste, nom, idSpectacle) VALUES ('5c0cad18-0c20-4255-a100-6fd22d7a600e', 'Dr. Darian O'Keefe DVM', '4813880c-a111-4924-8e42-4b3cee8a0fff');
INSERT INTO Artiste (idArtiste, nom, idSpectacle) VALUES ('3877775e-bab0-4052-bb87-e4334101d13d', 'Dale Weimann', '4813880c-a111-4924-8e42-4b3cee8a0fff');
INSERT INTO Artiste (idArtiste, nom, idSpectacle) VALUES ('ffc4dabe-00fa-4c1d-a28d-2565f8469bc5', 'Mrs. Antonetta Mraz PhD', '4813880c-a111-4924-8e42-4b3cee8a0fff');
INSERT INTO ImgSpectacle (idImg, img, idSpectacle) VALUES ('3d8797bc-76a2-4c7d-9e06-f0b3267f3a93', 'image_spectacle_56_1.jpg', '4813880c-a111-4924-8e42-4b3cee8a0fff');
INSERT INTO ImgSpectacle (idImg, img, idSpectacle) VALUES ('b05ec52c-c2f7-4710-8462-db5b84541ce1', 'image_spectacle_56_2.jpg', '4813880c-a111-4924-8e42-4b3cee8a0fff');
INSERT INTO ImgSpectacle (idImg, img, idSpectacle) VALUES ('7fc47dea-f6f8-40e3-aafc-8ec596534d10', 'image_spectacle_56_3.jpg', '4813880c-a111-4924-8e42-4b3cee8a0fff');
INSERT INTO Spectacle (idSpectacle, titre, description, urlVideo, horairePrevionnel, idSoiree, idImg) VALUES ('6827265d-9e3f-4bd1-ae34-4ce31ed35ab3', 'Spectacle 57', 'Sit dicta aut voluptatem aliquid optio.', 'video_spectacle_57.mp4', '2023-08-07 15:18:23', 2, '6827265d-9e3f-4bd1-ae34-4ce31ed35ab3');
INSERT INTO Artiste (idArtiste, nom, idSpectacle) VALUES ('84f67a00-bd4d-4725-bced-abd6038129dc', 'Lamont Gutmann', '6827265d-9e3f-4bd1-ae34-4ce31ed35ab3');
INSERT INTO Artiste (idArtiste, nom, idSpectacle) VALUES ('b1f3fe40-e61a-49ad-b7f4-cb85a5b27e63', 'Ms. Camille Legros Jr.', '6827265d-9e3f-4bd1-ae34-4ce31ed35ab3');
INSERT INTO ImgSpectacle (idImg, img, idSpectacle) VALUES ('40a9a5b4-06d6-4a40-8669-7fa20b3ade79', 'image_spectacle_57_1.jpg', '6827265d-9e3f-4bd1-ae34-4ce31ed35ab3');
INSERT INTO ImgSpectacle (idImg, img, idSpectacle) VALUES ('d2fa76ae-35fd-4566-86d8-6a0b873c2908', 'image_spectacle_57_2.jpg', '6827265d-9e3f-4bd1-ae34-4ce31ed35ab3');
INSERT INTO ImgSpectacle (idImg, img, idSpectacle) VALUES ('082b0e4d-abe1-48b0-a5fc-66a0bbbfcf1d', 'image_spectacle_57_3.jpg', '6827265d-9e3f-4bd1-ae34-4ce31ed35ab3');
INSERT INTO Spectacle (idSpectacle, titre, description, urlVideo, horairePrevionnel, idSoiree, idImg) VALUES ('3f48b393-8c17-49d8-a8c3-d58e99c12a92', 'Spectacle 58', 'Repudiandae fugit suscipit alias et dolores adipisci.', 'video_spectacle_58.mp4', '2023-04-19 02:20:16', 1, '3f48b393-8c17-49d8-a8c3-d58e99c12a92');
INSERT INTO Artiste (idArtiste, nom, idSpectacle) VALUES ('bbb33270-8ea2-4d0f-b672-833376f6f0cf', 'Ursula Treutel', '3f48b393-8c17-49d8-a8c3-d58e99c12a92');
INSERT INTO Artiste (idArtiste, nom, idSpectacle) VALUES ('e08ad608-c5df-47dc-a099-de98b1e0cd77', 'Aric Hessel', '3f48b393-8c17-49d8-a8c3-d58e99c12a92');
INSERT INTO Artiste (idArtiste, nom, idSpectacle) VALUES ('b2c00a97-1bf6-437b-bd43-9643f6d382e7', 'Skyla Daniel', '3f48b393-8c17-49d8-a8c3-d58e99c12a92');
INSERT INTO ImgSpectacle (idImg, img, idSpectacle) VALUES ('d82587d2-8ce5-4893-bbdb-2b39fabd9900', 'image_spectacle_58_1.jpg', '3f48b393-8c17-49d8-a8c3-d58e99c12a92');
INSERT INTO Spectacle (idSpectacle, titre, description, urlVideo, horairePrevionnel, idSoiree, idImg) VALUES ('c19918db-acca-4bdc-980b-3ebf623194f4', 'Spectacle 59', 'Labore porro accusamus aut optio totam.', 'video_spectacle_59.mp4', '2023-10-11 07:06:46', 18, 'c19918db-acca-4bdc-980b-3ebf623194f4');
INSERT INTO Artiste (idArtiste, nom, idSpectacle) VALUES ('f9775cd2-40e1-495b-8464-faf636a6fcda', 'Telly Cremin', 'c19918db-acca-4bdc-980b-3ebf623194f4');
INSERT INTO Artiste (idArtiste, nom, idSpectacle) VALUES ('c586ad42-9e3f-4698-892c-26697bee3aef', 'Gloria Lynch', 'c19918db-acca-4bdc-980b-3ebf623194f4');
INSERT INTO ImgSpectacle (idImg, img, idSpectacle) VALUES ('a6fd2672-e314-414f-b03d-61b48b679e0e', 'image_spectacle_59_1.jpg', 'c19918db-acca-4bdc-980b-3ebf623194f4');
INSERT INTO ImgSpectacle (idImg, img, idSpectacle) VALUES ('02c6166b-6a1e-4b76-aff7-9d60bfd38c8e', 'image_spectacle_59_2.jpg', 'c19918db-acca-4bdc-980b-3ebf623194f4');
INSERT INTO Spectacle (idSpectacle, titre, description, urlVideo, horairePrevionnel, idSoiree, idImg) VALUES ('20227ae7-662f-406d-8d84-cbf050b630bf', 'Spectacle 60', 'Quasi corporis suscipit et error eaque unde ut.', 'video_spectacle_60.mp4', '2023-08-26 05:59:08', 36, '20227ae7-662f-406d-8d84-cbf050b630bf');
INSERT INTO Artiste (idArtiste, nom, idSpectacle) VALUES ('ef0116ea-c8a8-47ad-b9da-c4cc3295f8df', 'Estefania Tremblay', '20227ae7-662f-406d-8d84-cbf050b630bf');
INSERT INTO Artiste (idArtiste, nom, idSpectacle) VALUES ('3c365a59-f38d-4766-a69c-63e44db19b7b', 'Sofia Trantow V', '20227ae7-662f-406d-8d84-cbf050b630bf');
INSERT INTO ImgSpectacle (idImg, img, idSpectacle) VALUES ('a826093b-ca9f-4a68-a7dd-c3fb2238fee4', 'image_spectacle_60_1.jpg', '20227ae7-662f-406d-8d84-cbf050b630bf');
INSERT INTO ImgSpectacle (idImg, img, idSpectacle) VALUES ('dbba2c4e-607e-4f68-9133-0b1929a5c48d', 'image_spectacle_60_2.jpg', '20227ae7-662f-406d-8d84-cbf050b630bf');
INSERT INTO Spectacle (idSpectacle, titre, description, urlVideo, horairePrevionnel, idSoiree, idImg) VALUES ('ebece061-bdb9-424d-8723-876f51ea5766', 'Spectacle 61', 'Occaecati animi nobis commodi sequi nemo.', 'video_spectacle_61.mp4', '2023-05-07 13:53:04', 21, 'ebece061-bdb9-424d-8723-876f51ea5766');
INSERT INTO Artiste (idArtiste, nom, idSpectacle) VALUES ('7708cd6d-8f63-46c7-a0f5-f77bd7a62fe8', 'Dr. Dixie Murphy', 'ebece061-bdb9-424d-8723-876f51ea5766');
INSERT INTO Artiste (idArtiste, nom, idSpectacle) VALUES ('647686ae-74b9-4e30-bd6d-3842f424682e', 'Ms. Earlene Runolfsdottir', 'ebece061-bdb9-424d-8723-876f51ea5766');
INSERT INTO Artiste (idArtiste, nom, idSpectacle) VALUES ('834b8df1-316c-41e6-8e54-a7d04d832c43', 'Sylvia Veum', 'ebece061-bdb9-424d-8723-876f51ea5766');
INSERT INTO ImgSpectacle (idImg, img, idSpectacle) VALUES ('c45367cf-6627-4072-9df6-5da287957f4a', 'image_spectacle_61_1.jpg', 'ebece061-bdb9-424d-8723-876f51ea5766');
INSERT INTO ImgSpectacle (idImg, img, idSpectacle) VALUES ('cd38f062-891b-486c-b11c-6ea1abc4287b', 'image_spectacle_61_2.jpg', 'ebece061-bdb9-424d-8723-876f51ea5766');
INSERT INTO Spectacle (idSpectacle, titre, description, urlVideo, horairePrevionnel, idSoiree, idImg) VALUES ('e8f2a463-8c4d-4527-9f01-7887bccea884', 'Spectacle 62', 'Consequuntur reprehenderit cupiditate cupiditate ex est ipsum est.', 'video_spectacle_62.mp4', '2023-04-11 21:49:21', 24, 'e8f2a463-8c4d-4527-9f01-7887bccea884');
INSERT INTO Artiste (idArtiste, nom, idSpectacle) VALUES ('d265de35-03bf-4d52-a850-89336fd915f5', 'Ova Harber', 'e8f2a463-8c4d-4527-9f01-7887bccea884');
INSERT INTO Artiste (idArtiste, nom, idSpectacle) VALUES ('7a8ef951-1b39-4816-b1ff-b288f923eeed', 'Ms. Stefanie Jakubowski Sr.', 'e8f2a463-8c4d-4527-9f01-7887bccea884');
INSERT INTO Artiste (idArtiste, nom, idSpectacle) VALUES ('63066b8e-137e-4180-8f25-4da4a080f8f4', 'Charlie Rolfson', 'e8f2a463-8c4d-4527-9f01-7887bccea884');
INSERT INTO ImgSpectacle (idImg, img, idSpectacle) VALUES ('6b7fd37e-e10b-485e-8a4f-ba009f6ee91e', 'image_spectacle_62_1.jpg', 'e8f2a463-8c4d-4527-9f01-7887bccea884');
INSERT INTO ImgSpectacle (idImg, img, idSpectacle) VALUES ('256ec654-daa9-4eab-a191-9dff65a41284', 'image_spectacle_62_2.jpg', 'e8f2a463-8c4d-4527-9f01-7887bccea884');
INSERT INTO Spectacle (idSpectacle, titre, description, urlVideo, horairePrevionnel, idSoiree, idImg) VALUES ('dfb39ffd-1f86-40eb-862a-6864f6e0051b', 'Spectacle 63', 'Eos tempora sequi et culpa provident voluptate.', 'video_spectacle_63.mp4', '2023-09-20 03:32:06', 10, 'dfb39ffd-1f86-40eb-862a-6864f6e0051b');
INSERT INTO Artiste (idArtiste, nom, idSpectacle) VALUES ('36ec705e-5e64-486e-8ea3-e42a2e62d299', 'Erik Murray', 'dfb39ffd-1f86-40eb-862a-6864f6e0051b');
INSERT INTO ImgSpectacle (idImg, img, idSpectacle) VALUES ('e3a263d4-cca8-43d8-a3e9-c29d6a6ba004', 'image_spectacle_63_1.jpg', 'dfb39ffd-1f86-40eb-862a-6864f6e0051b');
INSERT INTO ImgSpectacle (idImg, img, idSpectacle) VALUES ('5d13e13a-86e9-42e1-8211-c5fe510b7fb1', 'image_spectacle_63_2.jpg', 'dfb39ffd-1f86-40eb-862a-6864f6e0051b');
INSERT INTO Spectacle (idSpectacle, titre, description, urlVideo, horairePrevionnel, idSoiree, idImg) VALUES ('45bc59ee-4211-44c3-8aa5-d30d01fa1d9a', 'Spectacle 64', 'A corporis est quibusdam accusantium.', 'video_spectacle_64.mp4', '2023-07-29 15:52:16', 27, '45bc59ee-4211-44c3-8aa5-d30d01fa1d9a');
INSERT INTO Artiste (idArtiste, nom, idSpectacle) VALUES ('c1f5b639-5656-4013-9768-db3873cf2c69', 'Mafalda O'Conner', '45bc59ee-4211-44c3-8aa5-d30d01fa1d9a');
INSERT INTO ImgSpectacle (idImg, img, idSpectacle) VALUES ('5c624be5-b526-4d1b-b7fd-aa1226e6413f', 'image_spectacle_64_1.jpg', '45bc59ee-4211-44c3-8aa5-d30d01fa1d9a');
INSERT INTO ImgSpectacle (idImg, img, idSpectacle) VALUES ('dee25cf0-7afc-4758-b967-b92a24614f5b', 'image_spectacle_64_2.jpg', '45bc59ee-4211-44c3-8aa5-d30d01fa1d9a');
INSERT INTO ImgSpectacle (idImg, img, idSpectacle) VALUES ('06d47bec-c3a9-487a-952c-111f601f0090', 'image_spectacle_64_3.jpg', '45bc59ee-4211-44c3-8aa5-d30d01fa1d9a');
INSERT INTO Spectacle (idSpectacle, titre, description, urlVideo, horairePrevionnel, idSoiree, idImg) VALUES ('774cdac6-fb6b-4185-8e32-56903b1aa636', 'Spectacle 65', 'Assumenda asperiores porro est architecto quisquam sint asperiores.', 'video_spectacle_65.mp4', '2023-10-23 14:53:18', 38, '774cdac6-fb6b-4185-8e32-56903b1aa636');
INSERT INTO Artiste (idArtiste, nom, idSpectacle) VALUES ('edf67b3f-6b9a-4909-9564-c2ea02b5c6a3', 'Al Stamm', '774cdac6-fb6b-4185-8e32-56903b1aa636');
INSERT INTO Artiste (idArtiste, nom, idSpectacle) VALUES ('9c2b587e-3d46-41cd-974d-45947df1043f', 'Linnie Krajcik', '774cdac6-fb6b-4185-8e32-56903b1aa636');
INSERT INTO Artiste (idArtiste, nom, idSpectacle) VALUES ('fc7bb691-f692-4e57-9a06-3aca7314547c', 'Mrs. Aliya Collins Jr.', '774cdac6-fb6b-4185-8e32-56903b1aa636');
INSERT INTO ImgSpectacle (idImg, img, idSpectacle) VALUES ('bdb5062b-6801-4639-ac6b-c8a2804ad685', 'image_spectacle_65_1.jpg', '774cdac6-fb6b-4185-8e32-56903b1aa636');
INSERT INTO Spectacle (idSpectacle, titre, description, urlVideo, horairePrevionnel, idSoiree, idImg) VALUES ('f3b21f71-f682-41a0-965f-08b3bbaa15d6', 'Spectacle 66', 'Quae odio fugiat et consequatur esse quis fugiat et.', 'video_spectacle_66.mp4', '2023-06-11 10:47:46', 1, 'f3b21f71-f682-41a0-965f-08b3bbaa15d6');
INSERT INTO Artiste (idArtiste, nom, idSpectacle) VALUES ('3a7feb98-5851-4be0-87b5-907e292d5a74', 'Broderick Effertz', 'f3b21f71-f682-41a0-965f-08b3bbaa15d6');
INSERT INTO Artiste (idArtiste, nom, idSpectacle) VALUES ('94e7e39e-734a-4f4b-bb42-108dcb7548b9', 'Mr. Delbert Larkin', 'f3b21f71-f682-41a0-965f-08b3bbaa15d6');
INSERT INTO Artiste (idArtiste, nom, idSpectacle) VALUES ('05583821-388f-4e64-bf6a-4a578beec870', 'Nils Conroy', 'f3b21f71-f682-41a0-965f-08b3bbaa15d6');
INSERT INTO ImgSpectacle (idImg, img, idSpectacle) VALUES ('10b0b7d8-c8c5-4054-a88d-6806a95b5602', 'image_spectacle_66_1.jpg', 'f3b21f71-f682-41a0-965f-08b3bbaa15d6');
INSERT INTO ImgSpectacle (idImg, img, idSpectacle) VALUES ('8332ec89-ec5b-4ce6-b7c6-d7d16b835990', 'image_spectacle_66_2.jpg', 'f3b21f71-f682-41a0-965f-08b3bbaa15d6');
INSERT INTO Spectacle (idSpectacle, titre, description, urlVideo, horairePrevionnel, idSoiree, idImg) VALUES ('c07de5fd-9f48-43cf-86b7-4656cb44f3a0', 'Spectacle 67', 'Totam debitis ut nihil ut.', 'video_spectacle_67.mp4', '2023-07-07 03:22:31', 1, 'c07de5fd-9f48-43cf-86b7-4656cb44f3a0');
INSERT INTO Artiste (idArtiste, nom, idSpectacle) VALUES ('79f0f1ae-ce04-4e93-b042-2d8a561899f4', 'Brielle Kling', 'c07de5fd-9f48-43cf-86b7-4656cb44f3a0');
INSERT INTO ImgSpectacle (idImg, img, idSpectacle) VALUES ('fcf4f25e-2e0a-4714-b122-bf18c36fccf4', 'image_spectacle_67_1.jpg', 'c07de5fd-9f48-43cf-86b7-4656cb44f3a0');
INSERT INTO ImgSpectacle (idImg, img, idSpectacle) VALUES ('4ee0fd0c-f552-4514-9e68-5541c41b90d1', 'image_spectacle_67_2.jpg', 'c07de5fd-9f48-43cf-86b7-4656cb44f3a0');
INSERT INTO Spectacle (idSpectacle, titre, description, urlVideo, horairePrevionnel, idSoiree, idImg) VALUES ('ca63afb9-3795-49d5-b681-66c920049be0', 'Spectacle 68', 'Nobis doloremque modi praesentium natus sit commodi.', 'video_spectacle_68.mp4', '2023-08-22 22:39:00', 22, 'ca63afb9-3795-49d5-b681-66c920049be0');
INSERT INTO Artiste (idArtiste, nom, idSpectacle) VALUES ('da9e8af1-ab7e-4929-a275-73017d0b466c', 'Chyna Carter', 'ca63afb9-3795-49d5-b681-66c920049be0');
INSERT INTO Artiste (idArtiste, nom, idSpectacle) VALUES ('fe36e024-f33c-4588-a647-49a0faf322de', 'America Breitenberg', 'ca63afb9-3795-49d5-b681-66c920049be0');
INSERT INTO ImgSpectacle (idImg, img, idSpectacle) VALUES ('e8a15568-afc3-405f-ae02-b789baabdba3', 'image_spectacle_68_1.jpg', 'ca63afb9-3795-49d5-b681-66c920049be0');
INSERT INTO ImgSpectacle (idImg, img, idSpectacle) VALUES ('b1a92e09-5b36-4b0a-b495-0fd0527d122c', 'image_spectacle_68_2.jpg', 'ca63afb9-3795-49d5-b681-66c920049be0');
INSERT INTO ImgSpectacle (idImg, img, idSpectacle) VALUES ('ee109644-471e-4e5b-b8c0-3084f3ca5f58', 'image_spectacle_68_3.jpg', 'ca63afb9-3795-49d5-b681-66c920049be0');
INSERT INTO Spectacle (idSpectacle, titre, description, urlVideo, horairePrevionnel, idSoiree, idImg) VALUES ('9bcce153-2cb0-413e-9556-0a4e5a0997d2', 'Spectacle 69', 'Sunt quidem et est natus qui.', 'video_spectacle_69.mp4', '2023-05-05 07:40:25', 11, '9bcce153-2cb0-413e-9556-0a4e5a0997d2');
INSERT INTO Artiste (idArtiste, nom, idSpectacle) VALUES ('0306e2a0-18cd-4c80-a9de-927552f297ce', 'Prof. Ashley Kessler II', '9bcce153-2cb0-413e-9556-0a4e5a0997d2');
INSERT INTO Artiste (idArtiste, nom, idSpectacle) VALUES ('a67020de-1ff4-4b46-a264-e1cd77cbd1a5', 'Cristina Bayer I', '9bcce153-2cb0-413e-9556-0a4e5a0997d2');
INSERT INTO Artiste (idArtiste, nom, idSpectacle) VALUES ('9980e46e-3506-4d05-a08c-5f4626480848', 'Miss Baby Flatley IV', '9bcce153-2cb0-413e-9556-0a4e5a0997d2');
INSERT INTO ImgSpectacle (idImg, img, idSpectacle) VALUES ('0a9b9427-ee34-43b4-b58c-5bdfba80bafb', 'image_spectacle_69_1.jpg', '9bcce153-2cb0-413e-9556-0a4e5a0997d2');
INSERT INTO ImgSpectacle (idImg, img, idSpectacle) VALUES ('4eadf229-0924-4f05-9c70-53fe1221f5b2', 'image_spectacle_69_2.jpg', '9bcce153-2cb0-413e-9556-0a4e5a0997d2');
INSERT INTO Spectacle (idSpectacle, titre, description, urlVideo, horairePrevionnel, idSoiree, idImg) VALUES ('76ee2f5f-ecdf-4d98-8e9d-e8f57f15436b', 'Spectacle 70', 'Recusandae rerum odit rerum.', 'video_spectacle_70.mp4', '2023-10-15 18:14:42', 27, '76ee2f5f-ecdf-4d98-8e9d-e8f57f15436b');
INSERT INTO Artiste (idArtiste, nom, idSpectacle) VALUES ('8bba421c-6b8e-4537-8327-da32145a6057', 'Lizzie Miller', '76ee2f5f-ecdf-4d98-8e9d-e8f57f15436b');
INSERT INTO Artiste (idArtiste, nom, idSpectacle) VALUES ('1378f1ac-089e-4f8e-80bc-8d889bf18f1a', 'Keagan Roob', '76ee2f5f-ecdf-4d98-8e9d-e8f57f15436b');
INSERT INTO ImgSpectacle (idImg, img, idSpectacle) VALUES ('f2bbd777-608f-4829-9dc5-dd6d796dcbfc', 'image_spectacle_70_1.jpg', '76ee2f5f-ecdf-4d98-8e9d-e8f57f15436b');
INSERT INTO ImgSpectacle (idImg, img, idSpectacle) VALUES ('9e7a9be2-ff57-4a2c-9375-64bb0303769c', 'image_spectacle_70_2.jpg', '76ee2f5f-ecdf-4d98-8e9d-e8f57f15436b');
INSERT INTO ImgSpectacle (idImg, img, idSpectacle) VALUES ('bf02cb4d-a233-4d4d-8121-d4497febc39c', 'image_spectacle_70_3.jpg', '76ee2f5f-ecdf-4d98-8e9d-e8f57f15436b');
INSERT INTO Spectacle (idSpectacle, titre, description, urlVideo, horairePrevionnel, idSoiree, idImg) VALUES ('e46d2183-464b-40aa-96b3-5058075755f9', 'Spectacle 71', 'Eos voluptatem est temporibus alias eos.', 'video_spectacle_71.mp4', '2023-04-11 23:19:36', 39, 'e46d2183-464b-40aa-96b3-5058075755f9');
INSERT INTO Artiste (idArtiste, nom, idSpectacle) VALUES ('d4812d4c-a062-4d8e-b5d4-e53d6009bfaf', 'Zaria Boyer', 'e46d2183-464b-40aa-96b3-5058075755f9');
INSERT INTO Artiste (idArtiste, nom, idSpectacle) VALUES ('60991495-8dd7-4085-905a-a402d1d11c4b', 'Miss Hope Kuphal PhD', 'e46d2183-464b-40aa-96b3-5058075755f9');
INSERT INTO Artiste (idArtiste, nom, idSpectacle) VALUES ('7bd48e7f-69c3-4233-b645-78655bfc3fdd', 'Orlo Johnson', 'e46d2183-464b-40aa-96b3-5058075755f9');
INSERT INTO ImgSpectacle (idImg, img, idSpectacle) VALUES ('02df584a-b07d-44b8-a6fe-ff3c9bd2202f', 'image_spectacle_71_1.jpg', 'e46d2183-464b-40aa-96b3-5058075755f9');
INSERT INTO ImgSpectacle (idImg, img, idSpectacle) VALUES ('a4d0e92e-848d-4bd5-93b9-5948542d8eb1', 'image_spectacle_71_2.jpg', 'e46d2183-464b-40aa-96b3-5058075755f9');
INSERT INTO ImgSpectacle (idImg, img, idSpectacle) VALUES ('f45dfa2c-ac58-4a69-9518-1d5a63e60907', 'image_spectacle_71_3.jpg', 'e46d2183-464b-40aa-96b3-5058075755f9');
INSERT INTO Spectacle (idSpectacle, titre, description, urlVideo, horairePrevionnel, idSoiree, idImg) VALUES ('5383f441-0c64-49a4-850c-912dc9d15c0f', 'Spectacle 72', 'Aspernatur voluptas aut incidunt.', 'video_spectacle_72.mp4', '2023-09-17 03:47:11', 6, '5383f441-0c64-49a4-850c-912dc9d15c0f');
INSERT INTO Artiste (idArtiste, nom, idSpectacle) VALUES ('971b334a-03e1-47dc-bee7-e13b5823d2bf', 'Godfrey Ernser', '5383f441-0c64-49a4-850c-912dc9d15c0f');
INSERT INTO ImgSpectacle (idImg, img, idSpectacle) VALUES ('a0a6b453-cf5d-4865-b915-bd70a88d2889', 'image_spectacle_72_1.jpg', '5383f441-0c64-49a4-850c-912dc9d15c0f');
INSERT INTO ImgSpectacle (idImg, img, idSpectacle) VALUES ('1256b6fd-5c30-4b93-97f3-388d840c12a5', 'image_spectacle_72_2.jpg', '5383f441-0c64-49a4-850c-912dc9d15c0f');
INSERT INTO Spectacle (idSpectacle, titre, description, urlVideo, horairePrevionnel, idSoiree, idImg) VALUES ('5aad6aa1-e665-446d-8328-ef6991a5a895', 'Spectacle 73', 'Dolorum voluptates et in distinctio.', 'video_spectacle_73.mp4', '2023-10-22 20:31:50', 22, '5aad6aa1-e665-446d-8328-ef6991a5a895');
INSERT INTO Artiste (idArtiste, nom, idSpectacle) VALUES ('57dd53a1-e311-4d67-bfcb-1c82b5029505', 'Miss Aniya Fisher IV', '5aad6aa1-e665-446d-8328-ef6991a5a895');
INSERT INTO ImgSpectacle (idImg, img, idSpectacle) VALUES ('5b4d3c4a-03cb-48a9-af12-81a49925b4a4', 'image_spectacle_73_1.jpg', '5aad6aa1-e665-446d-8328-ef6991a5a895');
INSERT INTO Spectacle (idSpectacle, titre, description, urlVideo, horairePrevionnel, idSoiree, idImg) VALUES ('33523432-23bb-4ade-9857-67d11ff82ebd', 'Spectacle 74', 'Libero qui doloribus repudiandae maxime voluptatem aliquid.', 'video_spectacle_74.mp4', '2023-04-08 17:58:13', 10, '33523432-23bb-4ade-9857-67d11ff82ebd');
INSERT INTO Artiste (idArtiste, nom, idSpectacle) VALUES ('629b983b-c1d8-4e02-9569-2bbcb6639cdf', 'Ms. Orpha Okuneva', '33523432-23bb-4ade-9857-67d11ff82ebd');
INSERT INTO Artiste (idArtiste, nom, idSpectacle) VALUES ('b2f9d13c-2c0b-4391-81c3-ca44b63a5d3c', 'Ms. Dorothy Herman Sr.', '33523432-23bb-4ade-9857-67d11ff82ebd');
INSERT INTO ImgSpectacle (idImg, img, idSpectacle) VALUES ('7236f7d2-cd5e-48ae-8ac6-fe30c078c421', 'image_spectacle_74_1.jpg', '33523432-23bb-4ade-9857-67d11ff82ebd');
INSERT INTO ImgSpectacle (idImg, img, idSpectacle) VALUES ('2a346411-e5e8-4152-9b86-f81196b345cc', 'image_spectacle_74_2.jpg', '33523432-23bb-4ade-9857-67d11ff82ebd');
INSERT INTO ImgSpectacle (idImg, img, idSpectacle) VALUES ('52316bba-ef19-4aeb-b063-94191ef9e6a8', 'image_spectacle_74_3.jpg', '33523432-23bb-4ade-9857-67d11ff82ebd');
INSERT INTO Spectacle (idSpectacle, titre, description, urlVideo, horairePrevionnel, idSoiree, idImg) VALUES ('f0eb5d1b-dc5b-41dc-9d15-669b5d8ada46', 'Spectacle 75', 'Dolorem ipsum ipsam aperiam natus enim omnis.', 'video_spectacle_75.mp4', '2023-01-03 01:22:31', 35, 'f0eb5d1b-dc5b-41dc-9d15-669b5d8ada46');
INSERT INTO Artiste (idArtiste, nom, idSpectacle) VALUES ('c0e176be-0376-4b20-99d3-c3f5b3bfe5b4', 'Mellie Raynor', 'f0eb5d1b-dc5b-41dc-9d15-669b5d8ada46');
INSERT INTO Artiste (idArtiste, nom, idSpectacle) VALUES ('2b013eee-4e92-4395-97d5-0336dd24ea83', 'Dayna Dickinson', 'f0eb5d1b-dc5b-41dc-9d15-669b5d8ada46');
INSERT INTO ImgSpectacle (idImg, img, idSpectacle) VALUES ('f19701a7-1f28-467d-b037-176008a17e89', 'image_spectacle_75_1.jpg', 'f0eb5d1b-dc5b-41dc-9d15-669b5d8ada46');
INSERT INTO Spectacle (idSpectacle, titre, description, urlVideo, horairePrevionnel, idSoiree, idImg) VALUES ('01fa85a9-a4d6-468e-a37d-cbb855a47c5a', 'Spectacle 76', 'Delectus est odio quae voluptas placeat et.', 'video_spectacle_76.mp4', '2023-05-10 14:18:41', 36, '01fa85a9-a4d6-468e-a37d-cbb855a47c5a');
INSERT INTO Artiste (idArtiste, nom, idSpectacle) VALUES ('ca5ef9c3-e979-485d-bff3-a90a2a2d7bbc', 'Noemi Watsica', '01fa85a9-a4d6-468e-a37d-cbb855a47c5a');
INSERT INTO ImgSpectacle (idImg, img, idSpectacle) VALUES ('a7882bc8-20bb-4855-9147-4a33155a63f9', 'image_spectacle_76_1.jpg', '01fa85a9-a4d6-468e-a37d-cbb855a47c5a');
INSERT INTO ImgSpectacle (idImg, img, idSpectacle) VALUES ('0145fa07-1312-4af3-9858-e50f792231ce', 'image_spectacle_76_2.jpg', '01fa85a9-a4d6-468e-a37d-cbb855a47c5a');
INSERT INTO ImgSpectacle (idImg, img, idSpectacle) VALUES ('704b9dbe-e3e4-40fa-8174-07fa9a90a0d0', 'image_spectacle_76_3.jpg', '01fa85a9-a4d6-468e-a37d-cbb855a47c5a');
INSERT INTO Spectacle (idSpectacle, titre, description, urlVideo, horairePrevionnel, idSoiree, idImg) VALUES ('23258307-a0d4-484f-92b1-a89478454e1e', 'Spectacle 77', 'Optio possimus dicta consequatur accusamus vitae eaque cum ipsa.', 'video_spectacle_77.mp4', '2023-01-28 07:43:41', 32, '23258307-a0d4-484f-92b1-a89478454e1e');
INSERT INTO Artiste (idArtiste, nom, idSpectacle) VALUES ('8189821c-8486-404b-a4ef-0e5f9172ccad', 'Ludie Morissette', '23258307-a0d4-484f-92b1-a89478454e1e');
INSERT INTO ImgSpectacle (idImg, img, idSpectacle) VALUES ('e9c4fdf6-9403-46ca-b11a-bb3a3f060f22', 'image_spectacle_77_1.jpg', '23258307-a0d4-484f-92b1-a89478454e1e');
INSERT INTO Spectacle (idSpectacle, titre, description, urlVideo, horairePrevionnel, idSoiree, idImg) VALUES ('1e50a47d-bdc9-4da3-984e-cec6ba94b0d3', 'Spectacle 78', 'Et ut dolorem hic aut sint.', 'video_spectacle_78.mp4', '2023-09-13 10:10:15', 18, '1e50a47d-bdc9-4da3-984e-cec6ba94b0d3');
INSERT INTO Artiste (idArtiste, nom, idSpectacle) VALUES ('f363d4e7-5ada-44b9-b713-a86000a7082c', 'Gloria Bartell', '1e50a47d-bdc9-4da3-984e-cec6ba94b0d3');
INSERT INTO Artiste (idArtiste, nom, idSpectacle) VALUES ('2777123e-df69-4b2e-8e85-817830bac151', 'Prof. Maxime Daniel Sr.', '1e50a47d-bdc9-4da3-984e-cec6ba94b0d3');
INSERT INTO Artiste (idArtiste, nom, idSpectacle) VALUES ('261a2356-cb06-404c-bf60-6ad59d9eb5ae', 'Allison Walker', '1e50a47d-bdc9-4da3-984e-cec6ba94b0d3');
INSERT INTO ImgSpectacle (idImg, img, idSpectacle) VALUES ('8f544784-e1c7-46df-8073-e059ac89229b', 'image_spectacle_78_1.jpg', '1e50a47d-bdc9-4da3-984e-cec6ba94b0d3');
INSERT INTO ImgSpectacle (idImg, img, idSpectacle) VALUES ('4f68b54b-4721-4166-ad8c-48f1c40e31c0', 'image_spectacle_78_2.jpg', '1e50a47d-bdc9-4da3-984e-cec6ba94b0d3');
INSERT INTO ImgSpectacle (idImg, img, idSpectacle) VALUES ('547f27ed-d412-47b6-9701-50813ae78b56', 'image_spectacle_78_3.jpg', '1e50a47d-bdc9-4da3-984e-cec6ba94b0d3');
INSERT INTO Spectacle (idSpectacle, titre, description, urlVideo, horairePrevionnel, idSoiree, idImg) VALUES ('b3906a4e-dc7b-4552-9ea1-ea3e56e6c713', 'Spectacle 79', 'Dolorum aperiam et voluptatem dolore autem nostrum.', 'video_spectacle_79.mp4', '2023-05-13 21:02:14', 14, 'b3906a4e-dc7b-4552-9ea1-ea3e56e6c713');
INSERT INTO Artiste (idArtiste, nom, idSpectacle) VALUES ('39265d86-c361-4692-84bf-3b6e9c52bcaa', 'Amely Kautzer', 'b3906a4e-dc7b-4552-9ea1-ea3e56e6c713');
INSERT INTO Artiste (idArtiste, nom, idSpectacle) VALUES ('b1f8719e-7cad-4642-8cd7-fb598b4de502', 'Liza Bergstrom', 'b3906a4e-dc7b-4552-9ea1-ea3e56e6c713');
INSERT INTO ImgSpectacle (idImg, img, idSpectacle) VALUES ('70908d2e-7188-4974-b16f-9925b68eed18', 'image_spectacle_79_1.jpg', 'b3906a4e-dc7b-4552-9ea1-ea3e56e6c713');
INSERT INTO Spectacle (idSpectacle, titre, description, urlVideo, horairePrevionnel, idSoiree, idImg) VALUES ('666eed66-5fe0-4fef-abf1-fc29153f4eb0', 'Spectacle 80', 'Aut aut vitae cupiditate non inventore doloremque saepe.', 'video_spectacle_80.mp4', '2023-09-23 08:04:47', 36, '666eed66-5fe0-4fef-abf1-fc29153f4eb0');
INSERT INTO Artiste (idArtiste, nom, idSpectacle) VALUES ('fdb8371b-74db-4389-bf09-17d87133c5cd', 'Ms. Mikayla Ernser IV', '666eed66-5fe0-4fef-abf1-fc29153f4eb0');
INSERT INTO Artiste (idArtiste, nom, idSpectacle) VALUES ('92869a33-84cd-4b4d-9c68-800e30d7afc2', 'Orville Langworth', '666eed66-5fe0-4fef-abf1-fc29153f4eb0');
INSERT INTO Artiste (idArtiste, nom, idSpectacle) VALUES ('cc7823ca-5385-4768-9d21-5102a9b18291', 'Luna Leuschke', '666eed66-5fe0-4fef-abf1-fc29153f4eb0');
INSERT INTO ImgSpectacle (idImg, img, idSpectacle) VALUES ('119b8d33-3f97-4e32-a137-e6b0e498a548', 'image_spectacle_80_1.jpg', '666eed66-5fe0-4fef-abf1-fc29153f4eb0');
INSERT INTO ImgSpectacle (idImg, img, idSpectacle) VALUES ('b0d5141c-58f5-41cd-aea9-82ab678e82d3', 'image_spectacle_80_2.jpg', '666eed66-5fe0-4fef-abf1-fc29153f4eb0');
INSERT INTO ImgSpectacle (idImg, img, idSpectacle) VALUES ('7e330023-048a-48de-9102-e4ae585dfa1c', 'image_spectacle_80_3.jpg', '666eed66-5fe0-4fef-abf1-fc29153f4eb0');
INSERT INTO Spectacle (idSpectacle, titre, description, urlVideo, horairePrevionnel, idSoiree, idImg) VALUES ('43813433-c9ee-499c-a39e-756196361d93', 'Spectacle 81', 'Est eos eum voluptatem nulla.', 'video_spectacle_81.mp4', '2023-03-24 10:24:18', 31, '43813433-c9ee-499c-a39e-756196361d93');
INSERT INTO Artiste (idArtiste, nom, idSpectacle) VALUES ('c8b6f96f-efb3-4893-a0ec-240247d0b6c5', 'Wilmer Kovacek', '43813433-c9ee-499c-a39e-756196361d93');
INSERT INTO Artiste (idArtiste, nom, idSpectacle) VALUES ('75b76b07-6188-4c4c-b1f5-44edadc15066', 'Emmet Okuneva', '43813433-c9ee-499c-a39e-756196361d93');
INSERT INTO Artiste (idArtiste, nom, idSpectacle) VALUES ('b55b6ed0-e53e-4f12-b3dc-4c941b242121', 'Reuben Schowalter', '43813433-c9ee-499c-a39e-756196361d93');
INSERT INTO ImgSpectacle (idImg, img, idSpectacle) VALUES ('ce5d7065-41a9-44c9-9a4e-b9aa69ee9cd2', 'image_spectacle_81_1.jpg', '43813433-c9ee-499c-a39e-756196361d93');
INSERT INTO Spectacle (idSpectacle, titre, description, urlVideo, horairePrevionnel, idSoiree, idImg) VALUES ('5d35e4b5-33fb-40ef-904b-5922694eeb4b', 'Spectacle 82', 'Ut numquam sint adipisci est.', 'video_spectacle_82.mp4', '2023-01-08 13:44:58', 20, '5d35e4b5-33fb-40ef-904b-5922694eeb4b');
INSERT INTO Artiste (idArtiste, nom, idSpectacle) VALUES ('55ecc58e-c274-4c3a-b6da-0b2fadceafa7', 'Mr. Jett Gleason', '5d35e4b5-33fb-40ef-904b-5922694eeb4b');
INSERT INTO Artiste (idArtiste, nom, idSpectacle) VALUES ('47c61dfd-02bf-4e37-bb54-80c9100b0eb4', 'Miss Phyllis Denesik', '5d35e4b5-33fb-40ef-904b-5922694eeb4b');
INSERT INTO Artiste (idArtiste, nom, idSpectacle) VALUES ('fec5162d-b1c3-4d81-9b72-d95f344cf78e', 'Hildegard Hodkiewicz', '5d35e4b5-33fb-40ef-904b-5922694eeb4b');
INSERT INTO ImgSpectacle (idImg, img, idSpectacle) VALUES ('46354024-b36c-45f7-9280-20d695240f34', 'image_spectacle_82_1.jpg', '5d35e4b5-33fb-40ef-904b-5922694eeb4b');
INSERT INTO Spectacle (idSpectacle, titre, description, urlVideo, horairePrevionnel, idSoiree, idImg) VALUES ('34d261a2-35b7-44ba-8516-4e28c098f28d', 'Spectacle 83', 'Alias eum maiores saepe et atque in a autem.', 'video_spectacle_83.mp4', '2023-04-17 14:20:50', 11, '34d261a2-35b7-44ba-8516-4e28c098f28d');
INSERT INTO Artiste (idArtiste, nom, idSpectacle) VALUES ('1df4f6ff-dcf6-4a67-bd8c-eb4d028bc6bf', 'Mrs. Gwendolyn Boyle', '34d261a2-35b7-44ba-8516-4e28c098f28d');
INSERT INTO Artiste (idArtiste, nom, idSpectacle) VALUES ('3a7b05bd-333b-4156-ba61-37f5c35a8d87', 'Aaliyah Torphy', '34d261a2-35b7-44ba-8516-4e28c098f28d');
INSERT INTO ImgSpectacle (idImg, img, idSpectacle) VALUES ('b34fe301-5ab2-44b9-bdef-8ba36fccc362', 'image_spectacle_83_1.jpg', '34d261a2-35b7-44ba-8516-4e28c098f28d');
INSERT INTO ImgSpectacle (idImg, img, idSpectacle) VALUES ('0e2dc28b-49b5-4466-8f2d-38cbeb0324a3', 'image_spectacle_83_2.jpg', '34d261a2-35b7-44ba-8516-4e28c098f28d');
INSERT INTO Spectacle (idSpectacle, titre, description, urlVideo, horairePrevionnel, idSoiree, idImg) VALUES ('344e1284-0d6f-46d1-b5aa-3bdc3a5f9747', 'Spectacle 84', 'Blanditiis occaecati ducimus voluptas voluptas.', 'video_spectacle_84.mp4', '2023-04-22 15:12:00', 37, '344e1284-0d6f-46d1-b5aa-3bdc3a5f9747');
INSERT INTO Artiste (idArtiste, nom, idSpectacle) VALUES ('4d696db2-d00c-4da8-ada5-aba7e532388f', 'Geovanny Zieme', '344e1284-0d6f-46d1-b5aa-3bdc3a5f9747');
INSERT INTO Artiste (idArtiste, nom, idSpectacle) VALUES ('00dd4c0c-bf50-4d6a-8d37-15e9affc2059', 'Jane Littel', '344e1284-0d6f-46d1-b5aa-3bdc3a5f9747');
INSERT INTO Artiste (idArtiste, nom, idSpectacle) VALUES ('9169ae9f-34d6-40e3-950c-cffd1ba61f3a', 'Colby Grady', '344e1284-0d6f-46d1-b5aa-3bdc3a5f9747');
INSERT INTO ImgSpectacle (idImg, img, idSpectacle) VALUES ('66bfc602-91ab-4d98-8159-0dda7bac6043', 'image_spectacle_84_1.jpg', '344e1284-0d6f-46d1-b5aa-3bdc3a5f9747');
INSERT INTO ImgSpectacle (idImg, img, idSpectacle) VALUES ('9d0fb0f4-b90f-49d8-b682-88255ebb6b18', 'image_spectacle_84_2.jpg', '344e1284-0d6f-46d1-b5aa-3bdc3a5f9747');
INSERT INTO Spectacle (idSpectacle, titre, description, urlVideo, horairePrevionnel, idSoiree, idImg) VALUES ('d77e444c-eb26-4bed-a75b-76907cf9a3a5', 'Spectacle 85', 'Veritatis quos aliquam neque.', 'video_spectacle_85.mp4', '2023-06-18 08:38:46', 38, 'd77e444c-eb26-4bed-a75b-76907cf9a3a5');
INSERT INTO Artiste (idArtiste, nom, idSpectacle) VALUES ('77ef8a44-27c5-4cb3-9c43-94c929e71eb3', 'Prof. Christop Sporer Sr.', 'd77e444c-eb26-4bed-a75b-76907cf9a3a5');
INSERT INTO ImgSpectacle (idImg, img, idSpectacle) VALUES ('8ec05192-b7f6-41cd-89ac-4ba0b3365432', 'image_spectacle_85_1.jpg', 'd77e444c-eb26-4bed-a75b-76907cf9a3a5');
INSERT INTO ImgSpectacle (idImg, img, idSpectacle) VALUES ('78ca6dd5-2ac0-4f31-9fa0-0876408e6d69', 'image_spectacle_85_2.jpg', 'd77e444c-eb26-4bed-a75b-76907cf9a3a5');
INSERT INTO ImgSpectacle (idImg, img, idSpectacle) VALUES ('c5ee7c96-fd3e-4df8-a697-603125330c98', 'image_spectacle_85_3.jpg', 'd77e444c-eb26-4bed-a75b-76907cf9a3a5');
INSERT INTO Spectacle (idSpectacle, titre, description, urlVideo, horairePrevionnel, idSoiree, idImg) VALUES ('3c8f1127-e623-4921-89f4-efc9acbc4b1b', 'Spectacle 86', 'Consequatur nisi aut dolor sunt.', 'video_spectacle_86.mp4', '2023-03-26 03:16:54', 26, '3c8f1127-e623-4921-89f4-efc9acbc4b1b');
INSERT INTO Artiste (idArtiste, nom, idSpectacle) VALUES ('a1901691-fab6-46df-8127-32949262d5d7', 'Joy King', '3c8f1127-e623-4921-89f4-efc9acbc4b1b');
INSERT INTO Artiste (idArtiste, nom, idSpectacle) VALUES ('cfb9ce6c-e329-4771-b533-3cb5f84b9874', 'Ernestina Russel', '3c8f1127-e623-4921-89f4-efc9acbc4b1b');
INSERT INTO ImgSpectacle (idImg, img, idSpectacle) VALUES ('75c9b4f3-ecb9-4d33-87db-44f0fafd99b8', 'image_spectacle_86_1.jpg', '3c8f1127-e623-4921-89f4-efc9acbc4b1b');
INSERT INTO ImgSpectacle (idImg, img, idSpectacle) VALUES ('4ad14e3e-47ca-40f1-a986-bf4af854298c', 'image_spectacle_86_2.jpg', '3c8f1127-e623-4921-89f4-efc9acbc4b1b');
INSERT INTO Spectacle (idSpectacle, titre, description, urlVideo, horairePrevionnel, idSoiree, idImg) VALUES ('e37bbde2-2369-465e-8129-52ea32481755', 'Spectacle 87', 'Temporibus quo omnis et quisquam tenetur quia.', 'video_spectacle_87.mp4', '2023-04-11 14:05:51', 32, 'e37bbde2-2369-465e-8129-52ea32481755');
INSERT INTO Artiste (idArtiste, nom, idSpectacle) VALUES ('debdd7bd-ef1b-499b-93ef-068773217379', 'Raina Rohan', 'e37bbde2-2369-465e-8129-52ea32481755');
INSERT INTO ImgSpectacle (idImg, img, idSpectacle) VALUES ('df3e89c5-6ab6-4831-a730-09d86914aa7e', 'image_spectacle_87_1.jpg', 'e37bbde2-2369-465e-8129-52ea32481755');
INSERT INTO ImgSpectacle (idImg, img, idSpectacle) VALUES ('d94199d3-f496-4221-aa43-737bb7e2b30c', 'image_spectacle_87_2.jpg', 'e37bbde2-2369-465e-8129-52ea32481755');
INSERT INTO ImgSpectacle (idImg, img, idSpectacle) VALUES ('05cf635d-eccc-4fb3-afd7-990a34f332cb', 'image_spectacle_87_3.jpg', 'e37bbde2-2369-465e-8129-52ea32481755');
INSERT INTO Spectacle (idSpectacle, titre, description, urlVideo, horairePrevionnel, idSoiree, idImg) VALUES ('e634cdb9-7953-40ea-bfc4-4d0d2a8020a2', 'Spectacle 88', 'Odio quia est nemo sequi assumenda dolor.', 'video_spectacle_88.mp4', '2023-08-07 16:55:00', 8, 'e634cdb9-7953-40ea-bfc4-4d0d2a8020a2');
INSERT INTO Artiste (idArtiste, nom, idSpectacle) VALUES ('622b2728-e27e-40b1-8936-8a92cf57d7c6', 'Sallie Leffler', 'e634cdb9-7953-40ea-bfc4-4d0d2a8020a2');
INSERT INTO ImgSpectacle (idImg, img, idSpectacle) VALUES ('a3b114ec-6108-485e-990f-b741714e66e0', 'image_spectacle_88_1.jpg', 'e634cdb9-7953-40ea-bfc4-4d0d2a8020a2');
INSERT INTO Spectacle (idSpectacle, titre, description, urlVideo, horairePrevionnel, idSoiree, idImg) VALUES ('a547c96b-e1ac-4614-8beb-607455966260', 'Spectacle 89', 'Omnis ut temporibus voluptatibus non incidunt.', 'video_spectacle_89.mp4', '2023-07-14 10:00:15', 2, 'a547c96b-e1ac-4614-8beb-607455966260');
INSERT INTO Artiste (idArtiste, nom, idSpectacle) VALUES ('73233f7f-2300-4fb2-8d78-b99dff465338', 'Hailie Stoltenberg', 'a547c96b-e1ac-4614-8beb-607455966260');
INSERT INTO ImgSpectacle (idImg, img, idSpectacle) VALUES ('9a14f05c-22e4-4994-b72d-8c79c07d5c57', 'image_spectacle_89_1.jpg', 'a547c96b-e1ac-4614-8beb-607455966260');
INSERT INTO ImgSpectacle (idImg, img, idSpectacle) VALUES ('88d32d10-c674-4e15-89a7-b68ea6aa484a', 'image_spectacle_89_2.jpg', 'a547c96b-e1ac-4614-8beb-607455966260');
INSERT INTO Spectacle (idSpectacle, titre, description, urlVideo, horairePrevionnel, idSoiree, idImg) VALUES ('2ff498f3-9a1e-4a6b-8afc-c3450b40ed1c', 'Spectacle 90', 'Non facilis sit expedita quas optio.', 'video_spectacle_90.mp4', '2023-09-17 05:40:04', 6, '2ff498f3-9a1e-4a6b-8afc-c3450b40ed1c');
INSERT INTO Artiste (idArtiste, nom, idSpectacle) VALUES ('a882e18b-7f19-437d-807b-af5ced246f89', 'Mallie Wehner', '2ff498f3-9a1e-4a6b-8afc-c3450b40ed1c');
INSERT INTO ImgSpectacle (idImg, img, idSpectacle) VALUES ('99300419-3e54-4e72-bc69-a169f32fd0a1', 'image_spectacle_90_1.jpg', '2ff498f3-9a1e-4a6b-8afc-c3450b40ed1c');
INSERT INTO ImgSpectacle (idImg, img, idSpectacle) VALUES ('01c071d3-2cfd-48e2-b55a-1b6bfd88def7', 'image_spectacle_90_2.jpg', '2ff498f3-9a1e-4a6b-8afc-c3450b40ed1c');
INSERT INTO ImgSpectacle (idImg, img, idSpectacle) VALUES ('7f1e15d0-7734-4dc1-9857-b0a675bd1e9a', 'image_spectacle_90_3.jpg', '2ff498f3-9a1e-4a6b-8afc-c3450b40ed1c');
INSERT INTO Spectacle (idSpectacle, titre, description, urlVideo, horairePrevionnel, idSoiree, idImg) VALUES ('9bc59330-4e72-47d8-bc87-18734b12ec7b', 'Spectacle 91', 'Est quia assumenda optio id.', 'video_spectacle_91.mp4', '2023-01-02 12:46:44', 16, '9bc59330-4e72-47d8-bc87-18734b12ec7b');
INSERT INTO Artiste (idArtiste, nom, idSpectacle) VALUES ('d96a58a1-3476-47ad-a25e-d63cda94b475', 'Justice Buckridge', '9bc59330-4e72-47d8-bc87-18734b12ec7b');
INSERT INTO ImgSpectacle (idImg, img, idSpectacle) VALUES ('a6789d19-a606-4dcb-9cae-7c09d6be9a3a', 'image_spectacle_91_1.jpg', '9bc59330-4e72-47d8-bc87-18734b12ec7b');
INSERT INTO Spectacle (idSpectacle, titre, description, urlVideo, horairePrevionnel, idSoiree, idImg) VALUES ('96b7f3c2-28c4-4391-83bd-ed4b31924754', 'Spectacle 92', 'Debitis eaque perferendis delectus eum.', 'video_spectacle_92.mp4', '2023-07-23 04:28:11', 35, '96b7f3c2-28c4-4391-83bd-ed4b31924754');
INSERT INTO Artiste (idArtiste, nom, idSpectacle) VALUES ('551e217c-df6f-491a-a796-5ecd2e516d02', 'Delphine Flatley', '96b7f3c2-28c4-4391-83bd-ed4b31924754');
INSERT INTO Artiste (idArtiste, nom, idSpectacle) VALUES ('abe2e094-936f-4902-90b6-99c5fe7b1873', 'Jalen Veum II', '96b7f3c2-28c4-4391-83bd-ed4b31924754');
INSERT INTO Artiste (idArtiste, nom, idSpectacle) VALUES ('11c1ebd7-d456-4fb6-87a1-02bbc7c5d638', 'Ella McLaughlin', '96b7f3c2-28c4-4391-83bd-ed4b31924754');
INSERT INTO ImgSpectacle (idImg, img, idSpectacle) VALUES ('3819af62-b76c-4675-a189-368d16493ed0', 'image_spectacle_92_1.jpg', '96b7f3c2-28c4-4391-83bd-ed4b31924754');
INSERT INTO ImgSpectacle (idImg, img, idSpectacle) VALUES ('14e602d8-6b9b-40b9-bd59-3b1014c51b6e', 'image_spectacle_92_2.jpg', '96b7f3c2-28c4-4391-83bd-ed4b31924754');
INSERT INTO ImgSpectacle (idImg, img, idSpectacle) VALUES ('de8de0f5-a3e0-481c-bcca-cea48e9589fc', 'image_spectacle_92_3.jpg', '96b7f3c2-28c4-4391-83bd-ed4b31924754');
INSERT INTO Spectacle (idSpectacle, titre, description, urlVideo, horairePrevionnel, idSoiree, idImg) VALUES ('70783e23-c69a-464d-8db7-f5313f184af9', 'Spectacle 93', 'Dolores nemo quas ducimus quia sequi eius culpa.', 'video_spectacle_93.mp4', '2023-04-04 03:09:21', 20, '70783e23-c69a-464d-8db7-f5313f184af9');
INSERT INTO Artiste (idArtiste, nom, idSpectacle) VALUES ('8692619c-872d-4e8e-8962-bd76f3092c49', 'Evan Cremin', '70783e23-c69a-464d-8db7-f5313f184af9');
INSERT INTO Artiste (idArtiste, nom, idSpectacle) VALUES ('56b183ae-78d8-4d1c-869f-034ed408398e', 'Mrs. Shana Morar Sr.', '70783e23-c69a-464d-8db7-f5313f184af9');
INSERT INTO Artiste (idArtiste, nom, idSpectacle) VALUES ('95a49594-441b-4b2d-91b3-42f5b3af4501', 'Grayce Mann', '70783e23-c69a-464d-8db7-f5313f184af9');
INSERT INTO ImgSpectacle (idImg, img, idSpectacle) VALUES ('773a4e20-2bf5-4174-9634-66d9d7cf138d', 'image_spectacle_93_1.jpg', '70783e23-c69a-464d-8db7-f5313f184af9');
INSERT INTO ImgSpectacle (idImg, img, idSpectacle) VALUES ('f3dea474-4ce0-4bf4-80c3-33606da3c3fb', 'image_spectacle_93_2.jpg', '70783e23-c69a-464d-8db7-f5313f184af9');
INSERT INTO Spectacle (idSpectacle, titre, description, urlVideo, horairePrevionnel, idSoiree, idImg) VALUES ('df3b75e6-e8ad-4092-94d8-6968186d1802', 'Spectacle 94', 'Corrupti et blanditiis est sapiente quae odio aut.', 'video_spectacle_94.mp4', '2023-05-04 13:11:39', 22, 'df3b75e6-e8ad-4092-94d8-6968186d1802');
INSERT INTO Artiste (idArtiste, nom, idSpectacle) VALUES ('01e24c6a-7564-433e-993d-3db46ffe1b19', 'Jaren Howell I', 'df3b75e6-e8ad-4092-94d8-6968186d1802');
INSERT INTO Artiste (idArtiste, nom, idSpectacle) VALUES ('378d49c6-0424-468b-abc4-001d877088a3', 'Mrs. Talia Hartmann II', 'df3b75e6-e8ad-4092-94d8-6968186d1802');
INSERT INTO Artiste (idArtiste, nom, idSpectacle) VALUES ('d8947996-e461-4e19-9cf1-8c95d7cc3602', 'Dr. Rashad Hettinger Sr.', 'df3b75e6-e8ad-4092-94d8-6968186d1802');
INSERT INTO ImgSpectacle (idImg, img, idSpectacle) VALUES ('7f81ee66-7604-4942-8158-85468cb8601e', 'image_spectacle_94_1.jpg', 'df3b75e6-e8ad-4092-94d8-6968186d1802');
INSERT INTO Spectacle (idSpectacle, titre, description, urlVideo, horairePrevionnel, idSoiree, idImg) VALUES ('a31fc841-118c-4df1-a328-322506597a6e', 'Spectacle 95', 'Illum tempore laborum enim ipsum suscipit aut repudiandae rerum.', 'video_spectacle_95.mp4', '2023-04-22 20:23:57', 13, 'a31fc841-118c-4df1-a328-322506597a6e');
INSERT INTO Artiste (idArtiste, nom, idSpectacle) VALUES ('f4999247-b320-4bed-9122-9d98339d59cf', 'Mariane Anderson', 'a31fc841-118c-4df1-a328-322506597a6e');
INSERT INTO Artiste (idArtiste, nom, idSpectacle) VALUES ('88f08ba7-f9c5-4024-98d9-2de2e3e2aa3b', 'Cristobal Hagenes', 'a31fc841-118c-4df1-a328-322506597a6e');
INSERT INTO ImgSpectacle (idImg, img, idSpectacle) VALUES ('cd6d90f9-466c-4666-8d77-e1409fc2a16e', 'image_spectacle_95_1.jpg', 'a31fc841-118c-4df1-a328-322506597a6e');
INSERT INTO ImgSpectacle (idImg, img, idSpectacle) VALUES ('476db436-ae13-450e-b26e-f77933c5157b', 'image_spectacle_95_2.jpg', 'a31fc841-118c-4df1-a328-322506597a6e');
INSERT INTO Spectacle (idSpectacle, titre, description, urlVideo, horairePrevionnel, idSoiree, idImg) VALUES ('6479004d-e7df-4d60-9981-30efb1d96958', 'Spectacle 96', 'Facilis occaecati dolor odit et laudantium distinctio.', 'video_spectacle_96.mp4', '2023-07-05 17:20:26', 34, '6479004d-e7df-4d60-9981-30efb1d96958');
INSERT INTO Artiste (idArtiste, nom, idSpectacle) VALUES ('809d73e2-bd1a-4a96-93bc-be2d3fcfd696', 'Idella Gaylord', '6479004d-e7df-4d60-9981-30efb1d96958');
INSERT INTO Artiste (idArtiste, nom, idSpectacle) VALUES ('38eb4799-9c45-4e88-8293-a856cf375a05', 'Gerald Dooley', '6479004d-e7df-4d60-9981-30efb1d96958');
INSERT INTO Artiste (idArtiste, nom, idSpectacle) VALUES ('655315cc-be7a-45c1-8083-3f5a0bf49bdd', 'Mafalda Zemlak', '6479004d-e7df-4d60-9981-30efb1d96958');
INSERT INTO ImgSpectacle (idImg, img, idSpectacle) VALUES ('08703672-adf0-4e28-8e1b-691802d07447', 'image_spectacle_96_1.jpg', '6479004d-e7df-4d60-9981-30efb1d96958');
INSERT INTO Spectacle (idSpectacle, titre, description, urlVideo, horairePrevionnel, idSoiree, idImg) VALUES ('7aabfe6f-5985-4c3d-ace5-bfcc834508ba', 'Spectacle 97', 'Alias rem possimus velit nihil quos.', 'video_spectacle_97.mp4', '2023-09-08 09:22:26', 15, '7aabfe6f-5985-4c3d-ace5-bfcc834508ba');
INSERT INTO Artiste (idArtiste, nom, idSpectacle) VALUES ('b805e45e-970b-40ea-acb5-427b0e268dbd', 'Myriam Dibbert', '7aabfe6f-5985-4c3d-ace5-bfcc834508ba');
INSERT INTO ImgSpectacle (idImg, img, idSpectacle) VALUES ('63dad463-e770-4aaf-a003-63c4b19a52b4', 'image_spectacle_97_1.jpg', '7aabfe6f-5985-4c3d-ace5-bfcc834508ba');
INSERT INTO ImgSpectacle (idImg, img, idSpectacle) VALUES ('83803790-868a-4816-ac7b-66de27449692', 'image_spectacle_97_2.jpg', '7aabfe6f-5985-4c3d-ace5-bfcc834508ba');
INSERT INTO ImgSpectacle (idImg, img, idSpectacle) VALUES ('d3db0053-8025-414e-9916-7db4e1c0fd3d', 'image_spectacle_97_3.jpg', '7aabfe6f-5985-4c3d-ace5-bfcc834508ba');
INSERT INTO Spectacle (idSpectacle, titre, description, urlVideo, horairePrevionnel, idSoiree, idImg) VALUES ('b643cd7d-9baa-4534-9f86-10adee2b8a0a', 'Spectacle 98', 'Quaerat accusantium et et in nihil sunt amet.', 'video_spectacle_98.mp4', '2023-03-08 22:29:50', 29, 'b643cd7d-9baa-4534-9f86-10adee2b8a0a');
INSERT INTO Artiste (idArtiste, nom, idSpectacle) VALUES ('cdf46030-f816-4ce7-b7d9-061490bd334e', 'Clare Lockman', 'b643cd7d-9baa-4534-9f86-10adee2b8a0a');
INSERT INTO Artiste (idArtiste, nom, idSpectacle) VALUES ('9ce22553-4c35-4f40-a2c5-e7f86025b5e2', 'Baron Christiansen', 'b643cd7d-9baa-4534-9f86-10adee2b8a0a');
INSERT INTO ImgSpectacle (idImg, img, idSpectacle) VALUES ('3d5785c4-33b9-4d80-8c54-68fd61db0279', 'image_spectacle_98_1.jpg', 'b643cd7d-9baa-4534-9f86-10adee2b8a0a');
INSERT INTO Spectacle (idSpectacle, titre, description, urlVideo, horairePrevionnel, idSoiree, idImg) VALUES ('4c30b7b0-10fb-438f-a519-1ca93a7f67a5', 'Spectacle 99', 'Assumenda tempora id mollitia quae quia sequi rerum accusantium.', 'video_spectacle_99.mp4', '2023-10-25 08:30:57', 34, '4c30b7b0-10fb-438f-a519-1ca93a7f67a5');
INSERT INTO Artiste (idArtiste, nom, idSpectacle) VALUES ('4fc7477f-b4ea-40a0-8819-17e1160c0099', 'Mara Kuhn', '4c30b7b0-10fb-438f-a519-1ca93a7f67a5');
INSERT INTO Artiste (idArtiste, nom, idSpectacle) VALUES ('230d7a61-edfd-4668-8d53-186cdaaaee3d', 'Mr. Royal Cremin', '4c30b7b0-10fb-438f-a519-1ca93a7f67a5');
INSERT INTO Artiste (idArtiste, nom, idSpectacle) VALUES ('af280929-69d3-43b5-810a-58ff15dd9452', 'Alvera McLaughlin', '4c30b7b0-10fb-438f-a519-1ca93a7f67a5');
INSERT INTO ImgSpectacle (idImg, img, idSpectacle) VALUES ('7b063777-c7b2-429d-9ff6-5a2b61463fa1', 'image_spectacle_99_1.jpg', '4c30b7b0-10fb-438f-a519-1ca93a7f67a5');
INSERT INTO ImgSpectacle (idImg, img, idSpectacle) VALUES ('16cb952e-139c-43f6-bc86-af48e98be203', 'image_spectacle_99_2.jpg', '4c30b7b0-10fb-438f-a519-1ca93a7f67a5');
INSERT INTO Spectacle (idSpectacle, titre, description, urlVideo, horairePrevionnel, idSoiree, idImg) VALUES ('a75707ce-5f78-48f5-9c8d-238ad0ab68e5', 'Spectacle 100', 'Numquam harum cumque tenetur et et.', 'video_spectacle_100.mp4', '2023-01-22 21:07:02', 41, 'a75707ce-5f78-48f5-9c8d-238ad0ab68e5');
INSERT INTO Artiste (idArtiste, nom, idSpectacle) VALUES ('5fefd23a-6f04-4a50-b146-dd9874cde3e5', 'Madie Cremin', 'a75707ce-5f78-48f5-9c8d-238ad0ab68e5');
INSERT INTO ImgSpectacle (idImg, img, idSpectacle) VALUES ('7dd85851-ec22-4859-ab11-08856ad555f3', 'image_spectacle_100_1.jpg', 'a75707ce-5f78-48f5-9c8d-238ad0ab68e5');
INSERT INTO ImgSpectacle (idImg, img, idSpectacle) VALUES ('fc0cc8ac-3a4e-4e2a-b144-208c9d8dbc9b', 'image_spectacle_100_2.jpg', 'a75707ce-5f78-48f5-9c8d-238ad0ab68e5');
INSERT INTO Spectacle (idSpectacle, titre, description, urlVideo, horairePrevionnel, idSoiree, idImg) VALUES ('e3dbafd6-d5b0-45a4-9c5d-a2179db9860b', 'Spectacle 101', 'Fuga dicta ut fugiat consequatur.', 'video_spectacle_101.mp4', '2023-10-07 02:59:19', 31, 'e3dbafd6-d5b0-45a4-9c5d-a2179db9860b');
INSERT INTO Artiste (idArtiste, nom, idSpectacle) VALUES ('ecbc4e66-5b9a-42d6-af52-b79eb8b194ac', 'Colten Rice', 'e3dbafd6-d5b0-45a4-9c5d-a2179db9860b');
INSERT INTO Artiste (idArtiste, nom, idSpectacle) VALUES ('8db5d2d1-f862-425b-a9ff-c1a62a6e3589', 'Prof. Brendon O'Keefe', 'e3dbafd6-d5b0-45a4-9c5d-a2179db9860b');
INSERT INTO ImgSpectacle (idImg, img, idSpectacle) VALUES ('ad677e36-fa21-4352-b899-5fb7471c2823', 'image_spectacle_101_1.jpg', 'e3dbafd6-d5b0-45a4-9c5d-a2179db9860b');
INSERT INTO ImgSpectacle (idImg, img, idSpectacle) VALUES ('b9c9e6a4-a5ed-4126-a9d9-73c70556d91b', 'image_spectacle_101_2.jpg', 'e3dbafd6-d5b0-45a4-9c5d-a2179db9860b');
INSERT INTO Spectacle (idSpectacle, titre, description, urlVideo, horairePrevionnel, idSoiree, idImg) VALUES ('4f4b8f2a-6fe6-4e8c-9978-4be0c476e488', 'Spectacle 102', 'Repellat earum et sit sed.', 'video_spectacle_102.mp4', '2023-04-26 17:16:02', 39, '4f4b8f2a-6fe6-4e8c-9978-4be0c476e488');
INSERT INTO Artiste (idArtiste, nom, idSpectacle) VALUES ('39a726f7-e610-437d-912e-8ce9792d2166', 'Shawna Armstrong', '4f4b8f2a-6fe6-4e8c-9978-4be0c476e488');
INSERT INTO ImgSpectacle (idImg, img, idSpectacle) VALUES ('4512fd8f-d6d4-4f94-9900-af47e3554c4c', 'image_spectacle_102_1.jpg', '4f4b8f2a-6fe6-4e8c-9978-4be0c476e488');
INSERT INTO Spectacle (idSpectacle, titre, description, urlVideo, horairePrevionnel, idSoiree, idImg) VALUES ('45b48153-9f3a-4656-a6b3-9f7d4372f3e3', 'Spectacle 103', 'Aspernatur molestiae eligendi velit sunt porro impedit.', 'video_spectacle_103.mp4', '2023-10-05 23:59:06', 28, '45b48153-9f3a-4656-a6b3-9f7d4372f3e3');
INSERT INTO Artiste (idArtiste, nom, idSpectacle) VALUES ('d7f1cff2-4c25-498d-a3a4-4f2cf0b63a53', 'Ms. Anabel Thiel I', '45b48153-9f3a-4656-a6b3-9f7d4372f3e3');
INSERT INTO Artiste (idArtiste, nom, idSpectacle) VALUES ('fabda040-ffe3-40ef-b3fe-c72712885aa6', 'Gregg Padberg', '45b48153-9f3a-4656-a6b3-9f7d4372f3e3');
INSERT INTO Artiste (idArtiste, nom, idSpectacle) VALUES ('c0174462-bc40-4160-b8c7-b2e0fe4a271a', 'Gia Becker', '45b48153-9f3a-4656-a6b3-9f7d4372f3e3');
INSERT INTO ImgSpectacle (idImg, img, idSpectacle) VALUES ('5ada42c6-5d41-45fe-a45b-979ac30c780f', 'image_spectacle_103_1.jpg', '45b48153-9f3a-4656-a6b3-9f7d4372f3e3');
INSERT INTO ImgSpectacle (idImg, img, idSpectacle) VALUES ('99bfa1c1-c8c3-4872-be91-91ee3af0c2ba', 'image_spectacle_103_2.jpg', '45b48153-9f3a-4656-a6b3-9f7d4372f3e3');
INSERT INTO Spectacle (idSpectacle, titre, description, urlVideo, horairePrevionnel, idSoiree, idImg) VALUES ('5f461df5-5f88-4b61-92f4-eb874226f1d3', 'Spectacle 104', 'Vel modi atque deserunt ut ea.', 'video_spectacle_104.mp4', '2023-02-20 21:42:50', 35, '5f461df5-5f88-4b61-92f4-eb874226f1d3');
INSERT INTO Artiste (idArtiste, nom, idSpectacle) VALUES ('def07d48-3845-4c6f-9d62-467c3b3a3504', 'Brendan Leannon', '5f461df5-5f88-4b61-92f4-eb874226f1d3');
INSERT INTO Artiste (idArtiste, nom, idSpectacle) VALUES ('73cf2e66-6b46-4a28-9d91-2dbae3d0b918', 'Sophia Gorczany', '5f461df5-5f88-4b61-92f4-eb874226f1d3');
INSERT INTO ImgSpectacle (idImg, img, idSpectacle) VALUES ('44c0b302-646f-4816-b855-f7f81042ebc0', 'image_spectacle_104_1.jpg', '5f461df5-5f88-4b61-92f4-eb874226f1d3');
INSERT INTO Spectacle (idSpectacle, titre, description, urlVideo, horairePrevionnel, idSoiree, idImg) VALUES ('2ee1892f-7c70-46e1-8264-f811b6272ccf', 'Spectacle 105', 'Fuga sit at minus cupiditate.', 'video_spectacle_105.mp4', '2023-07-28 16:41:10', 24, '2ee1892f-7c70-46e1-8264-f811b6272ccf');
INSERT INTO Artiste (idArtiste, nom, idSpectacle) VALUES ('540e8b60-70ff-476d-b44b-b88057b50545', 'Amari Dibbert', '2ee1892f-7c70-46e1-8264-f811b6272ccf');
INSERT INTO Artiste (idArtiste, nom, idSpectacle) VALUES ('c2fd5fbf-b72f-4f46-8984-4fd864e61d4d', 'Jacinto Sporer', '2ee1892f-7c70-46e1-8264-f811b6272ccf');
INSERT INTO Artiste (idArtiste, nom, idSpectacle) VALUES ('72288294-3f71-4e97-a39e-271d0774dc91', 'Mercedes Windler', '2ee1892f-7c70-46e1-8264-f811b6272ccf');
INSERT INTO ImgSpectacle (idImg, img, idSpectacle) VALUES ('04d531ac-5a22-4c89-b0ea-04056b23b985', 'image_spectacle_105_1.jpg', '2ee1892f-7c70-46e1-8264-f811b6272ccf');
INSERT INTO ImgSpectacle (idImg, img, idSpectacle) VALUES ('70873323-5bde-4f21-9772-90c1983387f9', 'image_spectacle_105_2.jpg', '2ee1892f-7c70-46e1-8264-f811b6272ccf');
INSERT INTO Spectacle (idSpectacle, titre, description, urlVideo, horairePrevionnel, idSoiree, idImg) VALUES ('cc63915b-0964-4626-b5ba-1c90a7a97490', 'Spectacle 106', 'Numquam non voluptatem autem iure.', 'video_spectacle_106.mp4', '2023-05-26 13:22:37', 38, 'cc63915b-0964-4626-b5ba-1c90a7a97490');
INSERT INTO Artiste (idArtiste, nom, idSpectacle) VALUES ('6f3d7e18-8a3d-46fe-9938-af596cdde78a', 'Yazmin Lueilwitz', 'cc63915b-0964-4626-b5ba-1c90a7a97490');
INSERT INTO Artiste (idArtiste, nom, idSpectacle) VALUES ('81bcbed3-5961-4f1f-a43e-4270cd7bdfb5', 'Alexandro Ortiz', 'cc63915b-0964-4626-b5ba-1c90a7a97490');
INSERT INTO Artiste (idArtiste, nom, idSpectacle) VALUES ('a021879d-25d1-41db-b087-f764bf74e165', 'Raleigh Powlowski MD', 'cc63915b-0964-4626-b5ba-1c90a7a97490');
INSERT INTO ImgSpectacle (idImg, img, idSpectacle) VALUES ('a94761fe-b3f4-43c0-ac6f-d7cbd4cb52c6', 'image_spectacle_106_1.jpg', 'cc63915b-0964-4626-b5ba-1c90a7a97490');
INSERT INTO Spectacle (idSpectacle, titre, description, urlVideo, horairePrevionnel, idSoiree, idImg) VALUES ('e43dee4a-996c-44ef-bb00-00446ec0f2fc', 'Spectacle 107', 'Eius eos recusandae nobis aspernatur et corrupti aperiam.', 'video_spectacle_107.mp4', '2023-07-31 01:09:16', 29, 'e43dee4a-996c-44ef-bb00-00446ec0f2fc');
INSERT INTO Artiste (idArtiste, nom, idSpectacle) VALUES ('ce30c06a-75cd-4855-9219-2981dece3e23', 'Harrison Dare', 'e43dee4a-996c-44ef-bb00-00446ec0f2fc');
INSERT INTO Artiste (idArtiste, nom, idSpectacle) VALUES ('dc8019c0-3f6a-4d32-bd9e-42d21f944314', 'Mr. Issac Schinner II', 'e43dee4a-996c-44ef-bb00-00446ec0f2fc');
INSERT INTO Artiste (idArtiste, nom, idSpectacle) VALUES ('2bf0564f-6500-4ff1-8e5f-33a098f89f00', 'Dr. Ladarius Lubowitz', 'e43dee4a-996c-44ef-bb00-00446ec0f2fc');
INSERT INTO ImgSpectacle (idImg, img, idSpectacle) VALUES ('d9323910-5a4e-4e5b-8584-dd602c81e2f2', 'image_spectacle_107_1.jpg', 'e43dee4a-996c-44ef-bb00-00446ec0f2fc');
INSERT INTO Spectacle (idSpectacle, titre, description, urlVideo, horairePrevionnel, idSoiree, idImg) VALUES ('b75fa0f7-b4c9-49ba-9e80-5efacf54369f', 'Spectacle 108', 'Iste nulla animi et est tempore ab est atque.', 'video_spectacle_108.mp4', '2023-08-24 13:50:24', 24, 'b75fa0f7-b4c9-49ba-9e80-5efacf54369f');
INSERT INTO Artiste (idArtiste, nom, idSpectacle) VALUES ('05c8c292-06d0-4010-9ab7-1e91cbced93f', 'Nikolas Batz', 'b75fa0f7-b4c9-49ba-9e80-5efacf54369f');
INSERT INTO Artiste (idArtiste, nom, idSpectacle) VALUES ('e984e15f-846b-44d3-983f-7beca5dc5d9f', 'Kory Lind III', 'b75fa0f7-b4c9-49ba-9e80-5efacf54369f');
INSERT INTO Artiste (idArtiste, nom, idSpectacle) VALUES ('cb7549f0-84e2-42c0-b586-56cbe14b42e8', 'Victoria Langworth', 'b75fa0f7-b4c9-49ba-9e80-5efacf54369f');
INSERT INTO ImgSpectacle (idImg, img, idSpectacle) VALUES ('86d8081e-1697-4c23-b707-db2bb1a5ffa6', 'image_spectacle_108_1.jpg', 'b75fa0f7-b4c9-49ba-9e80-5efacf54369f');
INSERT INTO Spectacle (idSpectacle, titre, description, urlVideo, horairePrevionnel, idSoiree, idImg) VALUES ('70e4bf2a-40d0-4bef-a779-2b09c6cb823b', 'Spectacle 109', 'Ut doloremque sed blanditiis saepe quaerat maxime autem.', 'video_spectacle_109.mp4', '2023-10-15 17:39:00', 35, '70e4bf2a-40d0-4bef-a779-2b09c6cb823b');
INSERT INTO Artiste (idArtiste, nom, idSpectacle) VALUES ('af9fa71d-cd15-4b7e-8606-8595b5fafa2f', 'Dr. Sophia Torphy V', '70e4bf2a-40d0-4bef-a779-2b09c6cb823b');
INSERT INTO ImgSpectacle (idImg, img, idSpectacle) VALUES ('afa577b6-4813-4317-a5ca-81b34bca9b07', 'image_spectacle_109_1.jpg', '70e4bf2a-40d0-4bef-a779-2b09c6cb823b');
INSERT INTO ImgSpectacle (idImg, img, idSpectacle) VALUES ('99dee8f2-7694-4873-83af-b3601c993ecb', 'image_spectacle_109_2.jpg', '70e4bf2a-40d0-4bef-a779-2b09c6cb823b');
INSERT INTO ImgSpectacle (idImg, img, idSpectacle) VALUES ('4036eab0-f2a5-4b62-82ad-ccb57bd335eb', 'image_spectacle_109_3.jpg', '70e4bf2a-40d0-4bef-a779-2b09c6cb823b');
INSERT INTO Spectacle (idSpectacle, titre, description, urlVideo, horairePrevionnel, idSoiree, idImg) VALUES ('713abc76-63e0-4bc0-a08b-1a96c408b20e', 'Spectacle 110', 'Inventore commodi quam sint cupiditate est totam nihil vero.', 'video_spectacle_110.mp4', '2023-09-25 03:59:06', 15, '713abc76-63e0-4bc0-a08b-1a96c408b20e');
INSERT INTO Artiste (idArtiste, nom, idSpectacle) VALUES ('edcbbbb2-b9ce-4f35-93e0-6321432c86b5', 'Magdalena Senger MD', '713abc76-63e0-4bc0-a08b-1a96c408b20e');
INSERT INTO Artiste (idArtiste, nom, idSpectacle) VALUES ('32cd8ff9-128b-4dce-801c-8cd1e4489cdc', 'Miss Cathrine Kunze', '713abc76-63e0-4bc0-a08b-1a96c408b20e');
INSERT INTO Artiste (idArtiste, nom, idSpectacle) VALUES ('62dbbd20-3084-430d-aedf-d4c55e09cbe6', 'Beau Daniel', '713abc76-63e0-4bc0-a08b-1a96c408b20e');
INSERT INTO ImgSpectacle (idImg, img, idSpectacle) VALUES ('84c40a85-663d-407b-9d3d-866e7478abc5', 'image_spectacle_110_1.jpg', '713abc76-63e0-4bc0-a08b-1a96c408b20e');
INSERT INTO ImgSpectacle (idImg, img, idSpectacle) VALUES ('3d2cd514-0d48-4fcf-9d74-ffd18d09fd13', 'image_spectacle_110_2.jpg', '713abc76-63e0-4bc0-a08b-1a96c408b20e');
INSERT INTO ImgSpectacle (idImg, img, idSpectacle) VALUES ('d5a1907c-e5bf-4f30-add7-b1c2cc4fd1f3', 'image_spectacle_110_3.jpg', '713abc76-63e0-4bc0-a08b-1a96c408b20e');
INSERT INTO Spectacle (idSpectacle, titre, description, urlVideo, horairePrevionnel, idSoiree, idImg) VALUES ('f72ad553-4aa6-497a-91c7-fcdd24b438d0', 'Spectacle 111', 'Et iusto culpa eum hic ut.', 'video_spectacle_111.mp4', '2023-02-20 21:27:24', 10, 'f72ad553-4aa6-497a-91c7-fcdd24b438d0');
INSERT INTO Artiste (idArtiste, nom, idSpectacle) VALUES ('04a57950-0e5b-4a9f-9abe-546bf8fbf4fd', 'Mr. Kelvin Bogan', 'f72ad553-4aa6-497a-91c7-fcdd24b438d0');
INSERT INTO Artiste (idArtiste, nom, idSpectacle) VALUES ('a05f8085-185e-4168-8068-116e0602fc73', 'Prof. Jovany Bauch Jr.', 'f72ad553-4aa6-497a-91c7-fcdd24b438d0');
INSERT INTO Artiste (idArtiste, nom, idSpectacle) VALUES ('b2bf9a6b-d3e4-4ba7-a8dd-91bfe314e469', 'Eric Larson I', 'f72ad553-4aa6-497a-91c7-fcdd24b438d0');
INSERT INTO ImgSpectacle (idImg, img, idSpectacle) VALUES ('67f6db06-050a-467c-8f65-ff3a5e93aa35', 'image_spectacle_111_1.jpg', 'f72ad553-4aa6-497a-91c7-fcdd24b438d0');
INSERT INTO Spectacle (idSpectacle, titre, description, urlVideo, horairePrevionnel, idSoiree, idImg) VALUES ('2f410598-63c3-4957-a144-b69733ba7c44', 'Spectacle 112', 'Nesciunt beatae dolore eos sunt magni.', 'video_spectacle_112.mp4', '2023-03-21 21:03:18', 26, '2f410598-63c3-4957-a144-b69733ba7c44');
INSERT INTO Artiste (idArtiste, nom, idSpectacle) VALUES ('03da5a4e-f91d-49a8-a2a2-e497674ba1ec', 'Mr. Ward Barrows I', '2f410598-63c3-4957-a144-b69733ba7c44');
INSERT INTO Artiste (idArtiste, nom, idSpectacle) VALUES ('a411edcc-6dd2-418e-9c9b-a50f4b2cd1ee', 'Levi Keeling', '2f410598-63c3-4957-a144-b69733ba7c44');
INSERT INTO Artiste (idArtiste, nom, idSpectacle) VALUES ('62570cbf-e366-4271-a121-9155b8f107c0', 'Miss Adele Bradtke Sr.', '2f410598-63c3-4957-a144-b69733ba7c44');
INSERT INTO ImgSpectacle (idImg, img, idSpectacle) VALUES ('4dae6a57-ed3b-4493-b0b8-fe0ad695073a', 'image_spectacle_112_1.jpg', '2f410598-63c3-4957-a144-b69733ba7c44');
INSERT INTO Spectacle (idSpectacle, titre, description, urlVideo, horairePrevionnel, idSoiree, idImg) VALUES ('a852bd2d-953b-4dde-acec-0aa0181c6de0', 'Spectacle 113', 'Suscipit voluptatibus tempora fugiat ipsum sint vero.', 'video_spectacle_113.mp4', '2023-02-20 09:34:04', 36, 'a852bd2d-953b-4dde-acec-0aa0181c6de0');
INSERT INTO Artiste (idArtiste, nom, idSpectacle) VALUES ('4cc149ff-2cc6-40fe-b6e8-fa8d61249a0f', 'Mr. Ferne Watsica', 'a852bd2d-953b-4dde-acec-0aa0181c6de0');
INSERT INTO Artiste (idArtiste, nom, idSpectacle) VALUES ('920367dc-8431-4aaa-a922-e9fde17e3f97', 'Dina Boyer', 'a852bd2d-953b-4dde-acec-0aa0181c6de0');
INSERT INTO ImgSpectacle (idImg, img, idSpectacle) VALUES ('b217a359-c83a-41b8-ac8f-fa04d235af3a', 'image_spectacle_113_1.jpg', 'a852bd2d-953b-4dde-acec-0aa0181c6de0');
INSERT INTO ImgSpectacle (idImg, img, idSpectacle) VALUES ('f0f79108-cf0d-4138-bcf0-f07fae926ac4', 'image_spectacle_113_2.jpg', 'a852bd2d-953b-4dde-acec-0aa0181c6de0');
INSERT INTO Spectacle (idSpectacle, titre, description, urlVideo, horairePrevionnel, idSoiree, idImg) VALUES ('1d4bef20-3635-4996-a2ad-334832848d70', 'Spectacle 114', 'Ut dolores corrupti nostrum architecto qui provident repellendus.', 'video_spectacle_114.mp4', '2023-09-25 04:47:06', 39, '1d4bef20-3635-4996-a2ad-334832848d70');
INSERT INTO Artiste (idArtiste, nom, idSpectacle) VALUES ('ece35596-931d-4867-b8b1-656118952b49', 'Lacy Muller', '1d4bef20-3635-4996-a2ad-334832848d70');
INSERT INTO ImgSpectacle (idImg, img, idSpectacle) VALUES ('ce7eeb97-230f-4804-a9c4-b14efc819cd2', 'image_spectacle_114_1.jpg', '1d4bef20-3635-4996-a2ad-334832848d70');
INSERT INTO ImgSpectacle (idImg, img, idSpectacle) VALUES ('c2cb9858-19c3-40a2-8b19-b14d9030a35f', 'image_spectacle_114_2.jpg', '1d4bef20-3635-4996-a2ad-334832848d70');
INSERT INTO ImgSpectacle (idImg, img, idSpectacle) VALUES ('a91f8afb-5e41-44b7-a6bb-db2989fc3adf', 'image_spectacle_114_3.jpg', '1d4bef20-3635-4996-a2ad-334832848d70');
INSERT INTO Spectacle (idSpectacle, titre, description, urlVideo, horairePrevionnel, idSoiree, idImg) VALUES ('68aa680c-b997-4493-87e7-499a8e651331', 'Spectacle 115', 'Qui similique ut et eos esse.', 'video_spectacle_115.mp4', '2023-03-05 04:16:19', 20, '68aa680c-b997-4493-87e7-499a8e651331');
INSERT INTO Artiste (idArtiste, nom, idSpectacle) VALUES ('457419e0-dafe-433e-85e5-335c3a003b02', 'Rocio Willms', '68aa680c-b997-4493-87e7-499a8e651331');
INSERT INTO Artiste (idArtiste, nom, idSpectacle) VALUES ('8210e40a-f570-4f68-a649-a5bee159fe4b', 'Dana Gutmann', '68aa680c-b997-4493-87e7-499a8e651331');
INSERT INTO Artiste (idArtiste, nom, idSpectacle) VALUES ('3822a8ba-dfad-40f2-b2f5-5161e05c35cd', 'Audra Gerhold', '68aa680c-b997-4493-87e7-499a8e651331');
INSERT INTO ImgSpectacle (idImg, img, idSpectacle) VALUES ('03fc5d64-1e55-4dce-99e0-afefbb639964', 'image_spectacle_115_1.jpg', '68aa680c-b997-4493-87e7-499a8e651331');
INSERT INTO ImgSpectacle (idImg, img, idSpectacle) VALUES ('7eaba3c5-8de4-4356-96e3-0ab210940a49', 'image_spectacle_115_2.jpg', '68aa680c-b997-4493-87e7-499a8e651331');
INSERT INTO ImgSpectacle (idImg, img, idSpectacle) VALUES ('4edfc93a-a459-46ae-be4f-6b8a50392702', 'image_spectacle_115_3.jpg', '68aa680c-b997-4493-87e7-499a8e651331');
INSERT INTO Spectacle (idSpectacle, titre, description, urlVideo, horairePrevionnel, idSoiree, idImg) VALUES ('a02deccb-e484-4d65-9f79-62767ddfec5f', 'Spectacle 116', 'Accusamus hic ea sint assumenda veritatis temporibus voluptates voluptas.', 'video_spectacle_116.mp4', '2023-08-18 12:00:04', 39, 'a02deccb-e484-4d65-9f79-62767ddfec5f');
INSERT INTO Artiste (idArtiste, nom, idSpectacle) VALUES ('74b56394-7aa2-46a3-a4bb-f72a77aef070', 'Dortha Wehner', 'a02deccb-e484-4d65-9f79-62767ddfec5f');
INSERT INTO Artiste (idArtiste, nom, idSpectacle) VALUES ('7b67c88a-dec7-48c1-8759-19e435c7000f', 'Dr. Leif Wolff', 'a02deccb-e484-4d65-9f79-62767ddfec5f');
INSERT INTO ImgSpectacle (idImg, img, idSpectacle) VALUES ('cbbf50ef-91d3-4cb6-8c99-10bb83330f15', 'image_spectacle_116_1.jpg', 'a02deccb-e484-4d65-9f79-62767ddfec5f');
INSERT INTO Spectacle (idSpectacle, titre, description, urlVideo, horairePrevionnel, idSoiree, idImg) VALUES ('ada56205-23ec-48eb-80fb-04bd5386d6e0', 'Spectacle 117', 'Enim dolores ut libero sint iure.', 'video_spectacle_117.mp4', '2023-08-09 15:51:41', 3, 'ada56205-23ec-48eb-80fb-04bd5386d6e0');
INSERT INTO Artiste (idArtiste, nom, idSpectacle) VALUES ('34ff0af8-465b-4f7e-a588-d9197eaa20b5', 'Dejon Jacobson', 'ada56205-23ec-48eb-80fb-04bd5386d6e0');
INSERT INTO Artiste (idArtiste, nom, idSpectacle) VALUES ('0938ac50-e586-46ec-886d-2142d0d241d4', 'Dr. Libby Deckow II', 'ada56205-23ec-48eb-80fb-04bd5386d6e0');
INSERT INTO ImgSpectacle (idImg, img, idSpectacle) VALUES ('689a5e07-900e-4931-adf0-92950890e572', 'image_spectacle_117_1.jpg', 'ada56205-23ec-48eb-80fb-04bd5386d6e0');
INSERT INTO ImgSpectacle (idImg, img, idSpectacle) VALUES ('15e168db-a07c-4966-84a6-f12bd42b279d', 'image_spectacle_117_2.jpg', 'ada56205-23ec-48eb-80fb-04bd5386d6e0');
INSERT INTO ImgSpectacle (idImg, img, idSpectacle) VALUES ('49e26c8c-68ca-439a-aa65-ca76e1e6ccbe', 'image_spectacle_117_3.jpg', 'ada56205-23ec-48eb-80fb-04bd5386d6e0');
INSERT INTO Spectacle (idSpectacle, titre, description, urlVideo, horairePrevionnel, idSoiree, idImg) VALUES ('8de6f02b-ebb8-49b7-a030-3b0a53a3925c', 'Spectacle 118', 'Quia tempore debitis veniam dolorem sed voluptas et.', 'video_spectacle_118.mp4', '2023-07-11 09:08:08', 7, '8de6f02b-ebb8-49b7-a030-3b0a53a3925c');
INSERT INTO Artiste (idArtiste, nom, idSpectacle) VALUES ('297efd7f-a54e-467d-b297-af7ab89d09c8', 'Buster Feil', '8de6f02b-ebb8-49b7-a030-3b0a53a3925c');
INSERT INTO Artiste (idArtiste, nom, idSpectacle) VALUES ('c1e91ba9-c5e9-42df-9c99-c33116387226', 'Celine Daugherty II', '8de6f02b-ebb8-49b7-a030-3b0a53a3925c');
INSERT INTO Artiste (idArtiste, nom, idSpectacle) VALUES ('7b6a0213-850e-4364-8945-0548fd6d5e2e', 'Dr. Jayce Crooks', '8de6f02b-ebb8-49b7-a030-3b0a53a3925c');
INSERT INTO ImgSpectacle (idImg, img, idSpectacle) VALUES ('b07b73bd-1633-424c-99d1-08c40bee6bcb', 'image_spectacle_118_1.jpg', '8de6f02b-ebb8-49b7-a030-3b0a53a3925c');
INSERT INTO Spectacle (idSpectacle, titre, description, urlVideo, horairePrevionnel, idSoiree, idImg) VALUES ('0dffdd37-9319-48ea-8d7c-07fba0a3c906', 'Spectacle 119', 'At qui enim laborum ut delectus corrupti.', 'video_spectacle_119.mp4', '2023-09-12 08:55:46', 31, '0dffdd37-9319-48ea-8d7c-07fba0a3c906');
INSERT INTO Artiste (idArtiste, nom, idSpectacle) VALUES ('3e649e4a-ec0a-4d18-96e4-a50d3e573bdc', 'Miss Vivien Kling', '0dffdd37-9319-48ea-8d7c-07fba0a3c906');
INSERT INTO ImgSpectacle (idImg, img, idSpectacle) VALUES ('3ef9aa9a-28e2-42fb-bef4-2ee5eb4a1501', 'image_spectacle_119_1.jpg', '0dffdd37-9319-48ea-8d7c-07fba0a3c906');
INSERT INTO ImgSpectacle (idImg, img, idSpectacle) VALUES ('db1eff0e-af2d-427e-9615-ca398bd2f210', 'image_spectacle_119_2.jpg', '0dffdd37-9319-48ea-8d7c-07fba0a3c906');
INSERT INTO Spectacle (idSpectacle, titre, description, urlVideo, horairePrevionnel, idSoiree, idImg) VALUES ('c3267025-8a72-40cf-98e7-8fb222403008', 'Spectacle 120', 'Neque neque nesciunt minus rerum quas perspiciatis.', 'video_spectacle_120.mp4', '2023-02-15 05:15:13', 19, 'c3267025-8a72-40cf-98e7-8fb222403008');
INSERT INTO Artiste (idArtiste, nom, idSpectacle) VALUES ('820a9c48-f0d9-43b6-8ba5-c92c49e59c37', 'Ms. Sarai Abshire', 'c3267025-8a72-40cf-98e7-8fb222403008');
INSERT INTO ImgSpectacle (idImg, img, idSpectacle) VALUES ('673ef151-f9dc-46d0-968f-ee942145a75c', 'image_spectacle_120_1.jpg', 'c3267025-8a72-40cf-98e7-8fb222403008');
INSERT INTO Spectacle (idSpectacle, titre, description, urlVideo, horairePrevionnel, idSoiree, idImg) VALUES ('c989a32c-b5f4-433f-805c-15e811f1e8ec', 'Spectacle 121', 'Fuga nemo in ut saepe ut.', 'video_spectacle_121.mp4', '2023-07-15 04:58:21', 6, 'c989a32c-b5f4-433f-805c-15e811f1e8ec');
INSERT INTO Artiste (idArtiste, nom, idSpectacle) VALUES ('6233b559-5f86-49bd-8947-9ba292ca5774', 'Tre Halvorson V', 'c989a32c-b5f4-433f-805c-15e811f1e8ec');
INSERT INTO Artiste (idArtiste, nom, idSpectacle) VALUES ('7956ec82-b685-4c16-ba73-11d171e0195f', 'Stacey White PhD', 'c989a32c-b5f4-433f-805c-15e811f1e8ec');
INSERT INTO Artiste (idArtiste, nom, idSpectacle) VALUES ('0fbf4081-8c1f-42fe-96cb-ee2fcc159443', 'Royce Metz', 'c989a32c-b5f4-433f-805c-15e811f1e8ec');
INSERT INTO ImgSpectacle (idImg, img, idSpectacle) VALUES ('b812c43e-cfa0-4f42-8039-75ba1788f0b4', 'image_spectacle_121_1.jpg', 'c989a32c-b5f4-433f-805c-15e811f1e8ec');
INSERT INTO Spectacle (idSpectacle, titre, description, urlVideo, horairePrevionnel, idSoiree, idImg) VALUES ('860e1279-8792-4bd4-802d-abbac8586a7c', 'Spectacle 122', 'Ipsam illo ut optio labore est exercitationem voluptas.', 'video_spectacle_122.mp4', '2023-06-29 01:40:47', 12, '860e1279-8792-4bd4-802d-abbac8586a7c');
INSERT INTO Artiste (idArtiste, nom, idSpectacle) VALUES ('aec770c7-17b3-4872-a2a8-f99f60f22218', 'Osbaldo Orn DVM', '860e1279-8792-4bd4-802d-abbac8586a7c');
INSERT INTO Artiste (idArtiste, nom, idSpectacle) VALUES ('ce16c0d0-4239-4d42-8915-9f898a2d7e75', 'Mr. Triston Mayer', '860e1279-8792-4bd4-802d-abbac8586a7c');
INSERT INTO ImgSpectacle (idImg, img, idSpectacle) VALUES ('cf47547e-46cb-426f-b34b-7e015ad5c28d', 'image_spectacle_122_1.jpg', '860e1279-8792-4bd4-802d-abbac8586a7c');
INSERT INTO ImgSpectacle (idImg, img, idSpectacle) VALUES ('c8db4796-54e2-4b4e-b907-be51c38891da', 'image_spectacle_122_2.jpg', '860e1279-8792-4bd4-802d-abbac8586a7c');
INSERT INTO ImgSpectacle (idImg, img, idSpectacle) VALUES ('3b8710ec-806c-4ed3-9c58-e5bd8e3b9ded', 'image_spectacle_122_3.jpg', '860e1279-8792-4bd4-802d-abbac8586a7c');
INSERT INTO Spectacle (idSpectacle, titre, description, urlVideo, horairePrevionnel, idSoiree, idImg) VALUES ('840acc59-d780-4ff4-8677-2629e59895a7', 'Spectacle 123', 'Est corporis repellat deleniti quia tempora qui quis.', 'video_spectacle_123.mp4', '2023-01-20 22:02:16', 15, '840acc59-d780-4ff4-8677-2629e59895a7');
INSERT INTO Artiste (idArtiste, nom, idSpectacle) VALUES ('274cbdda-a3a9-4f00-8cea-bab79e4d4dee', 'Nicholaus White', '840acc59-d780-4ff4-8677-2629e59895a7');
INSERT INTO ImgSpectacle (idImg, img, idSpectacle) VALUES ('8c6eebec-349f-42b8-aeba-43020fc1d45d', 'image_spectacle_123_1.jpg', '840acc59-d780-4ff4-8677-2629e59895a7');
INSERT INTO ImgSpectacle (idImg, img, idSpectacle) VALUES ('8ad6176a-aa4c-4773-ac64-b16b9277ef42', 'image_spectacle_123_2.jpg', '840acc59-d780-4ff4-8677-2629e59895a7');
INSERT INTO Spectacle (idSpectacle, titre, description, urlVideo, horairePrevionnel, idSoiree, idImg) VALUES ('7aa8ef3d-e499-4d23-8def-1efba285db89', 'Spectacle 124', 'Error velit pariatur quas et praesentium quaerat.', 'video_spectacle_124.mp4', '2023-02-21 18:51:03', 39, '7aa8ef3d-e499-4d23-8def-1efba285db89');
INSERT INTO Artiste (idArtiste, nom, idSpectacle) VALUES ('f0e4d26f-ebe5-4690-bda6-1d32d3bf6ecd', 'Gerard Schroeder II', '7aa8ef3d-e499-4d23-8def-1efba285db89');
INSERT INTO ImgSpectacle (idImg, img, idSpectacle) VALUES ('15163979-3c30-4746-8b62-8f3029352101', 'image_spectacle_124_1.jpg', '7aa8ef3d-e499-4d23-8def-1efba285db89');
INSERT INTO Spectacle (idSpectacle, titre, description, urlVideo, horairePrevionnel, idSoiree, idImg) VALUES ('a480f6bf-217e-4cfb-8c84-7ca816d5a3bc', 'Spectacle 125', 'Ratione harum a quia sed velit ea.', 'video_spectacle_125.mp4', '2023-06-16 10:07:57', 42, 'a480f6bf-217e-4cfb-8c84-7ca816d5a3bc');
INSERT INTO Artiste (idArtiste, nom, idSpectacle) VALUES ('a0b00172-c79a-46b3-8113-26f0e742735b', 'Alexzander Ratke', 'a480f6bf-217e-4cfb-8c84-7ca816d5a3bc');
INSERT INTO Artiste (idArtiste, nom, idSpectacle) VALUES ('caf10e15-e5d5-4fd3-8811-2739c52e8231', 'Prof. Krista Skiles PhD', 'a480f6bf-217e-4cfb-8c84-7ca816d5a3bc');
INSERT INTO Artiste (idArtiste, nom, idSpectacle) VALUES ('8ccabb6b-9362-41c9-bd0f-d9c45e3f86aa', 'Timothy DuBuque', 'a480f6bf-217e-4cfb-8c84-7ca816d5a3bc');
INSERT INTO ImgSpectacle (idImg, img, idSpectacle) VALUES ('a13d00fc-8fde-4af9-ad35-fade051e0709', 'image_spectacle_125_1.jpg', 'a480f6bf-217e-4cfb-8c84-7ca816d5a3bc');
INSERT INTO Spectacle (idSpectacle, titre, description, urlVideo, horairePrevionnel, idSoiree, idImg) VALUES ('b7c55bfa-c33b-4aa6-b9a0-48278991ce18', 'Spectacle 126', 'Animi ut fuga consequatur nihil.', 'video_spectacle_126.mp4', '2023-06-17 04:29:30', 7, 'b7c55bfa-c33b-4aa6-b9a0-48278991ce18');
INSERT INTO Artiste (idArtiste, nom, idSpectacle) VALUES ('afdaead5-bd78-4cf2-8df1-b0c5eaad67ef', 'Abigale Barton', 'b7c55bfa-c33b-4aa6-b9a0-48278991ce18');
INSERT INTO ImgSpectacle (idImg, img, idSpectacle) VALUES ('b3617128-0633-4699-97c6-f3a7d3af35b2', 'image_spectacle_126_1.jpg', 'b7c55bfa-c33b-4aa6-b9a0-48278991ce18');
INSERT INTO ImgSpectacle (idImg, img, idSpectacle) VALUES ('5717142f-135d-4aaf-83ae-27dc1471e201', 'image_spectacle_126_2.jpg', 'b7c55bfa-c33b-4aa6-b9a0-48278991ce18');
INSERT INTO ImgSpectacle (idImg, img, idSpectacle) VALUES ('82951b5f-769f-4afb-b8e7-7ec9218454f2', 'image_spectacle_126_3.jpg', 'b7c55bfa-c33b-4aa6-b9a0-48278991ce18');