INSERT INTO ImgLieu (idImg, img, idLieu) VALUES (1, 'image_lieu_1_1.jpg', 'd50638bf-4323-43bd-8f78-41b861a0cc43');
INSERT INTO Lieu (idLieu, nom, adresse, nbPlacesAssises, nbPlacesDebout, idImg) VALUES ('d50638bf-4323-43bd-8f78-41b861a0cc43', 'Steuber-Smitham', '31516 Feil Valley
Ziemannmouth, NH 25224', 276, 236, 1);
INSERT INTO ImgLieu (idImg, img, idLieu) VALUES (2, 'image_lieu_1_2.jpg', 'd50638bf-4323-43bd-8f78-41b861a0cc43');
INSERT INTO ImgLieu (idImg, img, idLieu) VALUES (3, 'image_lieu_1_3.jpg', 'd50638bf-4323-43bd-8f78-41b861a0cc43');
INSERT INTO Lieu (idLieu, nom, adresse, nbPlacesAssises, nbPlacesDebout, idImg) VALUES ('93cd7af5-7fed-47fd-b17e-9c9862d5f3b9', 'Ernser-Schaden', '7687 Feeney Mountains Apt. 078
Madonnabury, MS 98080-4802', 248, 500, 4);
INSERT INTO ImgLieu (idImg, img, idLieu) VALUES (4, 'image_lieu_2_1.jpg', '93cd7af5-7fed-47fd-b17e-9c9862d5f3b9');
INSERT INTO ImgLieu (idImg, img, idLieu) VALUES (5, 'image_lieu_2_2.jpg', '93cd7af5-7fed-47fd-b17e-9c9862d5f3b9');
INSERT INTO ImgLieu (idImg, img, idLieu) VALUES (6, 'image_lieu_2_3.jpg', '93cd7af5-7fed-47fd-b17e-9c9862d5f3b9');
INSERT INTO Lieu (idLieu, nom, adresse, nbPlacesAssises, nbPlacesDebout, idImg) VALUES ('a6c9284c-a6bd-4fe3-83f9-c85547cdd12c', 'Keeling and Sons', '96184 Lindgren River
Kuhntown, NE 45416-1327', 406, 388, 7);
INSERT INTO ImgLieu (idImg, img, idLieu) VALUES (7, 'image_lieu_3_1.jpg', 'a6c9284c-a6bd-4fe3-83f9-c85547cdd12c');
INSERT INTO ImgLieu (idImg, img, idLieu) VALUES (8, 'image_lieu_3_2.jpg', 'a6c9284c-a6bd-4fe3-83f9-c85547cdd12c');
INSERT INTO ImgLieu (idImg, img, idLieu) VALUES (9, 'image_lieu_3_3.jpg', 'a6c9284c-a6bd-4fe3-83f9-c85547cdd12c');
INSERT INTO Lieu (idLieu, nom, adresse, nbPlacesAssises, nbPlacesDebout, idImg) VALUES ('2a6f9347-52c4-4202-88ab-1e64461da10d', 'Crona-Osinski', '86700 Moen Ridge Suite 724
Alexzandershire, NC 97042-8810', 480, 477, 10);
INSERT INTO ImgLieu (idImg, img, idLieu) VALUES (10, 'image_lieu_4_1.jpg', '2a6f9347-52c4-4202-88ab-1e64461da10d');
INSERT INTO ImgLieu (idImg, img, idLieu) VALUES (11, 'image_lieu_4_2.jpg', '2a6f9347-52c4-4202-88ab-1e64461da10d');
INSERT INTO ImgLieu (idImg, img, idLieu) VALUES (12, 'image_lieu_4_3.jpg', '2a6f9347-52c4-4202-88ab-1e64461da10d');
INSERT INTO Lieu (idLieu, nom, adresse, nbPlacesAssises, nbPlacesDebout, idImg) VALUES ('f9b0d131-259f-46e6-ba47-f7ad176d2fff', 'Kling-D`\\''Amore', '26286 Nolan Overpass Apt. 324
West Carley, CA 52030', 224, 135, 13);
INSERT INTO ImgLieu (idImg, img, idLieu) VALUES (13, 'image_lieu_5_1.jpg', 'f9b0d131-259f-46e6-ba47-f7ad176d2fff');
INSERT INTO ImgLieu (idImg, img, idLieu) VALUES (14, 'image_lieu_5_2.jpg', 'f9b0d131-259f-46e6-ba47-f7ad176d2fff');
INSERT INTO ImgLieu (idImg, img, idLieu) VALUES (15, 'image_lieu_5_3.jpg', 'f9b0d131-259f-46e6-ba47-f7ad176d2fff');
INSERT INTO Soiree (idSoiree, nom, theme, date, horaireDebut, tarifNormal, tarifReduit, idLieu) VALUES ('7cf311fa-d440-4999-9327-ace41a390c9b', 'Soirée 1', 'quas', '1971-06-13', '12:15:20', 46.89, 5.96, 'a6c9284c-a6bd-4fe3-83f9-c85547cdd12c');
INSERT INTO Soiree (idSoiree, nom, theme, date, horaireDebut, tarifNormal, tarifReduit, idLieu) VALUES ('d72af373-dd2a-4437-a1c3-37f09d8707df', 'Soirée 2', 'error', '1980-09-15', '12:21:36', 83.09, 38.38, 'a6c9284c-a6bd-4fe3-83f9-c85547cdd12c');
INSERT INTO Soiree (idSoiree, nom, theme, date, horaireDebut, tarifNormal, tarifReduit, idLieu) VALUES ('99997e8a-920f-4b36-ac18-9985795e45be', 'Soirée 3', 'provident', '1998-11-11', '17:38:33', 31.69, 24.73, 'a6c9284c-a6bd-4fe3-83f9-c85547cdd12c');
INSERT INTO Soiree (idSoiree, nom, theme, date, horaireDebut, tarifNormal, tarifReduit, idLieu) VALUES ('b385adc1-8628-4a86-a150-157beda6e07d', 'Soirée 4', 'libero', '1977-02-07', '11:11:17', 33.87, 10.1, '2a6f9347-52c4-4202-88ab-1e64461da10d');
INSERT INTO Soiree (idSoiree, nom, theme, date, horaireDebut, tarifNormal, tarifReduit, idLieu) VALUES ('e0355888-e75f-4381-a000-daa2ceab85a1', 'Soirée 5', 'qui', '2012-09-11', '09:07:16', 67.69, 9.17, 'd50638bf-4323-43bd-8f78-41b861a0cc43');
INSERT INTO Soiree (idSoiree, nom, theme, date, horaireDebut, tarifNormal, tarifReduit, idLieu) VALUES ('d7488b44-a923-4b89-bd48-07a08fd50c43', 'Soirée 6', 'qui', '1998-01-20', '20:13:54', 51.56, 27.92, '2a6f9347-52c4-4202-88ab-1e64461da10d');
INSERT INTO Soiree (idSoiree, nom, theme, date, horaireDebut, tarifNormal, tarifReduit, idLieu) VALUES ('a2b56f9f-3d8f-4498-ab9a-d7b80b831790', 'Soirée 7', 'est', '1990-08-15', '14:01:15', 91.1, 9.13, '93cd7af5-7fed-47fd-b17e-9c9862d5f3b9');
INSERT INTO Soiree (idSoiree, nom, theme, date, horaireDebut, tarifNormal, tarifReduit, idLieu) VALUES ('a84ecba6-3886-40c0-a6e1-1f0a46c6048a', 'Soirée 8', 'ullam', '1977-02-25', '13:39:38', 28.26, 27.9, 'f9b0d131-259f-46e6-ba47-f7ad176d2fff');
INSERT INTO Soiree (idSoiree, nom, theme, date, horaireDebut, tarifNormal, tarifReduit, idLieu) VALUES ('8787f2cf-8950-4426-9d6b-bf82ddb1e7ae', 'Soirée 9', 'quo', '1989-01-25', '08:59:08', 25.61, 45.98, '93cd7af5-7fed-47fd-b17e-9c9862d5f3b9');
INSERT INTO Soiree (idSoiree, nom, theme, date, horaireDebut, tarifNormal, tarifReduit, idLieu) VALUES ('03b787f4-790c-4b52-9c44-faeaeffad3dc', 'Soirée 10', 'quasi', '2017-09-14', '00:45:00', 63.84, 18.27, '93cd7af5-7fed-47fd-b17e-9c9862d5f3b9');
INSERT INTO Soiree (idSoiree, nom, theme, date, horaireDebut, tarifNormal, tarifReduit, idLieu) VALUES ('b623040a-d89c-4f9d-8f7c-4e9ed4af52c2', 'Soirée 11', 'occaecati', '2020-03-16', '02:46:02', 87.57, 40.21, 'd50638bf-4323-43bd-8f78-41b861a0cc43');
INSERT INTO Soiree (idSoiree, nom, theme, date, horaireDebut, tarifNormal, tarifReduit, idLieu) VALUES ('9efa5458-c92b-4a10-befd-9278e3c29b43', 'Soirée 12', 'vel', '2009-07-16', '18:43:58', 91.97, 11.77, 'd50638bf-4323-43bd-8f78-41b861a0cc43');
INSERT INTO Soiree (idSoiree, nom, theme, date, horaireDebut, tarifNormal, tarifReduit, idLieu) VALUES ('649b0910-e043-4d24-830d-829760abab74', 'Soirée 13', 'ducimus', '1984-03-26', '20:42:24', 89.56, 40.81, 'd50638bf-4323-43bd-8f78-41b861a0cc43');
INSERT INTO Soiree (idSoiree, nom, theme, date, horaireDebut, tarifNormal, tarifReduit, idLieu) VALUES ('e9f3fc2e-8eef-454e-839f-11dfaeda71f5', 'Soirée 14', 'dolorum', '1999-04-17', '18:54:42', 85.91, 45.8, 'f9b0d131-259f-46e6-ba47-f7ad176d2fff');
INSERT INTO Soiree (idSoiree, nom, theme, date, horaireDebut, tarifNormal, tarifReduit, idLieu) VALUES ('7f089fc1-ed85-4ba4-bb96-9f0804a6ccf9', 'Soirée 15', 'non', '2018-05-11', '22:47:15', 38.65, 29.22, 'f9b0d131-259f-46e6-ba47-f7ad176d2fff');
INSERT INTO Soiree (idSoiree, nom, theme, date, horaireDebut, tarifNormal, tarifReduit, idLieu) VALUES ('5af44055-3dbb-46b3-bc12-6ee61072a98e', 'Soirée 16', 'alias', '1987-12-18', '16:06:23', 97.11, 49.14, 'f9b0d131-259f-46e6-ba47-f7ad176d2fff');
INSERT INTO Soiree (idSoiree, nom, theme, date, horaireDebut, tarifNormal, tarifReduit, idLieu) VALUES ('5b30e6da-6d77-41db-8318-a0700542a07c', 'Soirée 17', 'dicta', '1983-01-14', '07:04:41', 71.72, 43.22, '2a6f9347-52c4-4202-88ab-1e64461da10d');
INSERT INTO Soiree (idSoiree, nom, theme, date, horaireDebut, tarifNormal, tarifReduit, idLieu) VALUES ('3611c85a-9bbe-42e5-98cf-3bb21dfd5893', 'Soirée 18', 'et', '1970-08-19', '05:55:07', 45.4, 16.72, '2a6f9347-52c4-4202-88ab-1e64461da10d');
INSERT INTO Soiree (idSoiree, nom, theme, date, horaireDebut, tarifNormal, tarifReduit, idLieu) VALUES ('c39754a1-2db4-49bf-a776-148add5b90dd', 'Soirée 19', 'necessitatibus', '2005-03-18', '06:33:51', 97.24, 44.14, 'f9b0d131-259f-46e6-ba47-f7ad176d2fff');
INSERT INTO Soiree (idSoiree, nom, theme, date, horaireDebut, tarifNormal, tarifReduit, idLieu) VALUES ('0d266ab0-e3eb-4284-a46c-f2d0455e3a09', 'Soirée 20', 'laborum', '1983-10-24', '18:14:40', 96.19, 47.52, '2a6f9347-52c4-4202-88ab-1e64461da10d');
INSERT INTO Soiree (idSoiree, nom, theme, date, horaireDebut, tarifNormal, tarifReduit, idLieu) VALUES ('87e77420-dc59-442d-8af5-68f75aa3267a', 'Soirée 21', 'ea', '1971-09-07', '20:49:44', 37.27, 28.21, 'd50638bf-4323-43bd-8f78-41b861a0cc43');
INSERT INTO Soiree (idSoiree, nom, theme, date, horaireDebut, tarifNormal, tarifReduit, idLieu) VALUES ('0f11fe44-14af-421c-973a-6568e1a138cd', 'Soirée 22', 'eos', '1984-05-30', '02:48:11', 51.34, 23.6, 'f9b0d131-259f-46e6-ba47-f7ad176d2fff');
INSERT INTO Soiree (idSoiree, nom, theme, date, horaireDebut, tarifNormal, tarifReduit, idLieu) VALUES ('f59094d0-d26c-478c-a784-9e505e3146ba', 'Soirée 23', 'quas', '1998-04-12', '00:00:00', 96.75, 24.15, 'a6c9284c-a6bd-4fe3-83f9-c85547cdd12c');
INSERT INTO Soiree (idSoiree, nom, theme, date, horaireDebut, tarifNormal, tarifReduit, idLieu) VALUES ('0f2be079-bde1-46ed-9422-7c3fc61c0720', 'Soirée 24', 'nemo', '1982-09-29', '00:20:48', 46.01, 33.48, '93cd7af5-7fed-47fd-b17e-9c9862d5f3b9');
INSERT INTO Soiree (idSoiree, nom, theme, date, horaireDebut, tarifNormal, tarifReduit, idLieu) VALUES ('08fe1530-7e6a-432b-85dd-19640f598111', 'Soirée 25', 'repudiandae', '1985-11-13', '21:34:33', 33.07, 33.39, 'd50638bf-4323-43bd-8f78-41b861a0cc43');
INSERT INTO Soiree (idSoiree, nom, theme, date, horaireDebut, tarifNormal, tarifReduit, idLieu) VALUES ('27917d37-1a70-4e94-9ebe-d022797f82ed', 'Soirée 26', 'beatae', '1996-10-12', '19:41:13', 41.24, 16.98, 'f9b0d131-259f-46e6-ba47-f7ad176d2fff');
INSERT INTO Soiree (idSoiree, nom, theme, date, horaireDebut, tarifNormal, tarifReduit, idLieu) VALUES ('98493331-b8c5-4bdf-9f72-7fe7689189b9', 'Soirée 27', 'minus', '2004-10-09', '00:20:30', 33.71, 29.58, '93cd7af5-7fed-47fd-b17e-9c9862d5f3b9');
INSERT INTO Soiree (idSoiree, nom, theme, date, horaireDebut, tarifNormal, tarifReduit, idLieu) VALUES ('3bbef0b6-c581-4c39-a4ce-035c68e93b51', 'Soirée 28', 'quis', '1983-10-10', '02:20:19', 88.87, 32.98, '93cd7af5-7fed-47fd-b17e-9c9862d5f3b9');
INSERT INTO Soiree (idSoiree, nom, theme, date, horaireDebut, tarifNormal, tarifReduit, idLieu) VALUES ('aecaa7bf-cbf0-4b0e-a2b3-860e9dbe6327', 'Soirée 29', 'maiores', '1995-11-14', '10:34:05', 49, 27.26, 'f9b0d131-259f-46e6-ba47-f7ad176d2fff');
INSERT INTO Soiree (idSoiree, nom, theme, date, horaireDebut, tarifNormal, tarifReduit, idLieu) VALUES ('6bc9cced-1222-4bda-a87d-d678c27aeb59', 'Soirée 30', 'rem', '2013-04-27', '19:30:36', 15.23, 25.15, '2a6f9347-52c4-4202-88ab-1e64461da10d');
INSERT INTO Soiree (idSoiree, nom, theme, date, horaireDebut, tarifNormal, tarifReduit, idLieu) VALUES ('d7bd7979-66c6-4aa7-a0ac-0cb9c4632608', 'Soirée 31', 'praesentium', '2009-04-17', '16:20:49', 73.15, 47.72, 'f9b0d131-259f-46e6-ba47-f7ad176d2fff');
INSERT INTO Soiree (idSoiree, nom, theme, date, horaireDebut, tarifNormal, tarifReduit, idLieu) VALUES ('a9376b1c-3f0f-460c-97f7-694fd835a99b', 'Soirée 32', 'ea', '1988-10-08', '02:10:43', 63.27, 40.57, 'a6c9284c-a6bd-4fe3-83f9-c85547cdd12c');
INSERT INTO Soiree (idSoiree, nom, theme, date, horaireDebut, tarifNormal, tarifReduit, idLieu) VALUES ('4dbb91e4-89cd-4fed-89ae-81f57aea2c6e', 'Soirée 33', 'perspiciatis', '1980-05-19', '01:29:39', 59.62, 43.23, '2a6f9347-52c4-4202-88ab-1e64461da10d');
INSERT INTO Soiree (idSoiree, nom, theme, date, horaireDebut, tarifNormal, tarifReduit, idLieu) VALUES ('86f65267-646b-427b-8981-e6adf94dd654', 'Soirée 34', 'tempora', '2001-08-14', '18:10:18', 37.44, 33.9, 'a6c9284c-a6bd-4fe3-83f9-c85547cdd12c');
INSERT INTO Soiree (idSoiree, nom, theme, date, horaireDebut, tarifNormal, tarifReduit, idLieu) VALUES ('a04e0195-461a-43d4-becc-80550d841ce9', 'Soirée 35', 'et', '1978-10-31', '20:56:32', 36.47, 6.35, 'a6c9284c-a6bd-4fe3-83f9-c85547cdd12c');
INSERT INTO Soiree (idSoiree, nom, theme, date, horaireDebut, tarifNormal, tarifReduit, idLieu) VALUES ('d5b56bb1-293d-4a3c-93f6-4133a95fa399', 'Soirée 36', 'sint', '1974-09-19', '07:32:09', 89.08, 27.13, '2a6f9347-52c4-4202-88ab-1e64461da10d');
INSERT INTO Soiree (idSoiree, nom, theme, date, horaireDebut, tarifNormal, tarifReduit, idLieu) VALUES ('281fd89d-42e1-4b57-b397-5711f8305132', 'Soirée 37', 'doloremque', '2004-12-11', '09:18:49', 30.06, 32.93, '93cd7af5-7fed-47fd-b17e-9c9862d5f3b9');
INSERT INTO Soiree (idSoiree, nom, theme, date, horaireDebut, tarifNormal, tarifReduit, idLieu) VALUES ('e6d442d0-a1c6-49b6-a25d-f71eab56a3a9', 'Soirée 38', 'quis', '1982-11-19', '08:29:41', 79.52, 31.51, 'f9b0d131-259f-46e6-ba47-f7ad176d2fff');
INSERT INTO Soiree (idSoiree, nom, theme, date, horaireDebut, tarifNormal, tarifReduit, idLieu) VALUES ('bcfb32ab-b10c-4d2d-a892-093833260d37', 'Soirée 39', 'libero', '2002-03-30', '20:25:05', 18.8, 36.58, 'a6c9284c-a6bd-4fe3-83f9-c85547cdd12c');
INSERT INTO Soiree (idSoiree, nom, theme, date, horaireDebut, tarifNormal, tarifReduit, idLieu) VALUES ('e42e03a2-325f-458f-aeb9-552b821765b7', 'Soirée 40', 'ut', '1975-04-09', '11:27:15', 35.89, 31.39, '93cd7af5-7fed-47fd-b17e-9c9862d5f3b9');
INSERT INTO Soiree (idSoiree, nom, theme, date, horaireDebut, tarifNormal, tarifReduit, idLieu) VALUES ('09cdeecf-3997-47a0-8dbc-d2ed64fa0686', 'Soirée 41', 'at', '2012-02-07', '16:36:30', 53.94, 5.09, '93cd7af5-7fed-47fd-b17e-9c9862d5f3b9');
INSERT INTO Soiree (idSoiree, nom, theme, date, horaireDebut, tarifNormal, tarifReduit, idLieu) VALUES ('75c41783-b4ed-4d66-a885-cea29c3bcad5', 'Soirée 42', 'placeat', '1997-03-28', '01:55:12', 38.12, 31.69, 'f9b0d131-259f-46e6-ba47-f7ad176d2fff');
INSERT INTO Spectacle (idSpectacle, titre, description, urlVideo, horairePrevionnel, idSoiree, idImg) VALUES ('eb7b8a23-7003-4ae0-93e1-eabd6c853387', 'Spectacle 1', 'Excepturi reprehenderit et veritatis similique.', 'video_spectacle_1.mp4', '2023-02-11 20:46:31', '75c41783-b4ed-4d66-a885-cea29c3bcad5', 52);
INSERT INTO Artiste (idArtiste, nom, idSpectacle) VALUES ('0c3b8786-90ad-4cf2-8add-5296d734a8a4', 'Marcelino Smitham', 'eb7b8a23-7003-4ae0-93e1-eabd6c853387');
INSERT INTO ImgSpectacle (idImg, img, idSpectacle) VALUES (1, 'image_spectacle_1_1.jpg', 'eb7b8a23-7003-4ae0-93e1-eabd6c853387');
INSERT INTO Spectacle (idSpectacle, titre, description, urlVideo, horairePrevionnel, idSoiree, idImg) VALUES ('9ef51cc1-385d-4398-8db2-a5e60fdbe449', 'Spectacle 2', 'Qui dicta sit sed et.', 'video_spectacle_2.mp4', '2023-03-18 16:42:45', '75c41783-b4ed-4d66-a885-cea29c3bcad5', 4);
INSERT INTO Artiste (idArtiste, nom, idSpectacle) VALUES ('d74d6252-2d2c-4fd6-b4a5-9377c9d1f634', 'Noemie Osinski', '9ef51cc1-385d-4398-8db2-a5e60fdbe449');
INSERT INTO Artiste (idArtiste, nom, idSpectacle) VALUES ('ad8c318e-236d-4c1c-9243-1d6dc8d539d3', 'Milan Beer', '9ef51cc1-385d-4398-8db2-a5e60fdbe449');
INSERT INTO Artiste (idArtiste, nom, idSpectacle) VALUES ('571d3e4a-35e0-481f-8449-0d47615bd336', 'Prof. Rodolfo Labadie', '9ef51cc1-385d-4398-8db2-a5e60fdbe449');
INSERT INTO ImgSpectacle (idImg, img, idSpectacle) VALUES (4, 'image_spectacle_2_1.jpg', '9ef51cc1-385d-4398-8db2-a5e60fdbe449');
INSERT INTO Spectacle (idSpectacle, titre, description, urlVideo, horairePrevionnel, idSoiree, idImg) VALUES ('7ec36460-1ac8-4b53-8299-ba8d15cc4530', 'Spectacle 3', 'Debitis omnis ipsum impedit ea voluptatem dolorem magni.', 'video_spectacle_3.mp4', '2023-03-04 01:52:15', '75c41783-b4ed-4d66-a885-cea29c3bcad5', 48);
INSERT INTO Artiste (idArtiste, nom, idSpectacle) VALUES ('78d270f7-5bff-4664-b503-185c59afa953', 'Eloy Donnelly', '7ec36460-1ac8-4b53-8299-ba8d15cc4530');
INSERT INTO ImgSpectacle (idImg, img, idSpectacle) VALUES (7, 'image_spectacle_3_1.jpg', '7ec36460-1ac8-4b53-8299-ba8d15cc4530');
INSERT INTO ImgSpectacle (idImg, img, idSpectacle) VALUES (8, 'image_spectacle_3_2.jpg', '7ec36460-1ac8-4b53-8299-ba8d15cc4530');
INSERT INTO Spectacle (idSpectacle, titre, description, urlVideo, horairePrevionnel, idSoiree, idImg) VALUES ('9edaaede-fe3e-4e43-9da5-4bde9f9f8014', 'Spectacle 4', 'Ut fuga autem a eum quo.', 'video_spectacle_4.mp4', '2023-06-22 15:57:16', '75c41783-b4ed-4d66-a885-cea29c3bcad5', 348);
INSERT INTO Artiste (idArtiste, nom, idSpectacle) VALUES ('08f89f72-a5c2-4d1b-8bb9-1e4f1cdee38d', 'Wade Herzog V', '9edaaede-fe3e-4e43-9da5-4bde9f9f8014');
INSERT INTO ImgSpectacle (idImg, img, idSpectacle) VALUES (10, 'image_spectacle_4_1.jpg', '9edaaede-fe3e-4e43-9da5-4bde9f9f8014');
INSERT INTO ImgSpectacle (idImg, img, idSpectacle) VALUES (11, 'image_spectacle_4_2.jpg', '9edaaede-fe3e-4e43-9da5-4bde9f9f8014');
INSERT INTO ImgSpectacle (idImg, img, idSpectacle) VALUES (12, 'image_spectacle_4_3.jpg', '9edaaede-fe3e-4e43-9da5-4bde9f9f8014');
INSERT INTO Spectacle (idSpectacle, titre, description, urlVideo, horairePrevionnel, idSoiree, idImg) VALUES ('2d829fbf-e217-4e26-83ca-36344745ac02', 'Spectacle 5', 'Ea voluptatibus laboriosam aut modi reprehenderit et.', 'video_spectacle_5.mp4', '2023-10-13 21:03:49', '75c41783-b4ed-4d66-a885-cea29c3bcad5', 37);
INSERT INTO Artiste (idArtiste, nom, idSpectacle) VALUES ('4f6b9b47-a370-44ca-b366-4563cf7197a4', 'Dr. Travis Dickens', '2d829fbf-e217-4e26-83ca-36344745ac02');
INSERT INTO Artiste (idArtiste, nom, idSpectacle) VALUES ('fd671c16-aa2b-4edb-a63c-cb1c5070d390', 'Mr. Tracey Weissnat', '2d829fbf-e217-4e26-83ca-36344745ac02');
INSERT INTO ImgSpectacle (idImg, img, idSpectacle) VALUES (13, 'image_spectacle_5_1.jpg', '2d829fbf-e217-4e26-83ca-36344745ac02');
INSERT INTO ImgSpectacle (idImg, img, idSpectacle) VALUES (14, 'image_spectacle_5_2.jpg', '2d829fbf-e217-4e26-83ca-36344745ac02');
INSERT INTO ImgSpectacle (idImg, img, idSpectacle) VALUES (15, 'image_spectacle_5_3.jpg', '2d829fbf-e217-4e26-83ca-36344745ac02');
INSERT INTO Spectacle (idSpectacle, titre, description, urlVideo, horairePrevionnel, idSoiree, idImg) VALUES ('72e43ae5-409b-456d-9fd7-e40ad67e264c', 'Spectacle 6', 'Et in illo praesentium ratione accusantium.', 'video_spectacle_6.mp4', '2023-05-27 11:11:09', '75c41783-b4ed-4d66-a885-cea29c3bcad5', 119);
INSERT INTO Artiste (idArtiste, nom, idSpectacle) VALUES ('8b586ea1-fb78-4378-9d98-1fc0ea9d40cb', 'Miss Candice Ebert', '72e43ae5-409b-456d-9fd7-e40ad67e264c');
INSERT INTO ImgSpectacle (idImg, img, idSpectacle) VALUES (16, 'image_spectacle_6_1.jpg', '72e43ae5-409b-456d-9fd7-e40ad67e264c');
INSERT INTO Spectacle (idSpectacle, titre, description, urlVideo, horairePrevionnel, idSoiree, idImg) VALUES ('e5995cd2-8e5b-4c3c-b6e1-40542e0128d9', 'Spectacle 7', 'Fugit voluptatem ut voluptatum eos qui voluptatibus sed qui.', 'video_spectacle_7.mp4', '2023-06-10 11:51:21', '75c41783-b4ed-4d66-a885-cea29c3bcad5', 33);
INSERT INTO Artiste (idArtiste, nom, idSpectacle) VALUES ('e553065d-455e-43b4-95cf-f553baced234', 'Josiah Abbott', 'e5995cd2-8e5b-4c3c-b6e1-40542e0128d9');
INSERT INTO ImgSpectacle (idImg, img, idSpectacle) VALUES (19, 'image_spectacle_7_1.jpg', 'e5995cd2-8e5b-4c3c-b6e1-40542e0128d9');
INSERT INTO Spectacle (idSpectacle, titre, description, urlVideo, horairePrevionnel, idSoiree, idImg) VALUES ('a887c688-160b-4e3b-bd9c-ee724def3c1d', 'Spectacle 8', 'Soluta consectetur ex ipsam voluptatem.', 'video_spectacle_8.mp4', '2023-05-02 03:00:27', '75c41783-b4ed-4d66-a885-cea29c3bcad5', 149);
INSERT INTO Artiste (idArtiste, nom, idSpectacle) VALUES ('0a5574b9-abb1-44ac-851d-3149eedf7dda', 'Prof. Halle Adams', 'a887c688-160b-4e3b-bd9c-ee724def3c1d');
INSERT INTO ImgSpectacle (idImg, img, idSpectacle) VALUES (22, 'image_spectacle_8_1.jpg', 'a887c688-160b-4e3b-bd9c-ee724def3c1d');
INSERT INTO ImgSpectacle (idImg, img, idSpectacle) VALUES (23, 'image_spectacle_8_2.jpg', 'a887c688-160b-4e3b-bd9c-ee724def3c1d');
INSERT INTO ImgSpectacle (idImg, img, idSpectacle) VALUES (24, 'image_spectacle_8_3.jpg', 'a887c688-160b-4e3b-bd9c-ee724def3c1d');
INSERT INTO Spectacle (idSpectacle, titre, description, urlVideo, horairePrevionnel, idSoiree, idImg) VALUES ('824154e1-8ecb-4f2d-9a83-42ce91e7aeec', 'Spectacle 9', 'Deleniti fuga maxime cum pariatur eaque.', 'video_spectacle_9.mp4', '2023-02-05 11:23:44', '75c41783-b4ed-4d66-a885-cea29c3bcad5', 301);
INSERT INTO Artiste (idArtiste, nom, idSpectacle) VALUES ('5768105f-8445-43dc-b7b9-275991449208', 'Damon Schmitt I', '824154e1-8ecb-4f2d-9a83-42ce91e7aeec');
INSERT INTO Artiste (idArtiste, nom, idSpectacle) VALUES ('d93f3144-db17-46f4-94f1-635f69657b03', 'Merl Wilderman', '824154e1-8ecb-4f2d-9a83-42ce91e7aeec');
INSERT INTO Artiste (idArtiste, nom, idSpectacle) VALUES ('bd246a79-afdb-4813-b428-efdd1c731d91', 'Felix Kemmer Jr.', '824154e1-8ecb-4f2d-9a83-42ce91e7aeec');
INSERT INTO ImgSpectacle (idImg, img, idSpectacle) VALUES (25, 'image_spectacle_9_1.jpg', '824154e1-8ecb-4f2d-9a83-42ce91e7aeec');
INSERT INTO ImgSpectacle (idImg, img, idSpectacle) VALUES (26, 'image_spectacle_9_2.jpg', '824154e1-8ecb-4f2d-9a83-42ce91e7aeec');
INSERT INTO Spectacle (idSpectacle, titre, description, urlVideo, horairePrevionnel, idSoiree, idImg) VALUES ('59481360-dbaa-4768-a351-e8de94add17c', 'Spectacle 10', 'Vero porro repellat laudantium doloremque alias qui maiores ipsam.', 'video_spectacle_10.mp4', '2023-02-02 16:03:44', '75c41783-b4ed-4d66-a885-cea29c3bcad5', 41);
INSERT INTO Artiste (idArtiste, nom, idSpectacle) VALUES ('c889af32-8bce-47c8-a276-bff8f9e26b8a', 'Arianna Cremin', '59481360-dbaa-4768-a351-e8de94add17c');
INSERT INTO ImgSpectacle (idImg, img, idSpectacle) VALUES (28, 'image_spectacle_10_1.jpg', '59481360-dbaa-4768-a351-e8de94add17c');
INSERT INTO ImgSpectacle (idImg, img, idSpectacle) VALUES (29, 'image_spectacle_10_2.jpg', '59481360-dbaa-4768-a351-e8de94add17c');
INSERT INTO Spectacle (idSpectacle, titre, description, urlVideo, horairePrevionnel, idSoiree, idImg) VALUES ('20119374-9bd2-40b3-9344-c929b85a0980', 'Spectacle 11', 'Commodi sunt quaerat exercitationem quidem est voluptas.', 'video_spectacle_11.mp4', '2023-08-31 07:41:33', '75c41783-b4ed-4d66-a885-cea29c3bcad5', 219);
INSERT INTO Artiste (idArtiste, nom, idSpectacle) VALUES ('dbf2f1af-8c98-41c5-8692-07fb9a4abdc6', 'Prof. Eddie Yost Sr.', '20119374-9bd2-40b3-9344-c929b85a0980');
INSERT INTO Artiste (idArtiste, nom, idSpectacle) VALUES ('12aaa553-0a1d-4a91-83bb-9fd89fd08feb', 'Amiya Cormier', '20119374-9bd2-40b3-9344-c929b85a0980');
INSERT INTO Artiste (idArtiste, nom, idSpectacle) VALUES ('5b64f678-74b4-4249-adc6-afedca166138', 'Mrs. Aaliyah Cruickshank', '20119374-9bd2-40b3-9344-c929b85a0980');
INSERT INTO ImgSpectacle (idImg, img, idSpectacle) VALUES (31, 'image_spectacle_11_1.jpg', '20119374-9bd2-40b3-9344-c929b85a0980');
INSERT INTO ImgSpectacle (idImg, img, idSpectacle) VALUES (32, 'image_spectacle_11_2.jpg', '20119374-9bd2-40b3-9344-c929b85a0980');
INSERT INTO Spectacle (idSpectacle, titre, description, urlVideo, horairePrevionnel, idSoiree, idImg) VALUES ('381629ae-af7e-4b1b-9f49-c33a88de4b7a', 'Spectacle 12', 'Rerum sed consequatur quo et.', 'video_spectacle_12.mp4', '2023-02-28 01:03:13', '75c41783-b4ed-4d66-a885-cea29c3bcad5', 167);
INSERT INTO Artiste (idArtiste, nom, idSpectacle) VALUES ('d0b41f48-06d4-47e8-a28f-5666614066f6', 'Dock Reinger MD', '381629ae-af7e-4b1b-9f49-c33a88de4b7a');
INSERT INTO ImgSpectacle (idImg, img, idSpectacle) VALUES (34, 'image_spectacle_12_1.jpg', '381629ae-af7e-4b1b-9f49-c33a88de4b7a');
INSERT INTO ImgSpectacle (idImg, img, idSpectacle) VALUES (35, 'image_spectacle_12_2.jpg', '381629ae-af7e-4b1b-9f49-c33a88de4b7a');
INSERT INTO ImgSpectacle (idImg, img, idSpectacle) VALUES (36, 'image_spectacle_12_3.jpg', '381629ae-af7e-4b1b-9f49-c33a88de4b7a');
INSERT INTO Spectacle (idSpectacle, titre, description, urlVideo, horairePrevionnel, idSoiree, idImg) VALUES ('3c06532c-2d33-4d62-8d8a-e76f957ce2d7', 'Spectacle 13', 'Quo nobis id repellat asperiores minima nihil dolorem.', 'video_spectacle_13.mp4', '2023-04-13 08:17:54', '75c41783-b4ed-4d66-a885-cea29c3bcad5', 7);
INSERT INTO Artiste (idArtiste, nom, idSpectacle) VALUES ('9c054209-dc39-438d-b79d-122e90431e65', 'Justice Kirlin', '3c06532c-2d33-4d62-8d8a-e76f957ce2d7');
INSERT INTO ImgSpectacle (idImg, img, idSpectacle) VALUES (37, 'image_spectacle_13_1.jpg', '3c06532c-2d33-4d62-8d8a-e76f957ce2d7');
INSERT INTO Spectacle (idSpectacle, titre, description, urlVideo, horairePrevionnel, idSoiree, idImg) VALUES ('d75b5d4f-6739-48aa-9edb-13ae47629548', 'Spectacle 14', 'Quia aut maxime necessitatibus ipsa et.', 'video_spectacle_14.mp4', '2023-05-09 03:01:55', '75c41783-b4ed-4d66-a885-cea29c3bcad5', 147);
INSERT INTO Artiste (idArtiste, nom, idSpectacle) VALUES ('e5e4d91d-b383-4292-8537-35c7f5d58aaa', 'Bria Bayer', 'd75b5d4f-6739-48aa-9edb-13ae47629548');
INSERT INTO Artiste (idArtiste, nom, idSpectacle) VALUES ('605dc443-7750-4841-a0ce-974c58c1ca19', 'Kevon McDermott', 'd75b5d4f-6739-48aa-9edb-13ae47629548');
INSERT INTO Artiste (idArtiste, nom, idSpectacle) VALUES ('0ba2ec6e-d841-4f38-ac96-806df29bf581', 'Rae Jones', 'd75b5d4f-6739-48aa-9edb-13ae47629548');
INSERT INTO ImgSpectacle (idImg, img, idSpectacle) VALUES (40, 'image_spectacle_14_1.jpg', 'd75b5d4f-6739-48aa-9edb-13ae47629548');
INSERT INTO Spectacle (idSpectacle, titre, description, urlVideo, horairePrevionnel, idSoiree, idImg) VALUES ('691b2b41-f9a0-43b0-9539-5e5555958524', 'Spectacle 15', 'Est qui eum ad enim deserunt iusto.', 'video_spectacle_15.mp4', '2023-03-18 18:25:32', '75c41783-b4ed-4d66-a885-cea29c3bcad5', 39);
INSERT INTO Artiste (idArtiste, nom, idSpectacle) VALUES ('153abb73-9e8d-420c-9f10-f67f4d1f61f0', 'Mr. Sheldon DuBuque', '691b2b41-f9a0-43b0-9539-5e5555958524');
INSERT INTO Artiste (idArtiste, nom, idSpectacle) VALUES ('4963135b-6d5c-4c4d-bc9b-1c216bbf584b', 'Jamison Kovacek', '691b2b41-f9a0-43b0-9539-5e5555958524');
INSERT INTO Artiste (idArtiste, nom, idSpectacle) VALUES ('74c65de7-bd74-43b4-a832-95299243ac79', 'Loyal Feil PhD', '691b2b41-f9a0-43b0-9539-5e5555958524');
INSERT INTO ImgSpectacle (idImg, img, idSpectacle) VALUES (43, 'image_spectacle_15_1.jpg', '691b2b41-f9a0-43b0-9539-5e5555958524');
INSERT INTO ImgSpectacle (idImg, img, idSpectacle) VALUES (44, 'image_spectacle_15_2.jpg', '691b2b41-f9a0-43b0-9539-5e5555958524');
INSERT INTO ImgSpectacle (idImg, img, idSpectacle) VALUES (45, 'image_spectacle_15_3.jpg', '691b2b41-f9a0-43b0-9539-5e5555958524');
INSERT INTO Spectacle (idSpectacle, titre, description, urlVideo, horairePrevionnel, idSoiree, idImg) VALUES ('cb1f65d3-330f-4bb6-9f1d-7fd1a152521a', 'Spectacle 16', 'Debitis quo debitis non voluptas occaecati aut distinctio.', 'video_spectacle_16.mp4', '2023-04-03 00:42:28', '75c41783-b4ed-4d66-a885-cea29c3bcad5', 303);
INSERT INTO Artiste (idArtiste, nom, idSpectacle) VALUES ('81d1e453-c992-4254-aca2-172d40599a63', 'Dolly Daniel', 'cb1f65d3-330f-4bb6-9f1d-7fd1a152521a');
INSERT INTO Artiste (idArtiste, nom, idSpectacle) VALUES ('622a67ea-10b7-4520-8b62-28054ae87d3b', 'Reece Breitenberg', 'cb1f65d3-330f-4bb6-9f1d-7fd1a152521a');
INSERT INTO Artiste (idArtiste, nom, idSpectacle) VALUES ('6460deeb-5271-4fed-b3dd-fa3fa364d4e5', 'Prof. Mohammad Runte', 'cb1f65d3-330f-4bb6-9f1d-7fd1a152521a');
INSERT INTO ImgSpectacle (idImg, img, idSpectacle) VALUES (46, 'image_spectacle_16_1.jpg', 'cb1f65d3-330f-4bb6-9f1d-7fd1a152521a');
INSERT INTO ImgSpectacle (idImg, img, idSpectacle) VALUES (47, 'image_spectacle_16_2.jpg', 'cb1f65d3-330f-4bb6-9f1d-7fd1a152521a');
INSERT INTO ImgSpectacle (idImg, img, idSpectacle) VALUES (48, 'image_spectacle_16_3.jpg', 'cb1f65d3-330f-4bb6-9f1d-7fd1a152521a');
INSERT INTO Spectacle (idSpectacle, titre, description, urlVideo, horairePrevionnel, idSoiree, idImg) VALUES ('da642fce-2494-4656-ba77-7dd616cceb4b', 'Spectacle 17', 'Earum ipsum modi odio.', 'video_spectacle_17.mp4', '2023-01-03 07:02:42', '75c41783-b4ed-4d66-a885-cea29c3bcad5', 213);
INSERT INTO Artiste (idArtiste, nom, idSpectacle) VALUES ('86ffac75-bea2-4ddf-b397-53935f1cbe5d', 'Ms. Euna Feil', 'da642fce-2494-4656-ba77-7dd616cceb4b');
INSERT INTO Artiste (idArtiste, nom, idSpectacle) VALUES ('cabb1ea0-c8fc-46bf-a11b-5a5c5fb95b60', 'Sienna Zieme III', 'da642fce-2494-4656-ba77-7dd616cceb4b');
INSERT INTO Artiste (idArtiste, nom, idSpectacle) VALUES ('36f5bea2-5214-4fec-876d-87d1c3c8cd19', 'Dr. Monique Franecki I', 'da642fce-2494-4656-ba77-7dd616cceb4b');
INSERT INTO ImgSpectacle (idImg, img, idSpectacle) VALUES (49, 'image_spectacle_17_1.jpg', 'da642fce-2494-4656-ba77-7dd616cceb4b');
INSERT INTO ImgSpectacle (idImg, img, idSpectacle) VALUES (50, 'image_spectacle_17_2.jpg', 'da642fce-2494-4656-ba77-7dd616cceb4b');
INSERT INTO Spectacle (idSpectacle, titre, description, urlVideo, horairePrevionnel, idSoiree, idImg) VALUES ('56c37527-a6bc-4fb9-b9c9-da219f65ef37', 'Spectacle 18', 'Laborum quo dolor aliquid molestiae incidunt voluptas.', 'video_spectacle_18.mp4', '2023-09-23 13:31:17', '75c41783-b4ed-4d66-a885-cea29c3bcad5', 85);
INSERT INTO Artiste (idArtiste, nom, idSpectacle) VALUES ('cbd6d94f-fafc-4353-bc01-c7ea28e09226', 'Delfina Pacocha', '56c37527-a6bc-4fb9-b9c9-da219f65ef37');
INSERT INTO Artiste (idArtiste, nom, idSpectacle) VALUES ('6a4302f0-503e-461a-bd6e-d6cc06922ccf', 'Ramon Kshlerin', '56c37527-a6bc-4fb9-b9c9-da219f65ef37');
INSERT INTO ImgSpectacle (idImg, img, idSpectacle) VALUES (52, 'image_spectacle_18_1.jpg', '56c37527-a6bc-4fb9-b9c9-da219f65ef37');
INSERT INTO ImgSpectacle (idImg, img, idSpectacle) VALUES (53, 'image_spectacle_18_2.jpg', '56c37527-a6bc-4fb9-b9c9-da219f65ef37');
INSERT INTO Spectacle (idSpectacle, titre, description, urlVideo, horairePrevionnel, idSoiree, idImg) VALUES ('6b63ad83-2d10-47b3-878d-89fc177292f2', 'Spectacle 19', 'Voluptas id ad quia dicta perspiciatis.', 'video_spectacle_19.mp4', '2023-05-19 22:36:57', '75c41783-b4ed-4d66-a885-cea29c3bcad5', 271);
INSERT INTO Artiste (idArtiste, nom, idSpectacle) VALUES ('a39a33fa-3d73-4bdf-8317-94b4e2addd61', 'Ms. Tamia Keebler', '6b63ad83-2d10-47b3-878d-89fc177292f2');
INSERT INTO Artiste (idArtiste, nom, idSpectacle) VALUES ('252dfda1-8666-40b1-9a75-3fdff29221b8', 'Ayla Jones', '6b63ad83-2d10-47b3-878d-89fc177292f2');
INSERT INTO Artiste (idArtiste, nom, idSpectacle) VALUES ('ed6674a4-0210-4e6d-810b-8ee9239c6d87', 'Gwendolyn Mann', '6b63ad83-2d10-47b3-878d-89fc177292f2');
INSERT INTO ImgSpectacle (idImg, img, idSpectacle) VALUES (55, 'image_spectacle_19_1.jpg', '6b63ad83-2d10-47b3-878d-89fc177292f2');
INSERT INTO ImgSpectacle (idImg, img, idSpectacle) VALUES (56, 'image_spectacle_19_2.jpg', '6b63ad83-2d10-47b3-878d-89fc177292f2');
INSERT INTO Spectacle (idSpectacle, titre, description, urlVideo, horairePrevionnel, idSoiree, idImg) VALUES ('a198db0f-dfc6-4db1-be2a-d564210e8bdd', 'Spectacle 20', 'Omnis quod qui temporibus eveniet.', 'video_spectacle_20.mp4', '2023-09-04 01:33:01', '75c41783-b4ed-4d66-a885-cea29c3bcad5', 131);
INSERT INTO Artiste (idArtiste, nom, idSpectacle) VALUES ('610f703a-3fc2-4e3f-a4ea-9a451c14101e', 'Garrick Carroll', 'a198db0f-dfc6-4db1-be2a-d564210e8bdd');
INSERT INTO ImgSpectacle (idImg, img, idSpectacle) VALUES (58, 'image_spectacle_20_1.jpg', 'a198db0f-dfc6-4db1-be2a-d564210e8bdd');
INSERT INTO Spectacle (idSpectacle, titre, description, urlVideo, horairePrevionnel, idSoiree, idImg) VALUES ('1a605cc4-0fdd-482a-8902-d8f9017029ae', 'Spectacle 21', 'Consequatur qui odio libero enim vel deserunt exercitationem deserunt.', 'video_spectacle_21.mp4', '2023-08-10 05:24:18', '75c41783-b4ed-4d66-a885-cea29c3bcad5', 165);
INSERT INTO Artiste (idArtiste, nom, idSpectacle) VALUES ('c5574948-5995-456e-a5af-2828ef421733', 'Joshuah Zboncak', '1a605cc4-0fdd-482a-8902-d8f9017029ae');
INSERT INTO Artiste (idArtiste, nom, idSpectacle) VALUES ('af52b081-0999-42c5-a44c-30eb53da33ce', 'Miss Roselyn Klein DVM', '1a605cc4-0fdd-482a-8902-d8f9017029ae');
INSERT INTO Artiste (idArtiste, nom, idSpectacle) VALUES ('5fd64387-d651-472c-be99-89b05eae041d', 'Burdette Feeney I', '1a605cc4-0fdd-482a-8902-d8f9017029ae');
INSERT INTO ImgSpectacle (idImg, img, idSpectacle) VALUES (61, 'image_spectacle_21_1.jpg', '1a605cc4-0fdd-482a-8902-d8f9017029ae');
INSERT INTO ImgSpectacle (idImg, img, idSpectacle) VALUES (62, 'image_spectacle_21_2.jpg', '1a605cc4-0fdd-482a-8902-d8f9017029ae');
INSERT INTO Spectacle (idSpectacle, titre, description, urlVideo, horairePrevionnel, idSoiree, idImg) VALUES ('ecffd4d7-4e69-4229-a513-6dfb440eff6d', 'Spectacle 22', 'Nihil odit ut consequatur nam id est consectetur.', 'video_spectacle_22.mp4', '2023-06-19 09:35:23', '75c41783-b4ed-4d66-a885-cea29c3bcad5', 358);
INSERT INTO Artiste (idArtiste, nom, idSpectacle) VALUES ('ef817521-e840-4775-8c9c-289e010cfe72', 'Adela Wilkinson', 'ecffd4d7-4e69-4229-a513-6dfb440eff6d');
INSERT INTO ImgSpectacle (idImg, img, idSpectacle) VALUES (64, 'image_spectacle_22_1.jpg', 'ecffd4d7-4e69-4229-a513-6dfb440eff6d');
INSERT INTO ImgSpectacle (idImg, img, idSpectacle) VALUES (65, 'image_spectacle_22_2.jpg', 'ecffd4d7-4e69-4229-a513-6dfb440eff6d');
INSERT INTO ImgSpectacle (idImg, img, idSpectacle) VALUES (66, 'image_spectacle_22_3.jpg', 'ecffd4d7-4e69-4229-a513-6dfb440eff6d');
INSERT INTO Spectacle (idSpectacle, titre, description, urlVideo, horairePrevionnel, idSoiree, idImg) VALUES ('4f1c45c0-64ea-457b-b172-63a0b03d1bed', 'Spectacle 23', 'Consequatur commodi et deserunt eum accusamus aliquam.', 'video_spectacle_23.mp4', '2023-10-08 20:37:07', '75c41783-b4ed-4d66-a885-cea29c3bcad5', 373);
INSERT INTO Artiste (idArtiste, nom, idSpectacle) VALUES ('49607ae4-3188-449e-931e-4f220554aa92', 'Emie Rowe', '4f1c45c0-64ea-457b-b172-63a0b03d1bed');
INSERT INTO ImgSpectacle (idImg, img, idSpectacle) VALUES (67, 'image_spectacle_23_1.jpg', '4f1c45c0-64ea-457b-b172-63a0b03d1bed');
INSERT INTO ImgSpectacle (idImg, img, idSpectacle) VALUES (68, 'image_spectacle_23_2.jpg', '4f1c45c0-64ea-457b-b172-63a0b03d1bed');
INSERT INTO Spectacle (idSpectacle, titre, description, urlVideo, horairePrevionnel, idSoiree, idImg) VALUES ('c897ce1a-fb0b-4f34-8c61-6a4651389df7', 'Spectacle 24', 'Rerum eum omnis nulla fuga odio ut dolor expedita.', 'video_spectacle_24.mp4', '2023-07-15 13:35:46', '75c41783-b4ed-4d66-a885-cea29c3bcad5', 30);
INSERT INTO Artiste (idArtiste, nom, idSpectacle) VALUES ('e354f172-55c4-4ac9-ae38-626bdf7bfc1a', 'Waylon Zulauf', 'c897ce1a-fb0b-4f34-8c61-6a4651389df7');
INSERT INTO Artiste (idArtiste, nom, idSpectacle) VALUES ('729f1ba4-b8bc-47af-ba9f-efe5e645f55f', 'Kenyon Gutmann', 'c897ce1a-fb0b-4f34-8c61-6a4651389df7');
INSERT INTO Artiste (idArtiste, nom, idSpectacle) VALUES ('9d42bab4-c897-40bb-aa40-2ac34f93621e', 'Twila Moore V', 'c897ce1a-fb0b-4f34-8c61-6a4651389df7');
INSERT INTO ImgSpectacle (idImg, img, idSpectacle) VALUES (70, 'image_spectacle_24_1.jpg', 'c897ce1a-fb0b-4f34-8c61-6a4651389df7');
INSERT INTO ImgSpectacle (idImg, img, idSpectacle) VALUES (71, 'image_spectacle_24_2.jpg', 'c897ce1a-fb0b-4f34-8c61-6a4651389df7');
INSERT INTO ImgSpectacle (idImg, img, idSpectacle) VALUES (72, 'image_spectacle_24_3.jpg', 'c897ce1a-fb0b-4f34-8c61-6a4651389df7');
INSERT INTO Spectacle (idSpectacle, titre, description, urlVideo, horairePrevionnel, idSoiree, idImg) VALUES ('96d5b56e-0cf7-469d-b917-60e489df9fa1', 'Spectacle 25', 'Rerum aut aut neque voluptas.', 'video_spectacle_25.mp4', '2023-04-25 13:49:57', '75c41783-b4ed-4d66-a885-cea29c3bcad5', 284);
INSERT INTO Artiste (idArtiste, nom, idSpectacle) VALUES ('dd4b0d4e-c8a3-4cf7-a849-098421474693', 'Robin Muller DVM', '96d5b56e-0cf7-469d-b917-60e489df9fa1');
INSERT INTO ImgSpectacle (idImg, img, idSpectacle) VALUES (73, 'image_spectacle_25_1.jpg', '96d5b56e-0cf7-469d-b917-60e489df9fa1');
INSERT INTO ImgSpectacle (idImg, img, idSpectacle) VALUES (74, 'image_spectacle_25_2.jpg', '96d5b56e-0cf7-469d-b917-60e489df9fa1');
INSERT INTO ImgSpectacle (idImg, img, idSpectacle) VALUES (75, 'image_spectacle_25_3.jpg', '96d5b56e-0cf7-469d-b917-60e489df9fa1');
INSERT INTO Spectacle (idSpectacle, titre, description, urlVideo, horairePrevionnel, idSoiree, idImg) VALUES ('b0eebf60-3c65-42d0-b6d7-85959441ba04', 'Spectacle 26', 'Ducimus ut dolor consectetur ut quibusdam consequatur.', 'video_spectacle_26.mp4', '2023-07-29 10:17:50', '75c41783-b4ed-4d66-a885-cea29c3bcad5', 34);
INSERT INTO Artiste (idArtiste, nom, idSpectacle) VALUES ('f4d7d35c-bae3-410d-95ae-565a6b40464a', 'Lucio Roberts', 'b0eebf60-3c65-42d0-b6d7-85959441ba04');
INSERT INTO Artiste (idArtiste, nom, idSpectacle) VALUES ('b0ffbcd9-187b-4040-8ee3-61a47be59596', 'Adam Kris Sr.', 'b0eebf60-3c65-42d0-b6d7-85959441ba04');
INSERT INTO Artiste (idArtiste, nom, idSpectacle) VALUES ('ef2b6bdc-613c-4259-abf3-98ead0898ee9', 'Beryl Homenick', 'b0eebf60-3c65-42d0-b6d7-85959441ba04');
INSERT INTO ImgSpectacle (idImg, img, idSpectacle) VALUES (76, 'image_spectacle_26_1.jpg', 'b0eebf60-3c65-42d0-b6d7-85959441ba04');
INSERT INTO Spectacle (idSpectacle, titre, description, urlVideo, horairePrevionnel, idSoiree, idImg) VALUES ('552a4948-1f76-40fc-80bb-d97d6cc393a6', 'Spectacle 27', 'Quibusdam est nihil voluptatum a ipsum exercitationem aut.', 'video_spectacle_27.mp4', '2023-02-18 02:01:46', '75c41783-b4ed-4d66-a885-cea29c3bcad5', 119);
INSERT INTO Artiste (idArtiste, nom, idSpectacle) VALUES ('40b2d598-a81e-4471-ae91-dded38aee97c', 'Orpha Mayer', '552a4948-1f76-40fc-80bb-d97d6cc393a6');
INSERT INTO Artiste (idArtiste, nom, idSpectacle) VALUES ('9cc123b1-9e43-46f7-9cac-098d39ff492c', 'Carmine Lang', '552a4948-1f76-40fc-80bb-d97d6cc393a6');
INSERT INTO Artiste (idArtiste, nom, idSpectacle) VALUES ('cdd51183-eada-40b3-b0a9-21c14daea7c3', 'Prof. Curt Eichmann MD', '552a4948-1f76-40fc-80bb-d97d6cc393a6');
INSERT INTO ImgSpectacle (idImg, img, idSpectacle) VALUES (79, 'image_spectacle_27_1.jpg', '552a4948-1f76-40fc-80bb-d97d6cc393a6');
INSERT INTO ImgSpectacle (idImg, img, idSpectacle) VALUES (80, 'image_spectacle_27_2.jpg', '552a4948-1f76-40fc-80bb-d97d6cc393a6');
INSERT INTO Spectacle (idSpectacle, titre, description, urlVideo, horairePrevionnel, idSoiree, idImg) VALUES ('0efbc873-e94d-4ba6-9222-ac6a1f72f332', 'Spectacle 28', 'Hic delectus sit error eos quo fugit.', 'video_spectacle_28.mp4', '2023-07-07 16:34:09', '75c41783-b4ed-4d66-a885-cea29c3bcad5', 246);
INSERT INTO Artiste (idArtiste, nom, idSpectacle) VALUES ('e6aababf-2709-43a4-b0fc-215d639f0b45', 'Fidel Dach Sr.', '0efbc873-e94d-4ba6-9222-ac6a1f72f332');
INSERT INTO ImgSpectacle (idImg, img, idSpectacle) VALUES (82, 'image_spectacle_28_1.jpg', '0efbc873-e94d-4ba6-9222-ac6a1f72f332');
INSERT INTO ImgSpectacle (idImg, img, idSpectacle) VALUES (83, 'image_spectacle_28_2.jpg', '0efbc873-e94d-4ba6-9222-ac6a1f72f332');
INSERT INTO ImgSpectacle (idImg, img, idSpectacle) VALUES (84, 'image_spectacle_28_3.jpg', '0efbc873-e94d-4ba6-9222-ac6a1f72f332');
INSERT INTO Spectacle (idSpectacle, titre, description, urlVideo, horairePrevionnel, idSoiree, idImg) VALUES ('b6899b7d-eda7-4007-b051-3d96b204ab27', 'Spectacle 29', 'Nobis dolorum quod laudantium cum eum.', 'video_spectacle_29.mp4', '2023-05-05 15:25:42', '75c41783-b4ed-4d66-a885-cea29c3bcad5', 326);
INSERT INTO Artiste (idArtiste, nom, idSpectacle) VALUES ('924c6c7a-cd38-4290-80ff-d200e240b22c', 'Alexandrine Ondricka', 'b6899b7d-eda7-4007-b051-3d96b204ab27');
INSERT INTO Artiste (idArtiste, nom, idSpectacle) VALUES ('e5f84775-a007-42cc-b0df-f4b9686295e8', 'Zackary Koelpin Sr.', 'b6899b7d-eda7-4007-b051-3d96b204ab27');
INSERT INTO ImgSpectacle (idImg, img, idSpectacle) VALUES (85, 'image_spectacle_29_1.jpg', 'b6899b7d-eda7-4007-b051-3d96b204ab27');
INSERT INTO Spectacle (idSpectacle, titre, description, urlVideo, horairePrevionnel, idSoiree, idImg) VALUES ('bc279061-6093-4370-8488-24fc64c3a69f', 'Spectacle 30', 'Ut reprehenderit laboriosam maiores et vel ex laboriosam dolores.', 'video_spectacle_30.mp4', '2023-05-02 03:40:48', '75c41783-b4ed-4d66-a885-cea29c3bcad5', 217);
INSERT INTO Artiste (idArtiste, nom, idSpectacle) VALUES ('e999cf35-044c-4b39-ab33-a902177f8624', 'Sydnee Emmerich', 'bc279061-6093-4370-8488-24fc64c3a69f');
INSERT INTO Artiste (idArtiste, nom, idSpectacle) VALUES ('1452184c-b14b-49a0-802f-917957903cc5', 'Miss Suzanne Reichel', 'bc279061-6093-4370-8488-24fc64c3a69f');
INSERT INTO ImgSpectacle (idImg, img, idSpectacle) VALUES (88, 'image_spectacle_30_1.jpg', 'bc279061-6093-4370-8488-24fc64c3a69f');
INSERT INTO ImgSpectacle (idImg, img, idSpectacle) VALUES (89, 'image_spectacle_30_2.jpg', 'bc279061-6093-4370-8488-24fc64c3a69f');
INSERT INTO ImgSpectacle (idImg, img, idSpectacle) VALUES (90, 'image_spectacle_30_3.jpg', 'bc279061-6093-4370-8488-24fc64c3a69f');
INSERT INTO Spectacle (idSpectacle, titre, description, urlVideo, horairePrevionnel, idSoiree, idImg) VALUES ('724c7a96-0b4f-4902-852a-30e0d5eeb7a0', 'Spectacle 31', 'Sequi sequi et quia enim temporibus quas enim.', 'video_spectacle_31.mp4', '2023-05-17 21:41:24', '75c41783-b4ed-4d66-a885-cea29c3bcad5', 276);
INSERT INTO Artiste (idArtiste, nom, idSpectacle) VALUES ('cac5568e-77b3-45a1-be52-cd416998da16', 'Jaqueline Deckow', '724c7a96-0b4f-4902-852a-30e0d5eeb7a0');
INSERT INTO Artiste (idArtiste, nom, idSpectacle) VALUES ('24adaf96-428e-4854-a99d-7e1da15dcc17', 'Kassandra Howell', '724c7a96-0b4f-4902-852a-30e0d5eeb7a0');
INSERT INTO Artiste (idArtiste, nom, idSpectacle) VALUES ('43cc1cf8-5fb7-43a2-8b1d-93d2e1e21bcf', 'Josiane Feeney', '724c7a96-0b4f-4902-852a-30e0d5eeb7a0');
INSERT INTO ImgSpectacle (idImg, img, idSpectacle) VALUES (91, 'image_spectacle_31_1.jpg', '724c7a96-0b4f-4902-852a-30e0d5eeb7a0');
INSERT INTO ImgSpectacle (idImg, img, idSpectacle) VALUES (92, 'image_spectacle_31_2.jpg', '724c7a96-0b4f-4902-852a-30e0d5eeb7a0');
INSERT INTO ImgSpectacle (idImg, img, idSpectacle) VALUES (93, 'image_spectacle_31_3.jpg', '724c7a96-0b4f-4902-852a-30e0d5eeb7a0');
INSERT INTO Spectacle (idSpectacle, titre, description, urlVideo, horairePrevionnel, idSoiree, idImg) VALUES ('bbc48393-72a2-49c2-9708-e6e89022fc4a', 'Spectacle 32', 'Qui quia id cumque consequatur.', 'video_spectacle_32.mp4', '2023-03-21 04:26:16', '75c41783-b4ed-4d66-a885-cea29c3bcad5', 244);
INSERT INTO Artiste (idArtiste, nom, idSpectacle) VALUES ('88a29a36-3151-4b9d-b07c-c61c5d2644a5', 'Alexie Robel', 'bbc48393-72a2-49c2-9708-e6e89022fc4a');
INSERT INTO Artiste (idArtiste, nom, idSpectacle) VALUES ('fa6bce35-0aaf-4cbf-8dcd-2868f040fb25', 'Prof. Thora Donnelly I', 'bbc48393-72a2-49c2-9708-e6e89022fc4a');
INSERT INTO Artiste (idArtiste, nom, idSpectacle) VALUES ('931602fd-d43d-4d5c-90b7-f3e9f5d15f44', 'Graciela Daniel', 'bbc48393-72a2-49c2-9708-e6e89022fc4a');
INSERT INTO ImgSpectacle (idImg, img, idSpectacle) VALUES (94, 'image_spectacle_32_1.jpg', 'bbc48393-72a2-49c2-9708-e6e89022fc4a');
INSERT INTO ImgSpectacle (idImg, img, idSpectacle) VALUES (95, 'image_spectacle_32_2.jpg', 'bbc48393-72a2-49c2-9708-e6e89022fc4a');
INSERT INTO ImgSpectacle (idImg, img, idSpectacle) VALUES (96, 'image_spectacle_32_3.jpg', 'bbc48393-72a2-49c2-9708-e6e89022fc4a');
INSERT INTO Spectacle (idSpectacle, titre, description, urlVideo, horairePrevionnel, idSoiree, idImg) VALUES ('2b01a038-e8d0-422c-8c4e-a0ec633bb286', 'Spectacle 33', 'Optio accusantium ducimus id cumque veritatis.', 'video_spectacle_33.mp4', '2023-06-05 23:47:29', '75c41783-b4ed-4d66-a885-cea29c3bcad5', 101);
INSERT INTO Artiste (idArtiste, nom, idSpectacle) VALUES ('9845132e-3f70-416f-b049-5c3a1ccfd09b', 'Prof. Carli Wilkinson Jr.', '2b01a038-e8d0-422c-8c4e-a0ec633bb286');
INSERT INTO Artiste (idArtiste, nom, idSpectacle) VALUES ('23848a35-cd68-45e7-833c-3d0f999c1b65', 'Bud Kunde Jr.', '2b01a038-e8d0-422c-8c4e-a0ec633bb286');
INSERT INTO ImgSpectacle (idImg, img, idSpectacle) VALUES (97, 'image_spectacle_33_1.jpg', '2b01a038-e8d0-422c-8c4e-a0ec633bb286');
INSERT INTO Spectacle (idSpectacle, titre, description, urlVideo, horairePrevionnel, idSoiree, idImg) VALUES ('96dbceb5-4eb9-484c-8656-424f26fbd5fb', 'Spectacle 34', 'Qui autem ad voluptatem natus praesentium error porro vel.', 'video_spectacle_34.mp4', '2023-06-16 09:59:07', '75c41783-b4ed-4d66-a885-cea29c3bcad5', 92);
INSERT INTO Artiste (idArtiste, nom, idSpectacle) VALUES ('13b38a8d-a1f0-4849-afbc-267fb6199d1a', 'Adrianna Kilback IV', '96dbceb5-4eb9-484c-8656-424f26fbd5fb');
INSERT INTO ImgSpectacle (idImg, img, idSpectacle) VALUES (100, 'image_spectacle_34_1.jpg', '96dbceb5-4eb9-484c-8656-424f26fbd5fb');
INSERT INTO ImgSpectacle (idImg, img, idSpectacle) VALUES (101, 'image_spectacle_34_2.jpg', '96dbceb5-4eb9-484c-8656-424f26fbd5fb');
INSERT INTO Spectacle (idSpectacle, titre, description, urlVideo, horairePrevionnel, idSoiree, idImg) VALUES ('8caea7b9-23f8-41d9-a7aa-ca33d58dfd96', 'Spectacle 35', 'Necessitatibus est quae necessitatibus aliquam vero provident aut soluta.', 'video_spectacle_35.mp4', '2023-05-14 21:49:57', '75c41783-b4ed-4d66-a885-cea29c3bcad5', 335);
INSERT INTO Artiste (idArtiste, nom, idSpectacle) VALUES ('48db9dab-e0a1-47df-af6a-f7e20274bd9d', 'Nettie Ziemann', '8caea7b9-23f8-41d9-a7aa-ca33d58dfd96');
INSERT INTO ImgSpectacle (idImg, img, idSpectacle) VALUES (103, 'image_spectacle_35_1.jpg', '8caea7b9-23f8-41d9-a7aa-ca33d58dfd96');
INSERT INTO ImgSpectacle (idImg, img, idSpectacle) VALUES (104, 'image_spectacle_35_2.jpg', '8caea7b9-23f8-41d9-a7aa-ca33d58dfd96');
INSERT INTO ImgSpectacle (idImg, img, idSpectacle) VALUES (105, 'image_spectacle_35_3.jpg', '8caea7b9-23f8-41d9-a7aa-ca33d58dfd96');
INSERT INTO Spectacle (idSpectacle, titre, description, urlVideo, horairePrevionnel, idSoiree, idImg) VALUES ('84b90765-28d2-4664-b0f3-703239d38a39', 'Spectacle 36', 'Nulla eaque neque velit harum deleniti voluptatum.', 'video_spectacle_36.mp4', '2023-03-04 15:21:10', '75c41783-b4ed-4d66-a885-cea29c3bcad5', 320);
INSERT INTO Artiste (idArtiste, nom, idSpectacle) VALUES ('feccd112-e5e4-40e8-a737-005cf9b5c18d', 'Miss Brooklyn Rau III', '84b90765-28d2-4664-b0f3-703239d38a39');
INSERT INTO ImgSpectacle (idImg, img, idSpectacle) VALUES (106, 'image_spectacle_36_1.jpg', '84b90765-28d2-4664-b0f3-703239d38a39');
INSERT INTO Spectacle (idSpectacle, titre, description, urlVideo, horairePrevionnel, idSoiree, idImg) VALUES ('8a15f42d-0812-46ac-a8ec-84fb88ea29ae', 'Spectacle 37', 'Necessitatibus id dolore nihil et.', 'video_spectacle_37.mp4', '2023-02-11 02:44:45', '75c41783-b4ed-4d66-a885-cea29c3bcad5', 173);
INSERT INTO Artiste (idArtiste, nom, idSpectacle) VALUES ('658434b4-b811-4648-9aca-e521c372d0a3', 'Elian Heathcote', '8a15f42d-0812-46ac-a8ec-84fb88ea29ae');
INSERT INTO Artiste (idArtiste, nom, idSpectacle) VALUES ('003f8a59-a113-454c-8716-808fd6782fb0', 'Demond Reynolds Sr.', '8a15f42d-0812-46ac-a8ec-84fb88ea29ae');
INSERT INTO ImgSpectacle (idImg, img, idSpectacle) VALUES (109, 'image_spectacle_37_1.jpg', '8a15f42d-0812-46ac-a8ec-84fb88ea29ae');
INSERT INTO ImgSpectacle (idImg, img, idSpectacle) VALUES (110, 'image_spectacle_37_2.jpg', '8a15f42d-0812-46ac-a8ec-84fb88ea29ae');
INSERT INTO Spectacle (idSpectacle, titre, description, urlVideo, horairePrevionnel, idSoiree, idImg) VALUES ('11aed587-6ff8-41d5-8a7d-380e25720f59', 'Spectacle 38', 'Eius quod minus sit esse omnis voluptatem.', 'video_spectacle_38.mp4', '2023-05-22 21:33:17', '75c41783-b4ed-4d66-a885-cea29c3bcad5', 261);
INSERT INTO Artiste (idArtiste, nom, idSpectacle) VALUES ('fad24c44-c447-40c2-bcf0-b0360c5b284d', 'Mellie Homenick', '11aed587-6ff8-41d5-8a7d-380e25720f59');
INSERT INTO Artiste (idArtiste, nom, idSpectacle) VALUES ('5a9734dc-a81e-48bd-afcb-cb7220a14eac', 'Nikolas Dibbert V', '11aed587-6ff8-41d5-8a7d-380e25720f59');
INSERT INTO Artiste (idArtiste, nom, idSpectacle) VALUES ('8da92f6b-8d3b-4148-8e24-f3b14abc4300', 'Anita Bradtke', '11aed587-6ff8-41d5-8a7d-380e25720f59');
INSERT INTO ImgSpectacle (idImg, img, idSpectacle) VALUES (112, 'image_spectacle_38_1.jpg', '11aed587-6ff8-41d5-8a7d-380e25720f59');
INSERT INTO ImgSpectacle (idImg, img, idSpectacle) VALUES (113, 'image_spectacle_38_2.jpg', '11aed587-6ff8-41d5-8a7d-380e25720f59');
INSERT INTO Spectacle (idSpectacle, titre, description, urlVideo, horairePrevionnel, idSoiree, idImg) VALUES ('e4c92f57-a6c9-4021-8ada-c43fc22e3d37', 'Spectacle 39', 'Officia similique odio omnis voluptatum id et inventore.', 'video_spectacle_39.mp4', '2023-04-19 16:39:57', '75c41783-b4ed-4d66-a885-cea29c3bcad5', 163);
INSERT INTO Artiste (idArtiste, nom, idSpectacle) VALUES ('cda7a760-4770-4bc3-991f-bd899782de00', 'Gillian Willms Sr.', 'e4c92f57-a6c9-4021-8ada-c43fc22e3d37');
INSERT INTO Artiste (idArtiste, nom, idSpectacle) VALUES ('c525983c-f041-4bce-9dd5-b338b6a56df8', 'Caitlyn Koch', 'e4c92f57-a6c9-4021-8ada-c43fc22e3d37');
INSERT INTO ImgSpectacle (idImg, img, idSpectacle) VALUES (115, 'image_spectacle_39_1.jpg', 'e4c92f57-a6c9-4021-8ada-c43fc22e3d37');
INSERT INTO ImgSpectacle (idImg, img, idSpectacle) VALUES (116, 'image_spectacle_39_2.jpg', 'e4c92f57-a6c9-4021-8ada-c43fc22e3d37');
INSERT INTO Spectacle (idSpectacle, titre, description, urlVideo, horairePrevionnel, idSoiree, idImg) VALUES ('c4f788cb-6ea0-461e-8ab5-fe051b77ddf3', 'Spectacle 40', 'Placeat voluptates et doloremque debitis.', 'video_spectacle_40.mp4', '2023-08-05 14:11:24', '75c41783-b4ed-4d66-a885-cea29c3bcad5', 125);
INSERT INTO Artiste (idArtiste, nom, idSpectacle) VALUES ('35b1a9cf-93a6-4467-a338-12aa15e9e9b9', 'Jessyca Boyle', 'c4f788cb-6ea0-461e-8ab5-fe051b77ddf3');
INSERT INTO Artiste (idArtiste, nom, idSpectacle) VALUES ('7217e585-957d-4a62-ab79-03c151f232d7', 'Allene Towne', 'c4f788cb-6ea0-461e-8ab5-fe051b77ddf3');
INSERT INTO Artiste (idArtiste, nom, idSpectacle) VALUES ('e740312c-d1ef-481d-abf5-193b708e70a5', 'Chad Gerlach', 'c4f788cb-6ea0-461e-8ab5-fe051b77ddf3');
INSERT INTO ImgSpectacle (idImg, img, idSpectacle) VALUES (118, 'image_spectacle_40_1.jpg', 'c4f788cb-6ea0-461e-8ab5-fe051b77ddf3');
INSERT INTO ImgSpectacle (idImg, img, idSpectacle) VALUES (119, 'image_spectacle_40_2.jpg', 'c4f788cb-6ea0-461e-8ab5-fe051b77ddf3');
INSERT INTO ImgSpectacle (idImg, img, idSpectacle) VALUES (120, 'image_spectacle_40_3.jpg', 'c4f788cb-6ea0-461e-8ab5-fe051b77ddf3');
INSERT INTO Spectacle (idSpectacle, titre, description, urlVideo, horairePrevionnel, idSoiree, idImg) VALUES ('cd7487fa-de6e-4336-ae6f-cc15c150d746', 'Spectacle 41', 'Quo repellat fuga sint hic ut illum quia.', 'video_spectacle_41.mp4', '2023-09-09 13:52:05', '75c41783-b4ed-4d66-a885-cea29c3bcad5', 294);
INSERT INTO Artiste (idArtiste, nom, idSpectacle) VALUES ('7ddcc0fb-7398-4f6f-a5c0-51ce0c9fecd6', 'Cooper Herzog', 'cd7487fa-de6e-4336-ae6f-cc15c150d746');
INSERT INTO ImgSpectacle (idImg, img, idSpectacle) VALUES (121, 'image_spectacle_41_1.jpg', 'cd7487fa-de6e-4336-ae6f-cc15c150d746');
INSERT INTO Spectacle (idSpectacle, titre, description, urlVideo, horairePrevionnel, idSoiree, idImg) VALUES ('06441fae-4e60-44e0-b752-5c403430c5e5', 'Spectacle 42', 'Nihil eum dolor est cum nostrum beatae.', 'video_spectacle_42.mp4', '2023-03-19 05:36:40', '75c41783-b4ed-4d66-a885-cea29c3bcad5', 150);
INSERT INTO Artiste (idArtiste, nom, idSpectacle) VALUES ('4729f323-da6e-4e57-bc16-91bdb437d9cb', 'Norberto Dare', '06441fae-4e60-44e0-b752-5c403430c5e5');
INSERT INTO Artiste (idArtiste, nom, idSpectacle) VALUES ('6de927b5-a2db-48d2-9d1a-120e00d7d699', 'Eula Mayer III', '06441fae-4e60-44e0-b752-5c403430c5e5');
INSERT INTO Artiste (idArtiste, nom, idSpectacle) VALUES ('a1de317a-ff14-456a-9dc1-555ee33480d5', 'Nathanael Romaguera PhD', '06441fae-4e60-44e0-b752-5c403430c5e5');
INSERT INTO ImgSpectacle (idImg, img, idSpectacle) VALUES (124, 'image_spectacle_42_1.jpg', '06441fae-4e60-44e0-b752-5c403430c5e5');
INSERT INTO ImgSpectacle (idImg, img, idSpectacle) VALUES (125, 'image_spectacle_42_2.jpg', '06441fae-4e60-44e0-b752-5c403430c5e5');
INSERT INTO ImgSpectacle (idImg, img, idSpectacle) VALUES (126, 'image_spectacle_42_3.jpg', '06441fae-4e60-44e0-b752-5c403430c5e5');
INSERT INTO Spectacle (idSpectacle, titre, description, urlVideo, horairePrevionnel, idSoiree, idImg) VALUES ('b947a622-bb20-4224-bee3-81ed5b7e54b4', 'Spectacle 43', 'Libero et illo consequatur aut asperiores omnis.', 'video_spectacle_43.mp4', '2023-05-23 17:40:29', '75c41783-b4ed-4d66-a885-cea29c3bcad5', 22);
INSERT INTO Artiste (idArtiste, nom, idSpectacle) VALUES ('a9f5071f-6d23-464a-8419-a0bf47f9dbe5', 'Keith Casper', 'b947a622-bb20-4224-bee3-81ed5b7e54b4');
INSERT INTO ImgSpectacle (idImg, img, idSpectacle) VALUES (127, 'image_spectacle_43_1.jpg', 'b947a622-bb20-4224-bee3-81ed5b7e54b4');
INSERT INTO ImgSpectacle (idImg, img, idSpectacle) VALUES (128, 'image_spectacle_43_2.jpg', 'b947a622-bb20-4224-bee3-81ed5b7e54b4');
INSERT INTO Spectacle (idSpectacle, titre, description, urlVideo, horairePrevionnel, idSoiree, idImg) VALUES ('569d4638-9eda-4ae9-b3a8-be98848bc55e', 'Spectacle 44', 'Autem aut dolorem et assumenda quod accusamus.', 'video_spectacle_44.mp4', '2023-02-27 01:09:38', '75c41783-b4ed-4d66-a885-cea29c3bcad5', 220);
INSERT INTO Artiste (idArtiste, nom, idSpectacle) VALUES ('2cc0eed4-ff3b-4e6d-9e02-d1702792ca32', 'Mr. Kayden Schulist', '569d4638-9eda-4ae9-b3a8-be98848bc55e');
INSERT INTO Artiste (idArtiste, nom, idSpectacle) VALUES ('ab533e3c-3e2d-4f0a-ab6b-0b6d8829b835', 'Jeanie Schneider', '569d4638-9eda-4ae9-b3a8-be98848bc55e');
INSERT INTO Artiste (idArtiste, nom, idSpectacle) VALUES ('274834e1-ccef-45a0-903e-ffbb180ac60c', 'Jamaal Labadie MD', '569d4638-9eda-4ae9-b3a8-be98848bc55e');
INSERT INTO ImgSpectacle (idImg, img, idSpectacle) VALUES (130, 'image_spectacle_44_1.jpg', '569d4638-9eda-4ae9-b3a8-be98848bc55e');
INSERT INTO ImgSpectacle (idImg, img, idSpectacle) VALUES (131, 'image_spectacle_44_2.jpg', '569d4638-9eda-4ae9-b3a8-be98848bc55e');
INSERT INTO Spectacle (idSpectacle, titre, description, urlVideo, horairePrevionnel, idSoiree, idImg) VALUES ('06e869c7-5cd1-440c-82a6-790e4c024183', 'Spectacle 45', 'Autem et dolore et qui.', 'video_spectacle_45.mp4', '2023-09-12 12:02:36', '75c41783-b4ed-4d66-a885-cea29c3bcad5', 97);
INSERT INTO Artiste (idArtiste, nom, idSpectacle) VALUES ('9b74db0c-bee5-4997-84a7-cbbe140d12be', 'Lazaro Herzog', '06e869c7-5cd1-440c-82a6-790e4c024183');
INSERT INTO Artiste (idArtiste, nom, idSpectacle) VALUES ('c952c8a0-7910-4c23-93d7-65d9a7822d87', 'Carlo Kessler', '06e869c7-5cd1-440c-82a6-790e4c024183');
INSERT INTO Artiste (idArtiste, nom, idSpectacle) VALUES ('fd46feb0-11fb-4f74-95c7-e7cf8e864400', 'Annie Bashirian', '06e869c7-5cd1-440c-82a6-790e4c024183');
INSERT INTO ImgSpectacle (idImg, img, idSpectacle) VALUES (133, 'image_spectacle_45_1.jpg', '06e869c7-5cd1-440c-82a6-790e4c024183');
INSERT INTO Spectacle (idSpectacle, titre, description, urlVideo, horairePrevionnel, idSoiree, idImg) VALUES ('1c06aa06-b243-4604-96ab-5986b5ba672b', 'Spectacle 46', 'Dolorem aut maiores et est cum dolor atque libero.', 'video_spectacle_46.mp4', '2023-05-14 10:35:25', '75c41783-b4ed-4d66-a885-cea29c3bcad5', 175);
INSERT INTO Artiste (idArtiste, nom, idSpectacle) VALUES ('9d645920-39c8-4b10-a4da-2cc60a5e75ab', 'Trisha Jacobi Sr.', '1c06aa06-b243-4604-96ab-5986b5ba672b');
INSERT INTO ImgSpectacle (idImg, img, idSpectacle) VALUES (136, 'image_spectacle_46_1.jpg', '1c06aa06-b243-4604-96ab-5986b5ba672b');
INSERT INTO ImgSpectacle (idImg, img, idSpectacle) VALUES (137, 'image_spectacle_46_2.jpg', '1c06aa06-b243-4604-96ab-5986b5ba672b');
INSERT INTO ImgSpectacle (idImg, img, idSpectacle) VALUES (138, 'image_spectacle_46_3.jpg', '1c06aa06-b243-4604-96ab-5986b5ba672b');
INSERT INTO Spectacle (idSpectacle, titre, description, urlVideo, horairePrevionnel, idSoiree, idImg) VALUES ('57052c49-6af3-4576-8136-276d751779b6', 'Spectacle 47', 'Excepturi delectus deserunt consequatur deserunt ducimus dolor non.', 'video_spectacle_47.mp4', '2023-09-03 20:51:12', '75c41783-b4ed-4d66-a885-cea29c3bcad5', 224);
INSERT INTO Artiste (idArtiste, nom, idSpectacle) VALUES ('61acfd6d-d177-464c-a6b7-f78d62c1a2f3', 'Krystina Schumm', '57052c49-6af3-4576-8136-276d751779b6');
INSERT INTO Artiste (idArtiste, nom, idSpectacle) VALUES ('f904899f-fb07-4bd6-b2fa-a0d202e6a477', 'Stuart West', '57052c49-6af3-4576-8136-276d751779b6');
INSERT INTO Artiste (idArtiste, nom, idSpectacle) VALUES ('1a3861db-3be9-498b-bccb-2139c86bbb37', 'Dr. Allene Hoppe', '57052c49-6af3-4576-8136-276d751779b6');
INSERT INTO ImgSpectacle (idImg, img, idSpectacle) VALUES (139, 'image_spectacle_47_1.jpg', '57052c49-6af3-4576-8136-276d751779b6');
INSERT INTO ImgSpectacle (idImg, img, idSpectacle) VALUES (140, 'image_spectacle_47_2.jpg', '57052c49-6af3-4576-8136-276d751779b6');
INSERT INTO Spectacle (idSpectacle, titre, description, urlVideo, horairePrevionnel, idSoiree, idImg) VALUES ('6a4ff479-8600-4354-9303-5debb704ce92', 'Spectacle 48', 'Voluptatem laboriosam voluptates nisi itaque est magnam.', 'video_spectacle_48.mp4', '2023-09-10 09:01:58', '75c41783-b4ed-4d66-a885-cea29c3bcad5', 82);
INSERT INTO Artiste (idArtiste, nom, idSpectacle) VALUES ('2663058c-09e6-42eb-a07c-65c66202330c', 'Miss Viva Russel', '6a4ff479-8600-4354-9303-5debb704ce92');
INSERT INTO Artiste (idArtiste, nom, idSpectacle) VALUES ('3b52e69d-e3f1-4798-866a-8809256f9669', 'Maryam Schowalter', '6a4ff479-8600-4354-9303-5debb704ce92');
INSERT INTO ImgSpectacle (idImg, img, idSpectacle) VALUES (142, 'image_spectacle_48_1.jpg', '6a4ff479-8600-4354-9303-5debb704ce92');
INSERT INTO Spectacle (idSpectacle, titre, description, urlVideo, horairePrevionnel, idSoiree, idImg) VALUES ('481b9247-0847-47f4-a892-5751b9996bf0', 'Spectacle 49', 'Et sunt ad incidunt autem reprehenderit ut ad est.', 'video_spectacle_49.mp4', '2023-02-03 03:01:14', '75c41783-b4ed-4d66-a885-cea29c3bcad5', 230);
INSERT INTO Artiste (idArtiste, nom, idSpectacle) VALUES ('34940978-ea77-44f7-b9f3-e6df8c9d4ec9', 'Skyla Reichel', '481b9247-0847-47f4-a892-5751b9996bf0');
INSERT INTO Artiste (idArtiste, nom, idSpectacle) VALUES ('9a01111c-501f-48d8-9ccf-8bb6c5f11b11', 'Aletha Gulgowski', '481b9247-0847-47f4-a892-5751b9996bf0');
INSERT INTO ImgSpectacle (idImg, img, idSpectacle) VALUES (145, 'image_spectacle_49_1.jpg', '481b9247-0847-47f4-a892-5751b9996bf0');
INSERT INTO ImgSpectacle (idImg, img, idSpectacle) VALUES (146, 'image_spectacle_49_2.jpg', '481b9247-0847-47f4-a892-5751b9996bf0');
INSERT INTO ImgSpectacle (idImg, img, idSpectacle) VALUES (147, 'image_spectacle_49_3.jpg', '481b9247-0847-47f4-a892-5751b9996bf0');
INSERT INTO Spectacle (idSpectacle, titre, description, urlVideo, horairePrevionnel, idSoiree, idImg) VALUES ('ebf21974-05d7-4fbc-bc55-beadabac417f', 'Spectacle 50', 'Id beatae qui fugiat et omnis nihil.', 'video_spectacle_50.mp4', '2023-01-17 13:48:38', '75c41783-b4ed-4d66-a885-cea29c3bcad5', 326);
INSERT INTO Artiste (idArtiste, nom, idSpectacle) VALUES ('720f1e91-4035-4d75-b538-d7b99137db1f', 'Ms. Daisha Russel', 'ebf21974-05d7-4fbc-bc55-beadabac417f');
INSERT INTO ImgSpectacle (idImg, img, idSpectacle) VALUES (148, 'image_spectacle_50_1.jpg', 'ebf21974-05d7-4fbc-bc55-beadabac417f');
INSERT INTO ImgSpectacle (idImg, img, idSpectacle) VALUES (149, 'image_spectacle_50_2.jpg', 'ebf21974-05d7-4fbc-bc55-beadabac417f');
INSERT INTO ImgSpectacle (idImg, img, idSpectacle) VALUES (150, 'image_spectacle_50_3.jpg', 'ebf21974-05d7-4fbc-bc55-beadabac417f');
INSERT INTO Spectacle (idSpectacle, titre, description, urlVideo, horairePrevionnel, idSoiree, idImg) VALUES ('ced1e397-1f61-420a-b48a-93d417cabb0b', 'Spectacle 51', 'Incidunt dolores facilis rerum repellat non.', 'video_spectacle_51.mp4', '2023-10-25 20:11:34', '75c41783-b4ed-4d66-a885-cea29c3bcad5', 300);
INSERT INTO Artiste (idArtiste, nom, idSpectacle) VALUES ('509510c0-e593-4193-9c1d-0a38cf5a7317', 'Mrs. Rebekah Abshire', 'ced1e397-1f61-420a-b48a-93d417cabb0b');
INSERT INTO Artiste (idArtiste, nom, idSpectacle) VALUES ('32eb57ea-fa48-4efd-85be-7dd801615f95', 'Jadyn Mueller', 'ced1e397-1f61-420a-b48a-93d417cabb0b');
INSERT INTO ImgSpectacle (idImg, img, idSpectacle) VALUES (151, 'image_spectacle_51_1.jpg', 'ced1e397-1f61-420a-b48a-93d417cabb0b');
INSERT INTO Spectacle (idSpectacle, titre, description, urlVideo, horairePrevionnel, idSoiree, idImg) VALUES ('f5535cbb-8d2c-412c-905d-25058c2632c1', 'Spectacle 52', 'Est et eveniet aut quia quibusdam molestiae sit.', 'video_spectacle_52.mp4', '2023-07-02 02:53:40', '75c41783-b4ed-4d66-a885-cea29c3bcad5', 130);
INSERT INTO Artiste (idArtiste, nom, idSpectacle) VALUES ('a5a29400-d5b7-4ea3-947a-a53b1f8560e8', 'Beryl Satterfield', 'f5535cbb-8d2c-412c-905d-25058c2632c1');
INSERT INTO Artiste (idArtiste, nom, idSpectacle) VALUES ('7cb4f960-72f8-42dc-bb6c-bff11cba01a9', 'Mr. Mateo Mueller I', 'f5535cbb-8d2c-412c-905d-25058c2632c1');
INSERT INTO ImgSpectacle (idImg, img, idSpectacle) VALUES (154, 'image_spectacle_52_1.jpg', 'f5535cbb-8d2c-412c-905d-25058c2632c1');
INSERT INTO ImgSpectacle (idImg, img, idSpectacle) VALUES (155, 'image_spectacle_52_2.jpg', 'f5535cbb-8d2c-412c-905d-25058c2632c1');
INSERT INTO ImgSpectacle (idImg, img, idSpectacle) VALUES (156, 'image_spectacle_52_3.jpg', 'f5535cbb-8d2c-412c-905d-25058c2632c1');
INSERT INTO Spectacle (idSpectacle, titre, description, urlVideo, horairePrevionnel, idSoiree, idImg) VALUES ('8fac4882-a31b-4dec-baa3-02e595e9b14d', 'Spectacle 53', 'Ducimus laboriosam atque a.', 'video_spectacle_53.mp4', '2023-04-28 19:17:40', '75c41783-b4ed-4d66-a885-cea29c3bcad5', 311);
INSERT INTO Artiste (idArtiste, nom, idSpectacle) VALUES ('acc445f5-deb4-4062-bc59-c2148a3fc264', 'Mr. Mariano Kirlin Sr.', '8fac4882-a31b-4dec-baa3-02e595e9b14d');
INSERT INTO ImgSpectacle (idImg, img, idSpectacle) VALUES (157, 'image_spectacle_53_1.jpg', '8fac4882-a31b-4dec-baa3-02e595e9b14d');
INSERT INTO ImgSpectacle (idImg, img, idSpectacle) VALUES (158, 'image_spectacle_53_2.jpg', '8fac4882-a31b-4dec-baa3-02e595e9b14d');
INSERT INTO Spectacle (idSpectacle, titre, description, urlVideo, horairePrevionnel, idSoiree, idImg) VALUES ('d1eeeb23-74d7-4f0e-bbb6-91c7dd1d94cd', 'Spectacle 54', 'Nostrum voluptas et perspiciatis sed ullam quis omnis beatae.', 'video_spectacle_54.mp4', '2023-02-22 12:51:22', '75c41783-b4ed-4d66-a885-cea29c3bcad5', 216);
INSERT INTO Artiste (idArtiste, nom, idSpectacle) VALUES ('fd05978b-2dc0-43bf-89e8-9d5a77d9c30f', 'Camden Haag', 'd1eeeb23-74d7-4f0e-bbb6-91c7dd1d94cd');
INSERT INTO Artiste (idArtiste, nom, idSpectacle) VALUES ('ec1966c1-fce8-437c-952f-15f7cbcd02f6', 'Lela Bailey', 'd1eeeb23-74d7-4f0e-bbb6-91c7dd1d94cd');
INSERT INTO Artiste (idArtiste, nom, idSpectacle) VALUES ('c239f9be-8e51-4dce-a786-4c0d619cf9b8', 'Cory Jacobi', 'd1eeeb23-74d7-4f0e-bbb6-91c7dd1d94cd');
INSERT INTO ImgSpectacle (idImg, img, idSpectacle) VALUES (160, 'image_spectacle_54_1.jpg', 'd1eeeb23-74d7-4f0e-bbb6-91c7dd1d94cd');
INSERT INTO ImgSpectacle (idImg, img, idSpectacle) VALUES (161, 'image_spectacle_54_2.jpg', 'd1eeeb23-74d7-4f0e-bbb6-91c7dd1d94cd');
INSERT INTO Spectacle (idSpectacle, titre, description, urlVideo, horairePrevionnel, idSoiree, idImg) VALUES ('67fba500-9432-491a-b930-230f744591f1', 'Spectacle 55', 'Vel quisquam illum voluptatibus ipsa illum non optio.', 'video_spectacle_55.mp4', '2023-08-02 21:18:30', '75c41783-b4ed-4d66-a885-cea29c3bcad5', 61);
INSERT INTO Artiste (idArtiste, nom, idSpectacle) VALUES ('35384eb5-1746-4e22-8ab3-3786af8de232', 'Ms. Haven Crist', '67fba500-9432-491a-b930-230f744591f1');
INSERT INTO Artiste (idArtiste, nom, idSpectacle) VALUES ('ef8cffb9-6dd2-49f7-9abe-8b60e9909e7d', 'Marlen Wyman', '67fba500-9432-491a-b930-230f744591f1');
INSERT INTO ImgSpectacle (idImg, img, idSpectacle) VALUES (163, 'image_spectacle_55_1.jpg', '67fba500-9432-491a-b930-230f744591f1');
INSERT INTO Spectacle (idSpectacle, titre, description, urlVideo, horairePrevionnel, idSoiree, idImg) VALUES ('824c2995-fa36-45f9-8111-47a422ed4384', 'Spectacle 56', 'Iure nobis consequuntur nobis rem velit.', 'video_spectacle_56.mp4', '2023-09-10 15:06:41', '75c41783-b4ed-4d66-a885-cea29c3bcad5', 36);
INSERT INTO Artiste (idArtiste, nom, idSpectacle) VALUES ('d04a034c-d585-414c-8ac9-f255391435ff', 'Earnestine Walsh', '824c2995-fa36-45f9-8111-47a422ed4384');
INSERT INTO Artiste (idArtiste, nom, idSpectacle) VALUES ('39987991-9810-4c39-9480-951d481ac797', 'Kathryn Towne', '824c2995-fa36-45f9-8111-47a422ed4384');
INSERT INTO ImgSpectacle (idImg, img, idSpectacle) VALUES (166, 'image_spectacle_56_1.jpg', '824c2995-fa36-45f9-8111-47a422ed4384');
INSERT INTO ImgSpectacle (idImg, img, idSpectacle) VALUES (167, 'image_spectacle_56_2.jpg', '824c2995-fa36-45f9-8111-47a422ed4384');
INSERT INTO ImgSpectacle (idImg, img, idSpectacle) VALUES (168, 'image_spectacle_56_3.jpg', '824c2995-fa36-45f9-8111-47a422ed4384');
INSERT INTO Spectacle (idSpectacle, titre, description, urlVideo, horairePrevionnel, idSoiree, idImg) VALUES ('6a6e6821-61f1-443d-bb10-fc2b2f143961', 'Spectacle 57', 'Vel voluptatum ab et et deserunt.', 'video_spectacle_57.mp4', '2023-09-09 16:06:21', '75c41783-b4ed-4d66-a885-cea29c3bcad5', 62);
INSERT INTO Artiste (idArtiste, nom, idSpectacle) VALUES ('459fa198-9e61-4543-99a5-1197160b2f2e', 'Osborne Adams I', '6a6e6821-61f1-443d-bb10-fc2b2f143961');
INSERT INTO Artiste (idArtiste, nom, idSpectacle) VALUES ('3caf01ce-9cab-4309-bc45-5414039a2208', 'Simone Waters', '6a6e6821-61f1-443d-bb10-fc2b2f143961');
INSERT INTO ImgSpectacle (idImg, img, idSpectacle) VALUES (169, 'image_spectacle_57_1.jpg', '6a6e6821-61f1-443d-bb10-fc2b2f143961');
INSERT INTO ImgSpectacle (idImg, img, idSpectacle) VALUES (170, 'image_spectacle_57_2.jpg', '6a6e6821-61f1-443d-bb10-fc2b2f143961');
INSERT INTO ImgSpectacle (idImg, img, idSpectacle) VALUES (171, 'image_spectacle_57_3.jpg', '6a6e6821-61f1-443d-bb10-fc2b2f143961');
INSERT INTO Spectacle (idSpectacle, titre, description, urlVideo, horairePrevionnel, idSoiree, idImg) VALUES ('cbdecd4b-3a84-405e-86b9-2c1b6d399d84', 'Spectacle 58', 'Quisquam est repellendus porro quis.', 'video_spectacle_58.mp4', '2023-03-08 01:25:32', '75c41783-b4ed-4d66-a885-cea29c3bcad5', 272);
INSERT INTO Artiste (idArtiste, nom, idSpectacle) VALUES ('206d1a3a-35d0-4d89-beb2-460e14c9f50e', 'Prof. Krystel Wilkinson DDS', 'cbdecd4b-3a84-405e-86b9-2c1b6d399d84');
INSERT INTO Artiste (idArtiste, nom, idSpectacle) VALUES ('549ba3c1-1be6-4182-a4da-b26c7ddd2f86', 'Prof. Peyton Mohr', 'cbdecd4b-3a84-405e-86b9-2c1b6d399d84');
INSERT INTO Artiste (idArtiste, nom, idSpectacle) VALUES ('394bcc06-6e13-4ed0-a3f6-720372196d95', 'Jasen Dooley', 'cbdecd4b-3a84-405e-86b9-2c1b6d399d84');
INSERT INTO ImgSpectacle (idImg, img, idSpectacle) VALUES (172, 'image_spectacle_58_1.jpg', 'cbdecd4b-3a84-405e-86b9-2c1b6d399d84');
INSERT INTO ImgSpectacle (idImg, img, idSpectacle) VALUES (173, 'image_spectacle_58_2.jpg', 'cbdecd4b-3a84-405e-86b9-2c1b6d399d84');
INSERT INTO ImgSpectacle (idImg, img, idSpectacle) VALUES (174, 'image_spectacle_58_3.jpg', 'cbdecd4b-3a84-405e-86b9-2c1b6d399d84');
INSERT INTO Spectacle (idSpectacle, titre, description, urlVideo, horairePrevionnel, idSoiree, idImg) VALUES ('c14b356c-bc22-4aef-b4a1-bea1d49d00a5', 'Spectacle 59', 'Iste quaerat voluptas iure ea sed.', 'video_spectacle_59.mp4', '2023-03-23 04:46:27', '75c41783-b4ed-4d66-a885-cea29c3bcad5', 103);
INSERT INTO Artiste (idArtiste, nom, idSpectacle) VALUES ('7edf90b2-76c2-4d36-a62d-8d0776175157', 'Jenifer Keebler', 'c14b356c-bc22-4aef-b4a1-bea1d49d00a5');
INSERT INTO Artiste (idArtiste, nom, idSpectacle) VALUES ('fe0fc41b-ca2e-4233-bc41-320e2f592126', 'Esperanza Murazik V', 'c14b356c-bc22-4aef-b4a1-bea1d49d00a5');
INSERT INTO ImgSpectacle (idImg, img, idSpectacle) VALUES (175, 'image_spectacle_59_1.jpg', 'c14b356c-bc22-4aef-b4a1-bea1d49d00a5');
INSERT INTO ImgSpectacle (idImg, img, idSpectacle) VALUES (176, 'image_spectacle_59_2.jpg', 'c14b356c-bc22-4aef-b4a1-bea1d49d00a5');
INSERT INTO Spectacle (idSpectacle, titre, description, urlVideo, horairePrevionnel, idSoiree, idImg) VALUES ('2794e9da-5f7e-4755-954d-4fe024334e44', 'Spectacle 60', 'Voluptate consequatur quasi velit doloribus ut laborum delectus.', 'video_spectacle_60.mp4', '2023-06-03 23:21:01', '75c41783-b4ed-4d66-a885-cea29c3bcad5', 196);
INSERT INTO Artiste (idArtiste, nom, idSpectacle) VALUES ('d331b617-fda1-46e0-b0f5-6b359d18eb30', 'Tyra Leuschke', '2794e9da-5f7e-4755-954d-4fe024334e44');
INSERT INTO ImgSpectacle (idImg, img, idSpectacle) VALUES (178, 'image_spectacle_60_1.jpg', '2794e9da-5f7e-4755-954d-4fe024334e44');
INSERT INTO ImgSpectacle (idImg, img, idSpectacle) VALUES (179, 'image_spectacle_60_2.jpg', '2794e9da-5f7e-4755-954d-4fe024334e44');
INSERT INTO ImgSpectacle (idImg, img, idSpectacle) VALUES (180, 'image_spectacle_60_3.jpg', '2794e9da-5f7e-4755-954d-4fe024334e44');
INSERT INTO Spectacle (idSpectacle, titre, description, urlVideo, horairePrevionnel, idSoiree, idImg) VALUES ('5a2c9d45-1d74-4310-aa93-db9bf640cca3', 'Spectacle 61', 'Et impedit non autem quod hic excepturi.', 'video_spectacle_61.mp4', '2023-08-17 13:27:23', '75c41783-b4ed-4d66-a885-cea29c3bcad5', 321);
INSERT INTO Artiste (idArtiste, nom, idSpectacle) VALUES ('a587d10f-852a-4552-b0f2-30b2254261ae', 'Dr. Maida Goldner', '5a2c9d45-1d74-4310-aa93-db9bf640cca3');
INSERT INTO Artiste (idArtiste, nom, idSpectacle) VALUES ('67de122b-cb28-4f66-a20a-0546adc5c2cc', 'Kacey Paucek MD', '5a2c9d45-1d74-4310-aa93-db9bf640cca3');
INSERT INTO ImgSpectacle (idImg, img, idSpectacle) VALUES (181, 'image_spectacle_61_1.jpg', '5a2c9d45-1d74-4310-aa93-db9bf640cca3');
INSERT INTO ImgSpectacle (idImg, img, idSpectacle) VALUES (182, 'image_spectacle_61_2.jpg', '5a2c9d45-1d74-4310-aa93-db9bf640cca3');
INSERT INTO ImgSpectacle (idImg, img, idSpectacle) VALUES (183, 'image_spectacle_61_3.jpg', '5a2c9d45-1d74-4310-aa93-db9bf640cca3');
INSERT INTO Spectacle (idSpectacle, titre, description, urlVideo, horairePrevionnel, idSoiree, idImg) VALUES ('ea0bc470-9501-4705-87b6-c2cc53b06a28', 'Spectacle 62', 'Consequatur et est et explicabo aperiam architecto veniam.', 'video_spectacle_62.mp4', '2023-04-20 06:15:11', '75c41783-b4ed-4d66-a885-cea29c3bcad5', 156);
INSERT INTO Artiste (idArtiste, nom, idSpectacle) VALUES ('b60c0cfa-59a3-4bef-bf9c-1bdcc57e344d', 'Mr. Rasheed Lemke I', 'ea0bc470-9501-4705-87b6-c2cc53b06a28');
INSERT INTO Artiste (idArtiste, nom, idSpectacle) VALUES ('55392625-b3c3-4791-94c4-baef1a9590f1', 'Dr. Marcus D'Amore', 'ea0bc470-9501-4705-87b6-c2cc53b06a28');
INSERT INTO Artiste (idArtiste, nom, idSpectacle) VALUES ('68e231a0-fae0-43d1-9e48-fe670bb64881', 'Jeffry O'Kon', 'ea0bc470-9501-4705-87b6-c2cc53b06a28');
INSERT INTO ImgSpectacle (idImg, img, idSpectacle) VALUES (184, 'image_spectacle_62_1.jpg', 'ea0bc470-9501-4705-87b6-c2cc53b06a28');
INSERT INTO ImgSpectacle (idImg, img, idSpectacle) VALUES (185, 'image_spectacle_62_2.jpg', 'ea0bc470-9501-4705-87b6-c2cc53b06a28');
INSERT INTO ImgSpectacle (idImg, img, idSpectacle) VALUES (186, 'image_spectacle_62_3.jpg', 'ea0bc470-9501-4705-87b6-c2cc53b06a28');
INSERT INTO Spectacle (idSpectacle, titre, description, urlVideo, horairePrevionnel, idSoiree, idImg) VALUES ('8055e387-8883-4342-8192-764108351dd3', 'Spectacle 63', 'Neque quaerat eos asperiores et cumque.', 'video_spectacle_63.mp4', '2023-03-21 00:20:00', '75c41783-b4ed-4d66-a885-cea29c3bcad5', 199);
INSERT INTO Artiste (idArtiste, nom, idSpectacle) VALUES ('a34597fa-3fa0-4ba6-b086-47f24e53c0b4', 'Prof. Vernon Botsford PhD', '8055e387-8883-4342-8192-764108351dd3');
INSERT INTO ImgSpectacle (idImg, img, idSpectacle) VALUES (187, 'image_spectacle_63_1.jpg', '8055e387-8883-4342-8192-764108351dd3');
INSERT INTO ImgSpectacle (idImg, img, idSpectacle) VALUES (188, 'image_spectacle_63_2.jpg', '8055e387-8883-4342-8192-764108351dd3');
INSERT INTO ImgSpectacle (idImg, img, idSpectacle) VALUES (189, 'image_spectacle_63_3.jpg', '8055e387-8883-4342-8192-764108351dd3');
INSERT INTO Spectacle (idSpectacle, titre, description, urlVideo, horairePrevionnel, idSoiree, idImg) VALUES ('6e3c1ee0-f9df-43c7-97f3-b33b1c6804ce', 'Spectacle 64', 'Aspernatur maxime reprehenderit enim quo.', 'video_spectacle_64.mp4', '2023-07-23 20:24:43', '75c41783-b4ed-4d66-a885-cea29c3bcad5', 281);
INSERT INTO Artiste (idArtiste, nom, idSpectacle) VALUES ('104e3016-67f9-4ef2-aef7-a4592af32b87', 'Marilou Jones', '6e3c1ee0-f9df-43c7-97f3-b33b1c6804ce');
INSERT INTO Artiste (idArtiste, nom, idSpectacle) VALUES ('90faf3c8-18ce-458c-b9da-e44e84e7dd15', 'Ms. Abbigail Cruickshank MD', '6e3c1ee0-f9df-43c7-97f3-b33b1c6804ce');
INSERT INTO Artiste (idArtiste, nom, idSpectacle) VALUES ('2b627830-bc66-4bf1-8ca2-807b729a8c4b', 'Nicklaus Larkin', '6e3c1ee0-f9df-43c7-97f3-b33b1c6804ce');
INSERT INTO ImgSpectacle (idImg, img, idSpectacle) VALUES (190, 'image_spectacle_64_1.jpg', '6e3c1ee0-f9df-43c7-97f3-b33b1c6804ce');
INSERT INTO ImgSpectacle (idImg, img, idSpectacle) VALUES (191, 'image_spectacle_64_2.jpg', '6e3c1ee0-f9df-43c7-97f3-b33b1c6804ce');
INSERT INTO Spectacle (idSpectacle, titre, description, urlVideo, horairePrevionnel, idSoiree, idImg) VALUES ('805e29d3-43ae-4754-97de-e46bffb13d93', 'Spectacle 65', 'Neque sint esse at non voluptate excepturi est.', 'video_spectacle_65.mp4', '2023-01-30 19:49:55', '75c41783-b4ed-4d66-a885-cea29c3bcad5', 232);
INSERT INTO Artiste (idArtiste, nom, idSpectacle) VALUES ('6163df7d-1339-4dc1-85cf-8ef5778c7bf3', 'Elton Volkman', '805e29d3-43ae-4754-97de-e46bffb13d93');
INSERT INTO ImgSpectacle (idImg, img, idSpectacle) VALUES (193, 'image_spectacle_65_1.jpg', '805e29d3-43ae-4754-97de-e46bffb13d93');
INSERT INTO ImgSpectacle (idImg, img, idSpectacle) VALUES (194, 'image_spectacle_65_2.jpg', '805e29d3-43ae-4754-97de-e46bffb13d93');
INSERT INTO ImgSpectacle (idImg, img, idSpectacle) VALUES (195, 'image_spectacle_65_3.jpg', '805e29d3-43ae-4754-97de-e46bffb13d93');
INSERT INTO Spectacle (idSpectacle, titre, description, urlVideo, horairePrevionnel, idSoiree, idImg) VALUES ('4649b7b7-ff6b-4d46-8466-0dae37aaaa9c', 'Spectacle 66', 'Ratione cumque voluptas explicabo ut voluptatem qui facere.', 'video_spectacle_66.mp4', '2023-08-27 03:09:17', '75c41783-b4ed-4d66-a885-cea29c3bcad5', 318);
INSERT INTO Artiste (idArtiste, nom, idSpectacle) VALUES ('52cec571-c009-4d2d-a73f-dde3002dd224', 'Pearl Kuphal', '4649b7b7-ff6b-4d46-8466-0dae37aaaa9c');
INSERT INTO ImgSpectacle (idImg, img, idSpectacle) VALUES (196, 'image_spectacle_66_1.jpg', '4649b7b7-ff6b-4d46-8466-0dae37aaaa9c');
INSERT INTO ImgSpectacle (idImg, img, idSpectacle) VALUES (197, 'image_spectacle_66_2.jpg', '4649b7b7-ff6b-4d46-8466-0dae37aaaa9c');
INSERT INTO ImgSpectacle (idImg, img, idSpectacle) VALUES (198, 'image_spectacle_66_3.jpg', '4649b7b7-ff6b-4d46-8466-0dae37aaaa9c');
INSERT INTO Spectacle (idSpectacle, titre, description, urlVideo, horairePrevionnel, idSoiree, idImg) VALUES ('db31c6fa-9e69-4ab5-8c13-49e83cfe44d2', 'Spectacle 67', 'Ad in et corporis ut nulla.', 'video_spectacle_67.mp4', '2023-04-16 15:27:23', '75c41783-b4ed-4d66-a885-cea29c3bcad5', 346);
INSERT INTO Artiste (idArtiste, nom, idSpectacle) VALUES ('1d8ab7fc-77b3-4dba-a087-50d505834f66', 'Oren Hudson', 'db31c6fa-9e69-4ab5-8c13-49e83cfe44d2');
INSERT INTO Artiste (idArtiste, nom, idSpectacle) VALUES ('f2a9df38-8203-4b19-8d88-b984a9595643', 'Prof. Alivia Toy', 'db31c6fa-9e69-4ab5-8c13-49e83cfe44d2');
INSERT INTO Artiste (idArtiste, nom, idSpectacle) VALUES ('c404a359-e38a-4281-8153-aeb665fbaf7f', 'Prof. Magnolia Aufderhar V', 'db31c6fa-9e69-4ab5-8c13-49e83cfe44d2');
INSERT INTO ImgSpectacle (idImg, img, idSpectacle) VALUES (199, 'image_spectacle_67_1.jpg', 'db31c6fa-9e69-4ab5-8c13-49e83cfe44d2');
INSERT INTO ImgSpectacle (idImg, img, idSpectacle) VALUES (200, 'image_spectacle_67_2.jpg', 'db31c6fa-9e69-4ab5-8c13-49e83cfe44d2');
INSERT INTO ImgSpectacle (idImg, img, idSpectacle) VALUES (201, 'image_spectacle_67_3.jpg', 'db31c6fa-9e69-4ab5-8c13-49e83cfe44d2');
INSERT INTO Spectacle (idSpectacle, titre, description, urlVideo, horairePrevionnel, idSoiree, idImg) VALUES ('f289c894-ed6a-459f-8396-504684dad6d5', 'Spectacle 68', 'Porro iusto provident ullam odio nesciunt.', 'video_spectacle_68.mp4', '2023-01-28 15:38:39', '75c41783-b4ed-4d66-a885-cea29c3bcad5', 67);
INSERT INTO Artiste (idArtiste, nom, idSpectacle) VALUES ('1b6f619b-ab88-44cb-a30b-3590b5148ca4', 'Mr. King Dach', 'f289c894-ed6a-459f-8396-504684dad6d5');
INSERT INTO Artiste (idArtiste, nom, idSpectacle) VALUES ('1e4483d7-9b04-4b66-bf31-17e83c10b405', 'Dr. Van Hirthe DVM', 'f289c894-ed6a-459f-8396-504684dad6d5');
INSERT INTO Artiste (idArtiste, nom, idSpectacle) VALUES ('b6e9bdcc-349c-48b5-a739-f5e6c70ba187', 'Robb Aufderhar', 'f289c894-ed6a-459f-8396-504684dad6d5');
INSERT INTO ImgSpectacle (idImg, img, idSpectacle) VALUES (202, 'image_spectacle_68_1.jpg', 'f289c894-ed6a-459f-8396-504684dad6d5');
INSERT INTO ImgSpectacle (idImg, img, idSpectacle) VALUES (203, 'image_spectacle_68_2.jpg', 'f289c894-ed6a-459f-8396-504684dad6d5');
INSERT INTO ImgSpectacle (idImg, img, idSpectacle) VALUES (204, 'image_spectacle_68_3.jpg', 'f289c894-ed6a-459f-8396-504684dad6d5');
INSERT INTO Spectacle (idSpectacle, titre, description, urlVideo, horairePrevionnel, idSoiree, idImg) VALUES ('e138a8b5-a9d1-4e41-a3a9-cbfccbfa5695', 'Spectacle 69', 'Deserunt aperiam ut in et iusto.', 'video_spectacle_69.mp4', '2023-09-15 16:04:47', '75c41783-b4ed-4d66-a885-cea29c3bcad5', 108);
INSERT INTO Artiste (idArtiste, nom, idSpectacle) VALUES ('6b038330-f4a3-4f71-ae27-604ca7214d19', 'Sydney Kuhn', 'e138a8b5-a9d1-4e41-a3a9-cbfccbfa5695');
INSERT INTO Artiste (idArtiste, nom, idSpectacle) VALUES ('b48105c8-7b0d-4714-9e7c-a3616306049e', 'Ms. Camilla Kovacek V', 'e138a8b5-a9d1-4e41-a3a9-cbfccbfa5695');
INSERT INTO ImgSpectacle (idImg, img, idSpectacle) VALUES (205, 'image_spectacle_69_1.jpg', 'e138a8b5-a9d1-4e41-a3a9-cbfccbfa5695');
INSERT INTO ImgSpectacle (idImg, img, idSpectacle) VALUES (206, 'image_spectacle_69_2.jpg', 'e138a8b5-a9d1-4e41-a3a9-cbfccbfa5695');
INSERT INTO ImgSpectacle (idImg, img, idSpectacle) VALUES (207, 'image_spectacle_69_3.jpg', 'e138a8b5-a9d1-4e41-a3a9-cbfccbfa5695');
INSERT INTO Spectacle (idSpectacle, titre, description, urlVideo, horairePrevionnel, idSoiree, idImg) VALUES ('d5296853-f399-4f00-a149-99b15fb0084f', 'Spectacle 70', 'Iste nihil qui velit ratione amet quasi.', 'video_spectacle_70.mp4', '2023-08-09 19:40:51', '75c41783-b4ed-4d66-a885-cea29c3bcad5', 129);
INSERT INTO Artiste (idArtiste, nom, idSpectacle) VALUES ('6bb88368-1a77-47b3-8b8d-e53349e56e38', 'Gilbert Zemlak DVM', 'd5296853-f399-4f00-a149-99b15fb0084f');
INSERT INTO Artiste (idArtiste, nom, idSpectacle) VALUES ('64d8a601-f1f4-42cf-8251-1932dce85b3f', 'Stephan Hudson', 'd5296853-f399-4f00-a149-99b15fb0084f');
INSERT INTO ImgSpectacle (idImg, img, idSpectacle) VALUES (208, 'image_spectacle_70_1.jpg', 'd5296853-f399-4f00-a149-99b15fb0084f');
INSERT INTO Spectacle (idSpectacle, titre, description, urlVideo, horairePrevionnel, idSoiree, idImg) VALUES ('964d394b-05eb-48c3-85d0-0b2c8bea6d5f', 'Spectacle 71', 'Et eius in maxime maxime dolores incidunt.', 'video_spectacle_71.mp4', '2023-03-23 23:35:21', '75c41783-b4ed-4d66-a885-cea29c3bcad5', 328);
INSERT INTO Artiste (idArtiste, nom, idSpectacle) VALUES ('85ad274b-8a00-43f0-8ca2-d69124228342', 'Sibyl Jacobson', '964d394b-05eb-48c3-85d0-0b2c8bea6d5f');
INSERT INTO Artiste (idArtiste, nom, idSpectacle) VALUES ('66755f25-07b3-4268-b9df-b4cdd0248d06', 'Mr. Julio Treutel I', '964d394b-05eb-48c3-85d0-0b2c8bea6d5f');
INSERT INTO ImgSpectacle (idImg, img, idSpectacle) VALUES (211, 'image_spectacle_71_1.jpg', '964d394b-05eb-48c3-85d0-0b2c8bea6d5f');
INSERT INTO Spectacle (idSpectacle, titre, description, urlVideo, horairePrevionnel, idSoiree, idImg) VALUES ('49cb4f46-ccd4-4286-89fb-2976a318faea', 'Spectacle 72', 'Et itaque voluptates delectus quis.', 'video_spectacle_72.mp4', '2023-07-02 00:36:24', '75c41783-b4ed-4d66-a885-cea29c3bcad5', 43);
INSERT INTO Artiste (idArtiste, nom, idSpectacle) VALUES ('e6a306ec-663c-4950-89c1-cf191941b5ee', 'Moshe Quigley', '49cb4f46-ccd4-4286-89fb-2976a318faea');
INSERT INTO Artiste (idArtiste, nom, idSpectacle) VALUES ('a868e05a-167e-4355-baac-9e15a4c21d54', 'Mrs. Elouise Kerluke I', '49cb4f46-ccd4-4286-89fb-2976a318faea');
INSERT INTO Artiste (idArtiste, nom, idSpectacle) VALUES ('553e00f9-fa18-4fe8-8ae7-064e05b32a31', 'Jabari Turner', '49cb4f46-ccd4-4286-89fb-2976a318faea');
INSERT INTO ImgSpectacle (idImg, img, idSpectacle) VALUES (214, 'image_spectacle_72_1.jpg', '49cb4f46-ccd4-4286-89fb-2976a318faea');
INSERT INTO Spectacle (idSpectacle, titre, description, urlVideo, horairePrevionnel, idSoiree, idImg) VALUES ('8759a924-8dd2-4148-9e1e-0245aa0781d8', 'Spectacle 73', 'Suscipit qui earum distinctio architecto consequatur officia molestiae quis.', 'video_spectacle_73.mp4', '2023-04-22 13:41:01', '75c41783-b4ed-4d66-a885-cea29c3bcad5', 5);
INSERT INTO Artiste (idArtiste, nom, idSpectacle) VALUES ('fc3d6026-c006-4804-9b63-bcd95277a4c1', 'Nick Bashirian', '8759a924-8dd2-4148-9e1e-0245aa0781d8');
INSERT INTO ImgSpectacle (idImg, img, idSpectacle) VALUES (217, 'image_spectacle_73_1.jpg', '8759a924-8dd2-4148-9e1e-0245aa0781d8');
INSERT INTO Spectacle (idSpectacle, titre, description, urlVideo, horairePrevionnel, idSoiree, idImg) VALUES ('1df6bfde-723c-4273-bf6d-96c8e775f6fd', 'Spectacle 74', 'Est molestiae quas officia odio iusto a accusamus.', 'video_spectacle_74.mp4', '2023-06-09 00:10:05', '75c41783-b4ed-4d66-a885-cea29c3bcad5', 175);
INSERT INTO Artiste (idArtiste, nom, idSpectacle) VALUES ('08e671b4-7e50-4efa-99f1-4f628465be92', 'Paige Botsford Sr.', '1df6bfde-723c-4273-bf6d-96c8e775f6fd');
INSERT INTO ImgSpectacle (idImg, img, idSpectacle) VALUES (220, 'image_spectacle_74_1.jpg', '1df6bfde-723c-4273-bf6d-96c8e775f6fd');
INSERT INTO Spectacle (idSpectacle, titre, description, urlVideo, horairePrevionnel, idSoiree, idImg) VALUES ('6369fdb4-8216-4f9c-98fc-8a99ee389238', 'Spectacle 75', 'Quia nostrum ut quaerat nesciunt aut et eveniet.', 'video_spectacle_75.mp4', '2023-10-18 17:09:03', '75c41783-b4ed-4d66-a885-cea29c3bcad5', 9);
INSERT INTO Artiste (idArtiste, nom, idSpectacle) VALUES ('c6594ef8-b221-43c0-866d-cf27f66adb8f', 'Prof. Esta Anderson', '6369fdb4-8216-4f9c-98fc-8a99ee389238');
INSERT INTO ImgSpectacle (idImg, img, idSpectacle) VALUES (223, 'image_spectacle_75_1.jpg', '6369fdb4-8216-4f9c-98fc-8a99ee389238');
INSERT INTO ImgSpectacle (idImg, img, idSpectacle) VALUES (224, 'image_spectacle_75_2.jpg', '6369fdb4-8216-4f9c-98fc-8a99ee389238');
INSERT INTO Spectacle (idSpectacle, titre, description, urlVideo, horairePrevionnel, idSoiree, idImg) VALUES ('df2caa75-f05d-4652-98d5-85ac5d19d030', 'Spectacle 76', 'Esse reprehenderit corporis reiciendis id exercitationem.', 'video_spectacle_76.mp4', '2023-04-23 21:24:58', '75c41783-b4ed-4d66-a885-cea29c3bcad5', 265);
INSERT INTO Artiste (idArtiste, nom, idSpectacle) VALUES ('a8944e72-aa5c-488e-a25c-007cb3f973f7', 'Mr. Ethel Swaniawski III', 'df2caa75-f05d-4652-98d5-85ac5d19d030');
INSERT INTO ImgSpectacle (idImg, img, idSpectacle) VALUES (226, 'image_spectacle_76_1.jpg', 'df2caa75-f05d-4652-98d5-85ac5d19d030');
INSERT INTO ImgSpectacle (idImg, img, idSpectacle) VALUES (227, 'image_spectacle_76_2.jpg', 'df2caa75-f05d-4652-98d5-85ac5d19d030');
INSERT INTO ImgSpectacle (idImg, img, idSpectacle) VALUES (228, 'image_spectacle_76_3.jpg', 'df2caa75-f05d-4652-98d5-85ac5d19d030');
INSERT INTO Spectacle (idSpectacle, titre, description, urlVideo, horairePrevionnel, idSoiree, idImg) VALUES ('954eda0f-391a-4e13-a42b-16efb5620a48', 'Spectacle 77', 'Qui porro sint repudiandae non.', 'video_spectacle_77.mp4', '2023-09-18 06:40:35', '75c41783-b4ed-4d66-a885-cea29c3bcad5', 267);
INSERT INTO Artiste (idArtiste, nom, idSpectacle) VALUES ('0762aa2b-d10f-407f-a909-8d54e7c2fc1f', 'Vicky Parker', '954eda0f-391a-4e13-a42b-16efb5620a48');
INSERT INTO ImgSpectacle (idImg, img, idSpectacle) VALUES (229, 'image_spectacle_77_1.jpg', '954eda0f-391a-4e13-a42b-16efb5620a48');
INSERT INTO ImgSpectacle (idImg, img, idSpectacle) VALUES (230, 'image_spectacle_77_2.jpg', '954eda0f-391a-4e13-a42b-16efb5620a48');
INSERT INTO Spectacle (idSpectacle, titre, description, urlVideo, horairePrevionnel, idSoiree, idImg) VALUES ('a3ee9a71-ca1d-4755-ba99-777418139da7', 'Spectacle 78', 'Vitae reprehenderit minima quas eos.', 'video_spectacle_78.mp4', '2023-06-12 18:06:31', '75c41783-b4ed-4d66-a885-cea29c3bcad5', 301);
INSERT INTO Artiste (idArtiste, nom, idSpectacle) VALUES ('e4599822-d9d8-4d3e-a099-9097b6628f4a', 'Maxie Funk', 'a3ee9a71-ca1d-4755-ba99-777418139da7');
INSERT INTO Artiste (idArtiste, nom, idSpectacle) VALUES ('91f56020-c99c-4732-aee4-d5b2dc3ff6e4', 'Dandre Mayert', 'a3ee9a71-ca1d-4755-ba99-777418139da7');
INSERT INTO ImgSpectacle (idImg, img, idSpectacle) VALUES (232, 'image_spectacle_78_1.jpg', 'a3ee9a71-ca1d-4755-ba99-777418139da7');
INSERT INTO Spectacle (idSpectacle, titre, description, urlVideo, horairePrevionnel, idSoiree, idImg) VALUES ('d90dc51e-baf4-4bd5-960f-67a1b48a5066', 'Spectacle 79', 'Et quo ut ipsam repellendus qui laudantium.', 'video_spectacle_79.mp4', '2023-08-17 19:10:15', '75c41783-b4ed-4d66-a885-cea29c3bcad5', 60);
INSERT INTO Artiste (idArtiste, nom, idSpectacle) VALUES ('9308a9fc-b676-4660-b5e1-9b077be4e929', 'Prof. Emil Hirthe', 'd90dc51e-baf4-4bd5-960f-67a1b48a5066');
INSERT INTO Artiste (idArtiste, nom, idSpectacle) VALUES ('ca0875eb-3709-416d-97b6-a0291f2958e2', 'Ms. Micaela Ritchie III', 'd90dc51e-baf4-4bd5-960f-67a1b48a5066');
INSERT INTO ImgSpectacle (idImg, img, idSpectacle) VALUES (235, 'image_spectacle_79_1.jpg', 'd90dc51e-baf4-4bd5-960f-67a1b48a5066');
INSERT INTO Spectacle (idSpectacle, titre, description, urlVideo, horairePrevionnel, idSoiree, idImg) VALUES ('a0475b6a-9428-45a4-8eff-4a3a1ce3a6ce', 'Spectacle 80', 'Eaque perspiciatis et reiciendis sit non quis.', 'video_spectacle_80.mp4', '2023-06-01 17:49:23', '75c41783-b4ed-4d66-a885-cea29c3bcad5', 250);
INSERT INTO Artiste (idArtiste, nom, idSpectacle) VALUES ('919745ed-4c93-4725-bf72-c168f2843e09', 'Ibrahim Mante', 'a0475b6a-9428-45a4-8eff-4a3a1ce3a6ce');
INSERT INTO Artiste (idArtiste, nom, idSpectacle) VALUES ('9d803e59-742c-427b-9ed6-b8cec0bfe93f', 'Gabriel Ebert', 'a0475b6a-9428-45a4-8eff-4a3a1ce3a6ce');
INSERT INTO Artiste (idArtiste, nom, idSpectacle) VALUES ('0d6021ae-b01e-4cc4-8ade-6f13924db231', 'Grady Lockman', 'a0475b6a-9428-45a4-8eff-4a3a1ce3a6ce');
INSERT INTO ImgSpectacle (idImg, img, idSpectacle) VALUES (238, 'image_spectacle_80_1.jpg', 'a0475b6a-9428-45a4-8eff-4a3a1ce3a6ce');
INSERT INTO Spectacle (idSpectacle, titre, description, urlVideo, horairePrevionnel, idSoiree, idImg) VALUES ('104709b9-6d50-4b26-a894-0dfa16f4f8cb', 'Spectacle 81', 'Consequatur reprehenderit in dolorem provident earum sunt ab.', 'video_spectacle_81.mp4', '2023-03-26 18:02:31', '75c41783-b4ed-4d66-a885-cea29c3bcad5', 244);
INSERT INTO Artiste (idArtiste, nom, idSpectacle) VALUES ('980fee40-48ce-483e-af6b-fa2efc9ba06e', 'Kylie Kuhlman', '104709b9-6d50-4b26-a894-0dfa16f4f8cb');
INSERT INTO ImgSpectacle (idImg, img, idSpectacle) VALUES (241, 'image_spectacle_81_1.jpg', '104709b9-6d50-4b26-a894-0dfa16f4f8cb');
INSERT INTO Spectacle (idSpectacle, titre, description, urlVideo, horairePrevionnel, idSoiree, idImg) VALUES ('2c153eae-14da-4a9b-ab86-b889b640eb4b', 'Spectacle 82', 'Qui aut incidunt est sunt tenetur maiores quis.', 'video_spectacle_82.mp4', '2023-05-27 22:13:15', '75c41783-b4ed-4d66-a885-cea29c3bcad5', 120);
INSERT INTO Artiste (idArtiste, nom, idSpectacle) VALUES ('cb12ae9a-8f7d-4011-9db4-055f73380591', 'Darian Lebsack IV', '2c153eae-14da-4a9b-ab86-b889b640eb4b');
INSERT INTO Artiste (idArtiste, nom, idSpectacle) VALUES ('f703998b-3052-4bf9-9f03-1870955acc01', 'Micheal Kohler IV', '2c153eae-14da-4a9b-ab86-b889b640eb4b');
INSERT INTO ImgSpectacle (idImg, img, idSpectacle) VALUES (244, 'image_spectacle_82_1.jpg', '2c153eae-14da-4a9b-ab86-b889b640eb4b');
INSERT INTO Spectacle (idSpectacle, titre, description, urlVideo, horairePrevionnel, idSoiree, idImg) VALUES ('6e4e80b3-7768-4657-ac9b-c1f7f63f37ec', 'Spectacle 83', 'Quae cumque quos fuga excepturi beatae at.', 'video_spectacle_83.mp4', '2023-08-27 16:29:51', '75c41783-b4ed-4d66-a885-cea29c3bcad5', 277);
INSERT INTO Artiste (idArtiste, nom, idSpectacle) VALUES ('2b0d4f47-b41c-4b14-bc5e-8d326940b524', 'Carolina Harvey', '6e4e80b3-7768-4657-ac9b-c1f7f63f37ec');
INSERT INTO ImgSpectacle (idImg, img, idSpectacle) VALUES (247, 'image_spectacle_83_1.jpg', '6e4e80b3-7768-4657-ac9b-c1f7f63f37ec');
INSERT INTO ImgSpectacle (idImg, img, idSpectacle) VALUES (248, 'image_spectacle_83_2.jpg', '6e4e80b3-7768-4657-ac9b-c1f7f63f37ec');
INSERT INTO Spectacle (idSpectacle, titre, description, urlVideo, horairePrevionnel, idSoiree, idImg) VALUES ('52a47bd4-c9bb-4374-a040-c6a34c00bdd9', 'Spectacle 84', 'Facilis non nobis ea iure.', 'video_spectacle_84.mp4', '2023-03-03 08:50:34', '75c41783-b4ed-4d66-a885-cea29c3bcad5', 333);
INSERT INTO Artiste (idArtiste, nom, idSpectacle) VALUES ('190a7c09-6616-497d-982f-3641384f23ce', 'Mrs. Hailee Gusikowski', '52a47bd4-c9bb-4374-a040-c6a34c00bdd9');
INSERT INTO Artiste (idArtiste, nom, idSpectacle) VALUES ('bc81473a-d83a-45f2-b750-ed6b864caa46', 'Dr. Estevan Buckridge Jr.', '52a47bd4-c9bb-4374-a040-c6a34c00bdd9');
INSERT INTO Artiste (idArtiste, nom, idSpectacle) VALUES ('133667e2-b504-4779-9c0f-be7236fe4858', 'Delfina Fadel', '52a47bd4-c9bb-4374-a040-c6a34c00bdd9');
INSERT INTO ImgSpectacle (idImg, img, idSpectacle) VALUES (250, 'image_spectacle_84_1.jpg', '52a47bd4-c9bb-4374-a040-c6a34c00bdd9');
INSERT INTO ImgSpectacle (idImg, img, idSpectacle) VALUES (251, 'image_spectacle_84_2.jpg', '52a47bd4-c9bb-4374-a040-c6a34c00bdd9');
INSERT INTO ImgSpectacle (idImg, img, idSpectacle) VALUES (252, 'image_spectacle_84_3.jpg', '52a47bd4-c9bb-4374-a040-c6a34c00bdd9');
INSERT INTO Spectacle (idSpectacle, titre, description, urlVideo, horairePrevionnel, idSoiree, idImg) VALUES ('1f83b5c2-5bd9-4b9d-a839-7190cb0588a1', 'Spectacle 85', 'Nulla dignissimos est veniam illo fugiat.', 'video_spectacle_85.mp4', '2023-04-27 09:08:05', '75c41783-b4ed-4d66-a885-cea29c3bcad5', 68);
INSERT INTO Artiste (idArtiste, nom, idSpectacle) VALUES ('d039f253-b6e5-4fe4-ae6a-57d8843c4bd3', 'Prof. Berta Stoltenberg V', '1f83b5c2-5bd9-4b9d-a839-7190cb0588a1');
INSERT INTO Artiste (idArtiste, nom, idSpectacle) VALUES ('c5269473-c7bc-430a-b045-242862302a8b', 'Sheldon Kemmer', '1f83b5c2-5bd9-4b9d-a839-7190cb0588a1');
INSERT INTO ImgSpectacle (idImg, img, idSpectacle) VALUES (253, 'image_spectacle_85_1.jpg', '1f83b5c2-5bd9-4b9d-a839-7190cb0588a1');
INSERT INTO Spectacle (idSpectacle, titre, description, urlVideo, horairePrevionnel, idSoiree, idImg) VALUES ('e186ee04-4a51-43b5-8445-ed6f896ca8ed', 'Spectacle 86', 'Quasi hic qui eos sint illo est dolorum qui.', 'video_spectacle_86.mp4', '2023-10-23 00:00:22', '75c41783-b4ed-4d66-a885-cea29c3bcad5', 191);
INSERT INTO Artiste (idArtiste, nom, idSpectacle) VALUES ('7fad170c-6eb2-49e8-a53d-4634a3c1873d', 'Dr. Jamir Weimann', 'e186ee04-4a51-43b5-8445-ed6f896ca8ed');
INSERT INTO Artiste (idArtiste, nom, idSpectacle) VALUES ('5e4f4743-4151-4c5f-91a3-5c41c2b3d292', 'Mason Vandervort', 'e186ee04-4a51-43b5-8445-ed6f896ca8ed');
INSERT INTO ImgSpectacle (idImg, img, idSpectacle) VALUES (256, 'image_spectacle_86_1.jpg', 'e186ee04-4a51-43b5-8445-ed6f896ca8ed');
INSERT INTO Spectacle (idSpectacle, titre, description, urlVideo, horairePrevionnel, idSoiree, idImg) VALUES ('22d1df1b-abe7-41da-953a-2a17998e6447', 'Spectacle 87', 'Molestiae quidem nostrum libero.', 'video_spectacle_87.mp4', '2023-03-20 20:55:34', '75c41783-b4ed-4d66-a885-cea29c3bcad5', 266);
INSERT INTO Artiste (idArtiste, nom, idSpectacle) VALUES ('5c4ccabf-ca02-4eb6-895c-5801f1a79695', 'Elmira Gislason I', '22d1df1b-abe7-41da-953a-2a17998e6447');
INSERT INTO ImgSpectacle (idImg, img, idSpectacle) VALUES (259, 'image_spectacle_87_1.jpg', '22d1df1b-abe7-41da-953a-2a17998e6447');
INSERT INTO Spectacle (idSpectacle, titre, description, urlVideo, horairePrevionnel, idSoiree, idImg) VALUES ('7382c6e7-0008-48b9-9921-b284f22e379c', 'Spectacle 88', 'Non cumque quod voluptate repudiandae praesentium.', 'video_spectacle_88.mp4', '2023-01-27 22:43:08', '75c41783-b4ed-4d66-a885-cea29c3bcad5', 19);
INSERT INTO Artiste (idArtiste, nom, idSpectacle) VALUES ('0d123fc4-2d6f-43a6-8124-b7dcd3ccf4c9', 'Edd Reilly DVM', '7382c6e7-0008-48b9-9921-b284f22e379c');
INSERT INTO ImgSpectacle (idImg, img, idSpectacle) VALUES (262, 'image_spectacle_88_1.jpg', '7382c6e7-0008-48b9-9921-b284f22e379c');
INSERT INTO ImgSpectacle (idImg, img, idSpectacle) VALUES (263, 'image_spectacle_88_2.jpg', '7382c6e7-0008-48b9-9921-b284f22e379c');
INSERT INTO Spectacle (idSpectacle, titre, description, urlVideo, horairePrevionnel, idSoiree, idImg) VALUES ('e742c271-6a51-405a-9ebc-cc497909e3eb', 'Spectacle 89', 'Asperiores voluptas animi alias nihil dolor enim.', 'video_spectacle_89.mp4', '2023-06-16 03:38:35', '75c41783-b4ed-4d66-a885-cea29c3bcad5', 221);
INSERT INTO Artiste (idArtiste, nom, idSpectacle) VALUES ('545f88c6-83a5-4b6c-8f9d-f508a926c557', 'Orie Gislason', 'e742c271-6a51-405a-9ebc-cc497909e3eb');
INSERT INTO ImgSpectacle (idImg, img, idSpectacle) VALUES (265, 'image_spectacle_89_1.jpg', 'e742c271-6a51-405a-9ebc-cc497909e3eb');
INSERT INTO Spectacle (idSpectacle, titre, description, urlVideo, horairePrevionnel, idSoiree, idImg) VALUES ('3a7453ac-3f2a-489f-b543-ca172a7f9714', 'Spectacle 90', 'Officia esse qui reiciendis placeat omnis facilis et.', 'video_spectacle_90.mp4', '2023-06-21 13:50:13', '75c41783-b4ed-4d66-a885-cea29c3bcad5', 17);
INSERT INTO Artiste (idArtiste, nom, idSpectacle) VALUES ('0e7e8374-33b4-4a4a-96f2-064e60bb2dcb', 'Vivian Watsica', '3a7453ac-3f2a-489f-b543-ca172a7f9714');
INSERT INTO Artiste (idArtiste, nom, idSpectacle) VALUES ('89aa21af-35f4-4ff7-b6b2-f353e6f51929', 'Domenic Stroman', '3a7453ac-3f2a-489f-b543-ca172a7f9714');
INSERT INTO ImgSpectacle (idImg, img, idSpectacle) VALUES (268, 'image_spectacle_90_1.jpg', '3a7453ac-3f2a-489f-b543-ca172a7f9714');
INSERT INTO ImgSpectacle (idImg, img, idSpectacle) VALUES (269, 'image_spectacle_90_2.jpg', '3a7453ac-3f2a-489f-b543-ca172a7f9714');
INSERT INTO ImgSpectacle (idImg, img, idSpectacle) VALUES (270, 'image_spectacle_90_3.jpg', '3a7453ac-3f2a-489f-b543-ca172a7f9714');
INSERT INTO Spectacle (idSpectacle, titre, description, urlVideo, horairePrevionnel, idSoiree, idImg) VALUES ('76c9431e-d013-4f72-a3ea-c7a9b712b4ac', 'Spectacle 91', 'Quia mollitia voluptate accusantium ea quas veritatis ab.', 'video_spectacle_91.mp4', '2023-10-03 14:21:29', '75c41783-b4ed-4d66-a885-cea29c3bcad5', 72);
INSERT INTO Artiste (idArtiste, nom, idSpectacle) VALUES ('a709cc1e-8e5d-43f9-a680-8f9facda256c', 'Prof. Christelle Jacobs PhD', '76c9431e-d013-4f72-a3ea-c7a9b712b4ac');
INSERT INTO Artiste (idArtiste, nom, idSpectacle) VALUES ('56c7708c-1322-4052-856f-f6e24df1b111', 'Cornelius Stracke', '76c9431e-d013-4f72-a3ea-c7a9b712b4ac');
INSERT INTO ImgSpectacle (idImg, img, idSpectacle) VALUES (271, 'image_spectacle_91_1.jpg', '76c9431e-d013-4f72-a3ea-c7a9b712b4ac');
INSERT INTO Spectacle (idSpectacle, titre, description, urlVideo, horairePrevionnel, idSoiree, idImg) VALUES ('1acb6c76-fcc9-4923-8156-3c913744ceea', 'Spectacle 92', 'Deserunt veritatis sed eveniet nesciunt veniam animi vel consequatur.', 'video_spectacle_92.mp4', '2023-02-21 18:49:33', '75c41783-b4ed-4d66-a885-cea29c3bcad5', 100);
INSERT INTO Artiste (idArtiste, nom, idSpectacle) VALUES ('921e6809-d92a-4760-9dec-544288eb8af2', 'Laurel McGlynn', '1acb6c76-fcc9-4923-8156-3c913744ceea');
INSERT INTO Artiste (idArtiste, nom, idSpectacle) VALUES ('77cfae3d-5a0c-428a-8347-f5939a19ec25', 'Ernie Bradtke', '1acb6c76-fcc9-4923-8156-3c913744ceea');
INSERT INTO ImgSpectacle (idImg, img, idSpectacle) VALUES (274, 'image_spectacle_92_1.jpg', '1acb6c76-fcc9-4923-8156-3c913744ceea');
INSERT INTO ImgSpectacle (idImg, img, idSpectacle) VALUES (275, 'image_spectacle_92_2.jpg', '1acb6c76-fcc9-4923-8156-3c913744ceea');
INSERT INTO Spectacle (idSpectacle, titre, description, urlVideo, horairePrevionnel, idSoiree, idImg) VALUES ('4cb5de57-e2f9-4c51-8dcb-e9a70f4d6e88', 'Spectacle 93', 'Dolore nesciunt voluptate perspiciatis expedita quia dolorem labore laudantium.', 'video_spectacle_93.mp4', '2023-10-20 17:54:22', '75c41783-b4ed-4d66-a885-cea29c3bcad5', 169);
INSERT INTO Artiste (idArtiste, nom, idSpectacle) VALUES ('48c2ddc1-1440-4371-9319-1a847c364933', 'Miss Geraldine Bailey Sr.', '4cb5de57-e2f9-4c51-8dcb-e9a70f4d6e88');
INSERT INTO Artiste (idArtiste, nom, idSpectacle) VALUES ('7a645f3d-9700-4241-b682-2c8076b1b5e9', 'Vernon Mraz', '4cb5de57-e2f9-4c51-8dcb-e9a70f4d6e88');
INSERT INTO ImgSpectacle (idImg, img, idSpectacle) VALUES (277, 'image_spectacle_93_1.jpg', '4cb5de57-e2f9-4c51-8dcb-e9a70f4d6e88');
INSERT INTO ImgSpectacle (idImg, img, idSpectacle) VALUES (278, 'image_spectacle_93_2.jpg', '4cb5de57-e2f9-4c51-8dcb-e9a70f4d6e88');
INSERT INTO Spectacle (idSpectacle, titre, description, urlVideo, horairePrevionnel, idSoiree, idImg) VALUES ('47463e4b-f88a-4191-952b-51ad7c78db89', 'Spectacle 94', 'Maiores ut sit ipsam voluptatem dolor asperiores exercitationem.', 'video_spectacle_94.mp4', '2023-04-30 16:42:28', '75c41783-b4ed-4d66-a885-cea29c3bcad5', 88);
INSERT INTO Artiste (idArtiste, nom, idSpectacle) VALUES ('9f082e04-5675-49f5-95b0-a531303051f3', 'Prof. Chet Bayer', '47463e4b-f88a-4191-952b-51ad7c78db89');
INSERT INTO Artiste (idArtiste, nom, idSpectacle) VALUES ('d7018434-c2ac-439a-aef6-0b85da54fa95', 'Adele Conn', '47463e4b-f88a-4191-952b-51ad7c78db89');
INSERT INTO ImgSpectacle (idImg, img, idSpectacle) VALUES (280, 'image_spectacle_94_1.jpg', '47463e4b-f88a-4191-952b-51ad7c78db89');
INSERT INTO ImgSpectacle (idImg, img, idSpectacle) VALUES (281, 'image_spectacle_94_2.jpg', '47463e4b-f88a-4191-952b-51ad7c78db89');
INSERT INTO Spectacle (idSpectacle, titre, description, urlVideo, horairePrevionnel, idSoiree, idImg) VALUES ('6ae1dcb4-cc04-484c-ac95-cf890c6992c9', 'Spectacle 95', 'Impedit explicabo ex recusandae.', 'video_spectacle_95.mp4', '2023-03-22 01:00:53', '75c41783-b4ed-4d66-a885-cea29c3bcad5', 70);
INSERT INTO Artiste (idArtiste, nom, idSpectacle) VALUES ('14432f26-bce2-4f48-858e-722faa08b035', 'Arnoldo Renner III', '6ae1dcb4-cc04-484c-ac95-cf890c6992c9');
INSERT INTO ImgSpectacle (idImg, img, idSpectacle) VALUES (283, 'image_spectacle_95_1.jpg', '6ae1dcb4-cc04-484c-ac95-cf890c6992c9');
INSERT INTO ImgSpectacle (idImg, img, idSpectacle) VALUES (284, 'image_spectacle_95_2.jpg', '6ae1dcb4-cc04-484c-ac95-cf890c6992c9');
INSERT INTO ImgSpectacle (idImg, img, idSpectacle) VALUES (285, 'image_spectacle_95_3.jpg', '6ae1dcb4-cc04-484c-ac95-cf890c6992c9');
INSERT INTO Spectacle (idSpectacle, titre, description, urlVideo, horairePrevionnel, idSoiree, idImg) VALUES ('0d362815-7db4-466b-a28c-44c018906942', 'Spectacle 96', 'Nihil est et officiis.', 'video_spectacle_96.mp4', '2023-08-18 22:35:07', '75c41783-b4ed-4d66-a885-cea29c3bcad5', 254);
INSERT INTO Artiste (idArtiste, nom, idSpectacle) VALUES ('9fbc9d00-3c3c-4d56-bd0f-fac6d0056f01', 'Afton Cassin', '0d362815-7db4-466b-a28c-44c018906942');
INSERT INTO Artiste (idArtiste, nom, idSpectacle) VALUES ('59c9d738-dc15-4bcd-998c-a3b4509c402c', 'Dr. Katheryn Heaney III', '0d362815-7db4-466b-a28c-44c018906942');
INSERT INTO Artiste (idArtiste, nom, idSpectacle) VALUES ('67cd4bb2-ccdb-428f-a84d-cc08288d613f', 'Zakary Feil', '0d362815-7db4-466b-a28c-44c018906942');
INSERT INTO ImgSpectacle (idImg, img, idSpectacle) VALUES (286, 'image_spectacle_96_1.jpg', '0d362815-7db4-466b-a28c-44c018906942');
INSERT INTO ImgSpectacle (idImg, img, idSpectacle) VALUES (287, 'image_spectacle_96_2.jpg', '0d362815-7db4-466b-a28c-44c018906942');
INSERT INTO Spectacle (idSpectacle, titre, description, urlVideo, horairePrevionnel, idSoiree, idImg) VALUES ('216f8eb4-22ba-48c1-bd50-98b8ea39eb47', 'Spectacle 97', 'Labore et ipsam inventore soluta explicabo.', 'video_spectacle_97.mp4', '2023-04-22 05:46:45', '75c41783-b4ed-4d66-a885-cea29c3bcad5', 35);
INSERT INTO Artiste (idArtiste, nom, idSpectacle) VALUES ('1615b457-03f6-4c2e-9ebc-341c1dd12b19', 'Dr. Sterling Kshlerin', '216f8eb4-22ba-48c1-bd50-98b8ea39eb47');
INSERT INTO Artiste (idArtiste, nom, idSpectacle) VALUES ('40962339-9c25-4e46-91d9-3269b6e7c982', 'Dr. Dee Bednar DDS', '216f8eb4-22ba-48c1-bd50-98b8ea39eb47');
INSERT INTO Artiste (idArtiste, nom, idSpectacle) VALUES ('36cd61ef-81cc-4884-83cf-f41cbf7e6aed', 'Natasha Orn', '216f8eb4-22ba-48c1-bd50-98b8ea39eb47');
INSERT INTO ImgSpectacle (idImg, img, idSpectacle) VALUES (289, 'image_spectacle_97_1.jpg', '216f8eb4-22ba-48c1-bd50-98b8ea39eb47');
INSERT INTO Spectacle (idSpectacle, titre, description, urlVideo, horairePrevionnel, idSoiree, idImg) VALUES ('7796c8e6-2af8-4dcb-804a-8cdba518c481', 'Spectacle 98', 'Error doloribus illum cupiditate.', 'video_spectacle_98.mp4', '2023-07-03 15:48:10', '75c41783-b4ed-4d66-a885-cea29c3bcad5', 319);
INSERT INTO Artiste (idArtiste, nom, idSpectacle) VALUES ('34c6015f-c178-4156-b9b6-af2ca0863485', 'Broderick Kilback', '7796c8e6-2af8-4dcb-804a-8cdba518c481');
INSERT INTO Artiste (idArtiste, nom, idSpectacle) VALUES ('604a448b-fc2f-4885-b0d7-8cd3f3eb054a', 'Jamison Mueller', '7796c8e6-2af8-4dcb-804a-8cdba518c481');
INSERT INTO Artiste (idArtiste, nom, idSpectacle) VALUES ('1778aa85-d9ac-475a-8b46-b11371cf8f9e', 'Van Jacobs II', '7796c8e6-2af8-4dcb-804a-8cdba518c481');
INSERT INTO ImgSpectacle (idImg, img, idSpectacle) VALUES (292, 'image_spectacle_98_1.jpg', '7796c8e6-2af8-4dcb-804a-8cdba518c481');
INSERT INTO ImgSpectacle (idImg, img, idSpectacle) VALUES (293, 'image_spectacle_98_2.jpg', '7796c8e6-2af8-4dcb-804a-8cdba518c481');
INSERT INTO ImgSpectacle (idImg, img, idSpectacle) VALUES (294, 'image_spectacle_98_3.jpg', '7796c8e6-2af8-4dcb-804a-8cdba518c481');
INSERT INTO Spectacle (idSpectacle, titre, description, urlVideo, horairePrevionnel, idSoiree, idImg) VALUES ('c177bdb5-dc90-4f5b-a2e8-62f0ba7b6e87', 'Spectacle 99', 'Natus dolores labore illum magni.', 'video_spectacle_99.mp4', '2023-08-26 15:23:49', '75c41783-b4ed-4d66-a885-cea29c3bcad5', 255);
INSERT INTO Artiste (idArtiste, nom, idSpectacle) VALUES ('31e1bd48-7aac-46b2-9926-f44546cd7b1e', 'Nia Boyle', 'c177bdb5-dc90-4f5b-a2e8-62f0ba7b6e87');
INSERT INTO ImgSpectacle (idImg, img, idSpectacle) VALUES (295, 'image_spectacle_99_1.jpg', 'c177bdb5-dc90-4f5b-a2e8-62f0ba7b6e87');
INSERT INTO ImgSpectacle (idImg, img, idSpectacle) VALUES (296, 'image_spectacle_99_2.jpg', 'c177bdb5-dc90-4f5b-a2e8-62f0ba7b6e87');
INSERT INTO ImgSpectacle (idImg, img, idSpectacle) VALUES (297, 'image_spectacle_99_3.jpg', 'c177bdb5-dc90-4f5b-a2e8-62f0ba7b6e87');
INSERT INTO Spectacle (idSpectacle, titre, description, urlVideo, horairePrevionnel, idSoiree, idImg) VALUES ('b9bc4860-a6eb-4775-bfb5-b5f42ec7745b', 'Spectacle 100', 'Fugit tenetur cupiditate at ullam.', 'video_spectacle_100.mp4', '2023-08-24 14:16:23', '75c41783-b4ed-4d66-a885-cea29c3bcad5', 304);
INSERT INTO Artiste (idArtiste, nom, idSpectacle) VALUES ('b226e7af-9c30-48c8-a42c-68d83d5e6691', 'Miss Jessica Ferry', 'b9bc4860-a6eb-4775-bfb5-b5f42ec7745b');
INSERT INTO Artiste (idArtiste, nom, idSpectacle) VALUES ('6cd193bb-6a0c-44de-9c6e-ceeaa837b6f0', 'Prof. Una Fay IV', 'b9bc4860-a6eb-4775-bfb5-b5f42ec7745b');
INSERT INTO ImgSpectacle (idImg, img, idSpectacle) VALUES (298, 'image_spectacle_100_1.jpg', 'b9bc4860-a6eb-4775-bfb5-b5f42ec7745b');
INSERT INTO Spectacle (idSpectacle, titre, description, urlVideo, horairePrevionnel, idSoiree, idImg) VALUES ('0bd543a5-a3ea-40cb-abc7-f0c07c27c33d', 'Spectacle 101', 'Architecto exercitationem eum sit facere molestias sit ut.', 'video_spectacle_101.mp4', '2023-10-22 12:34:07', '75c41783-b4ed-4d66-a885-cea29c3bcad5', 63);
INSERT INTO Artiste (idArtiste, nom, idSpectacle) VALUES ('ec493b4c-1045-4e3b-98c3-b942cef0dc0a', 'Leon Murazik', '0bd543a5-a3ea-40cb-abc7-f0c07c27c33d');
INSERT INTO ImgSpectacle (idImg, img, idSpectacle) VALUES (301, 'image_spectacle_101_1.jpg', '0bd543a5-a3ea-40cb-abc7-f0c07c27c33d');
INSERT INTO ImgSpectacle (idImg, img, idSpectacle) VALUES (302, 'image_spectacle_101_2.jpg', '0bd543a5-a3ea-40cb-abc7-f0c07c27c33d');
INSERT INTO ImgSpectacle (idImg, img, idSpectacle) VALUES (303, 'image_spectacle_101_3.jpg', '0bd543a5-a3ea-40cb-abc7-f0c07c27c33d');
INSERT INTO Spectacle (idSpectacle, titre, description, urlVideo, horairePrevionnel, idSoiree, idImg) VALUES ('ac978635-b1a0-4a0a-81eb-45de25446e36', 'Spectacle 102', 'Est beatae nostrum in.', 'video_spectacle_102.mp4', '2023-03-14 14:27:12', '75c41783-b4ed-4d66-a885-cea29c3bcad5', 67);
INSERT INTO Artiste (idArtiste, nom, idSpectacle) VALUES ('d8785516-3001-46fd-9bc6-7787745f569d', 'Derrick Muller', 'ac978635-b1a0-4a0a-81eb-45de25446e36');
INSERT INTO ImgSpectacle (idImg, img, idSpectacle) VALUES (304, 'image_spectacle_102_1.jpg', 'ac978635-b1a0-4a0a-81eb-45de25446e36');
INSERT INTO ImgSpectacle (idImg, img, idSpectacle) VALUES (305, 'image_spectacle_102_2.jpg', 'ac978635-b1a0-4a0a-81eb-45de25446e36');
INSERT INTO Spectacle (idSpectacle, titre, description, urlVideo, horairePrevionnel, idSoiree, idImg) VALUES ('ae757470-94f9-4a48-989c-2684c737bb7f', 'Spectacle 103', 'Reiciendis ut enim repudiandae consequatur ab voluptatibus nostrum.', 'video_spectacle_103.mp4', '2023-02-10 01:34:22', '75c41783-b4ed-4d66-a885-cea29c3bcad5', 105);
INSERT INTO Artiste (idArtiste, nom, idSpectacle) VALUES ('ae92d25e-dd84-4e61-80e9-b65e3d1f5887', 'Aurelie Champlin', 'ae757470-94f9-4a48-989c-2684c737bb7f');
INSERT INTO Artiste (idArtiste, nom, idSpectacle) VALUES ('502b5ea5-942e-4a23-9b3e-5d028cbbc441', 'Merle Marvin', 'ae757470-94f9-4a48-989c-2684c737bb7f');
INSERT INTO Artiste (idArtiste, nom, idSpectacle) VALUES ('8ea9f170-b26d-4dad-894e-21c6b1088253', 'Mr. Theo Deckow', 'ae757470-94f9-4a48-989c-2684c737bb7f');
INSERT INTO ImgSpectacle (idImg, img, idSpectacle) VALUES (307, 'image_spectacle_103_1.jpg', 'ae757470-94f9-4a48-989c-2684c737bb7f');
INSERT INTO ImgSpectacle (idImg, img, idSpectacle) VALUES (308, 'image_spectacle_103_2.jpg', 'ae757470-94f9-4a48-989c-2684c737bb7f');
INSERT INTO ImgSpectacle (idImg, img, idSpectacle) VALUES (309, 'image_spectacle_103_3.jpg', 'ae757470-94f9-4a48-989c-2684c737bb7f');
INSERT INTO Spectacle (idSpectacle, titre, description, urlVideo, horairePrevionnel, idSoiree, idImg) VALUES ('100354be-5104-4f50-bf02-35f0d63132e2', 'Spectacle 104', 'Velit dolor reprehenderit architecto quia.', 'video_spectacle_104.mp4', '2023-04-05 19:51:21', '75c41783-b4ed-4d66-a885-cea29c3bcad5', 221);
INSERT INTO Artiste (idArtiste, nom, idSpectacle) VALUES ('0d05c27e-4cc2-4341-9425-fea140536e30', 'Bailey Grimes', '100354be-5104-4f50-bf02-35f0d63132e2');
INSERT INTO Artiste (idArtiste, nom, idSpectacle) VALUES ('3cdb329a-bba3-4cdb-b332-fd54576a4b46', 'Jairo Abernathy', '100354be-5104-4f50-bf02-35f0d63132e2');
INSERT INTO ImgSpectacle (idImg, img, idSpectacle) VALUES (310, 'image_spectacle_104_1.jpg', '100354be-5104-4f50-bf02-35f0d63132e2');
INSERT INTO ImgSpectacle (idImg, img, idSpectacle) VALUES (311, 'image_spectacle_104_2.jpg', '100354be-5104-4f50-bf02-35f0d63132e2');
INSERT INTO ImgSpectacle (idImg, img, idSpectacle) VALUES (312, 'image_spectacle_104_3.jpg', '100354be-5104-4f50-bf02-35f0d63132e2');
INSERT INTO Spectacle (idSpectacle, titre, description, urlVideo, horairePrevionnel, idSoiree, idImg) VALUES ('2dd8c684-59f0-4d77-ba8e-4a3fd44ec850', 'Spectacle 105', 'Libero deleniti architecto cum aut suscipit.', 'video_spectacle_105.mp4', '2023-08-14 16:23:40', '75c41783-b4ed-4d66-a885-cea29c3bcad5', 361);
INSERT INTO Artiste (idArtiste, nom, idSpectacle) VALUES ('3229775f-dba7-42e6-8f6f-792198622f7c', 'Claudia Goyette', '2dd8c684-59f0-4d77-ba8e-4a3fd44ec850');
INSERT INTO Artiste (idArtiste, nom, idSpectacle) VALUES ('ad9bce5e-e2c9-4338-9b8e-eea5e2c29b1a', 'Clemmie Collier', '2dd8c684-59f0-4d77-ba8e-4a3fd44ec850');
INSERT INTO Artiste (idArtiste, nom, idSpectacle) VALUES ('c4add9eb-5b40-4f31-9d7f-1139ad476a63', 'Mrs. Marietta Legros', '2dd8c684-59f0-4d77-ba8e-4a3fd44ec850');
INSERT INTO ImgSpectacle (idImg, img, idSpectacle) VALUES (313, 'image_spectacle_105_1.jpg', '2dd8c684-59f0-4d77-ba8e-4a3fd44ec850');
INSERT INTO ImgSpectacle (idImg, img, idSpectacle) VALUES (314, 'image_spectacle_105_2.jpg', '2dd8c684-59f0-4d77-ba8e-4a3fd44ec850');
INSERT INTO ImgSpectacle (idImg, img, idSpectacle) VALUES (315, 'image_spectacle_105_3.jpg', '2dd8c684-59f0-4d77-ba8e-4a3fd44ec850');
INSERT INTO Spectacle (idSpectacle, titre, description, urlVideo, horairePrevionnel, idSoiree, idImg) VALUES ('6b5795ed-2084-4132-97cf-b55966b4d1d9', 'Spectacle 106', 'Nihil qui blanditiis esse labore porro nihil.', 'video_spectacle_106.mp4', '2023-06-06 12:30:49', '75c41783-b4ed-4d66-a885-cea29c3bcad5', 16);
INSERT INTO Artiste (idArtiste, nom, idSpectacle) VALUES ('f9ecd79e-f2a8-4842-aedc-84d12a341da3', 'Eliza Schinner', '6b5795ed-2084-4132-97cf-b55966b4d1d9');
INSERT INTO Artiste (idArtiste, nom, idSpectacle) VALUES ('e3ebb2a8-deef-487b-ab79-a865ab375d1b', 'Elvera Wehner', '6b5795ed-2084-4132-97cf-b55966b4d1d9');
INSERT INTO Artiste (idArtiste, nom, idSpectacle) VALUES ('04d73774-79fb-4df0-bfba-ed6638894fe7', 'Dr. Spencer Ratke V', '6b5795ed-2084-4132-97cf-b55966b4d1d9');
INSERT INTO ImgSpectacle (idImg, img, idSpectacle) VALUES (316, 'image_spectacle_106_1.jpg', '6b5795ed-2084-4132-97cf-b55966b4d1d9');
INSERT INTO ImgSpectacle (idImg, img, idSpectacle) VALUES (317, 'image_spectacle_106_2.jpg', '6b5795ed-2084-4132-97cf-b55966b4d1d9');
INSERT INTO Spectacle (idSpectacle, titre, description, urlVideo, horairePrevionnel, idSoiree, idImg) VALUES ('84fc6162-fcc2-413b-9563-450afc31958d', 'Spectacle 107', 'Iure qui enim quisquam delectus ut eaque.', 'video_spectacle_107.mp4', '2023-04-04 22:13:43', '75c41783-b4ed-4d66-a885-cea29c3bcad5', 178);
INSERT INTO Artiste (idArtiste, nom, idSpectacle) VALUES ('10cba013-6dce-4639-99ee-5145d1e7f21a', 'Evalyn Stehr', '84fc6162-fcc2-413b-9563-450afc31958d');
INSERT INTO Artiste (idArtiste, nom, idSpectacle) VALUES ('0228b11e-a016-4269-8a63-382ef1240ef9', 'Fernando Mayer', '84fc6162-fcc2-413b-9563-450afc31958d');
INSERT INTO ImgSpectacle (idImg, img, idSpectacle) VALUES (319, 'image_spectacle_107_1.jpg', '84fc6162-fcc2-413b-9563-450afc31958d');
INSERT INTO ImgSpectacle (idImg, img, idSpectacle) VALUES (320, 'image_spectacle_107_2.jpg', '84fc6162-fcc2-413b-9563-450afc31958d');
INSERT INTO Spectacle (idSpectacle, titre, description, urlVideo, horairePrevionnel, idSoiree, idImg) VALUES ('62469474-1e0a-4ed8-9956-8bc1df2add8e', 'Spectacle 108', 'Qui nesciunt hic autem non.', 'video_spectacle_108.mp4', '2023-01-14 21:15:21', '75c41783-b4ed-4d66-a885-cea29c3bcad5', 154);
INSERT INTO Artiste (idArtiste, nom, idSpectacle) VALUES ('77e8cf38-cb26-45af-982a-5afe6f09ef84', 'Mariano Gorczany Jr.', '62469474-1e0a-4ed8-9956-8bc1df2add8e');
INSERT INTO Artiste (idArtiste, nom, idSpectacle) VALUES ('cc791c9d-f665-4e3f-8f57-3a55d4c63042', 'Hermina Prosacco', '62469474-1e0a-4ed8-9956-8bc1df2add8e');
INSERT INTO ImgSpectacle (idImg, img, idSpectacle) VALUES (322, 'image_spectacle_108_1.jpg', '62469474-1e0a-4ed8-9956-8bc1df2add8e');
INSERT INTO ImgSpectacle (idImg, img, idSpectacle) VALUES (323, 'image_spectacle_108_2.jpg', '62469474-1e0a-4ed8-9956-8bc1df2add8e');
INSERT INTO Spectacle (idSpectacle, titre, description, urlVideo, horairePrevionnel, idSoiree, idImg) VALUES ('28efc3ca-26ec-463c-8d00-f17da4d17e23', 'Spectacle 109', 'Eos accusantium qui et aliquid iste.', 'video_spectacle_109.mp4', '2023-01-28 18:25:56', '75c41783-b4ed-4d66-a885-cea29c3bcad5', 189);
INSERT INTO Artiste (idArtiste, nom, idSpectacle) VALUES ('38513c7d-b159-4a4f-b4ba-88059d290fd4', 'Ms. Melyssa Wisozk V', '28efc3ca-26ec-463c-8d00-f17da4d17e23');
INSERT INTO Artiste (idArtiste, nom, idSpectacle) VALUES ('6fc29986-8b5c-47ce-a55d-890410151fa3', 'Cornelius Altenwerth', '28efc3ca-26ec-463c-8d00-f17da4d17e23');
INSERT INTO Artiste (idArtiste, nom, idSpectacle) VALUES ('e406af8f-9caa-495a-9c29-b20c671a61a2', 'Prof. Hadley Waelchi Jr.', '28efc3ca-26ec-463c-8d00-f17da4d17e23');
INSERT INTO ImgSpectacle (idImg, img, idSpectacle) VALUES (325, 'image_spectacle_109_1.jpg', '28efc3ca-26ec-463c-8d00-f17da4d17e23');
INSERT INTO ImgSpectacle (idImg, img, idSpectacle) VALUES (326, 'image_spectacle_109_2.jpg', '28efc3ca-26ec-463c-8d00-f17da4d17e23');
INSERT INTO Spectacle (idSpectacle, titre, description, urlVideo, horairePrevionnel, idSoiree, idImg) VALUES ('9766273f-61c2-4150-b5c9-32c47eef5f52', 'Spectacle 110', 'Ipsa consequatur nam harum.', 'video_spectacle_110.mp4', '2023-02-12 20:14:15', '75c41783-b4ed-4d66-a885-cea29c3bcad5', 269);
INSERT INTO Artiste (idArtiste, nom, idSpectacle) VALUES ('bbc886d5-e647-4f52-bf16-150486cee452', 'Mr. Waino Cummerata V', '9766273f-61c2-4150-b5c9-32c47eef5f52');
INSERT INTO ImgSpectacle (idImg, img, idSpectacle) VALUES (328, 'image_spectacle_110_1.jpg', '9766273f-61c2-4150-b5c9-32c47eef5f52');
INSERT INTO ImgSpectacle (idImg, img, idSpectacle) VALUES (329, 'image_spectacle_110_2.jpg', '9766273f-61c2-4150-b5c9-32c47eef5f52');
INSERT INTO Spectacle (idSpectacle, titre, description, urlVideo, horairePrevionnel, idSoiree, idImg) VALUES ('e7ca2112-093e-45bd-b193-262854b426cf', 'Spectacle 111', 'Eaque consequatur amet natus impedit et itaque quas.', 'video_spectacle_111.mp4', '2023-08-25 20:23:28', '75c41783-b4ed-4d66-a885-cea29c3bcad5', 370);
INSERT INTO Artiste (idArtiste, nom, idSpectacle) VALUES ('0d2016ec-fa25-4f12-8de5-eb704c85d63d', 'Royce O'Hara MD', 'e7ca2112-093e-45bd-b193-262854b426cf');
INSERT INTO ImgSpectacle (idImg, img, idSpectacle) VALUES (331, 'image_spectacle_111_1.jpg', 'e7ca2112-093e-45bd-b193-262854b426cf');
INSERT INTO Spectacle (idSpectacle, titre, description, urlVideo, horairePrevionnel, idSoiree, idImg) VALUES ('b9215751-a7bd-42ef-8363-f3de4d9e86b0', 'Spectacle 112', 'Porro neque sunt non voluptas ad.', 'video_spectacle_112.mp4', '2023-09-27 11:48:26', '75c41783-b4ed-4d66-a885-cea29c3bcad5', 258);
INSERT INTO Artiste (idArtiste, nom, idSpectacle) VALUES ('168f851d-ff15-4b39-b052-a773399db8cc', 'Dr. Isidro VonRueden', 'b9215751-a7bd-42ef-8363-f3de4d9e86b0');
INSERT INTO Artiste (idArtiste, nom, idSpectacle) VALUES ('a522906b-a967-4a79-b494-8ec4f1c2e81d', 'Carissa Sipes', 'b9215751-a7bd-42ef-8363-f3de4d9e86b0');
INSERT INTO ImgSpectacle (idImg, img, idSpectacle) VALUES (334, 'image_spectacle_112_1.jpg', 'b9215751-a7bd-42ef-8363-f3de4d9e86b0');
INSERT INTO ImgSpectacle (idImg, img, idSpectacle) VALUES (335, 'image_spectacle_112_2.jpg', 'b9215751-a7bd-42ef-8363-f3de4d9e86b0');
INSERT INTO Spectacle (idSpectacle, titre, description, urlVideo, horairePrevionnel, idSoiree, idImg) VALUES ('b0915012-6530-4135-869a-3b17fbe7cdd9', 'Spectacle 113', 'Minus eos facilis aliquam.', 'video_spectacle_113.mp4', '2023-07-15 00:56:39', '75c41783-b4ed-4d66-a885-cea29c3bcad5', 81);
INSERT INTO Artiste (idArtiste, nom, idSpectacle) VALUES ('7d63ccde-63de-4938-a577-1fde11bf813c', 'Ms. Adrienne Stoltenberg', 'b0915012-6530-4135-869a-3b17fbe7cdd9');
INSERT INTO Artiste (idArtiste, nom, idSpectacle) VALUES ('17e0f789-72be-4c8e-90c8-12a57c4cb881', 'Jordyn Wisoky', 'b0915012-6530-4135-869a-3b17fbe7cdd9');
INSERT INTO ImgSpectacle (idImg, img, idSpectacle) VALUES (337, 'image_spectacle_113_1.jpg', 'b0915012-6530-4135-869a-3b17fbe7cdd9');
INSERT INTO ImgSpectacle (idImg, img, idSpectacle) VALUES (338, 'image_spectacle_113_2.jpg', 'b0915012-6530-4135-869a-3b17fbe7cdd9');
INSERT INTO Spectacle (idSpectacle, titre, description, urlVideo, horairePrevionnel, idSoiree, idImg) VALUES ('5a4eb191-6578-45fc-bc24-3cd4f3c25b9b', 'Spectacle 114', 'Sequi est doloribus quis fugiat veniam voluptas.', 'video_spectacle_114.mp4', '2023-03-28 17:49:43', '75c41783-b4ed-4d66-a885-cea29c3bcad5', 328);
INSERT INTO Artiste (idArtiste, nom, idSpectacle) VALUES ('37f29f37-c6d2-45c8-9f45-9cacb7889a37', 'Flavio VonRueden', '5a4eb191-6578-45fc-bc24-3cd4f3c25b9b');
INSERT INTO Artiste (idArtiste, nom, idSpectacle) VALUES ('48448be9-6669-4524-acb9-b874969b2a2e', 'Clint Corwin Sr.', '5a4eb191-6578-45fc-bc24-3cd4f3c25b9b');
INSERT INTO Artiste (idArtiste, nom, idSpectacle) VALUES ('ded24752-38fc-41e4-a8a3-73677e977462', 'Brett Zemlak', '5a4eb191-6578-45fc-bc24-3cd4f3c25b9b');
INSERT INTO ImgSpectacle (idImg, img, idSpectacle) VALUES (340, 'image_spectacle_114_1.jpg', '5a4eb191-6578-45fc-bc24-3cd4f3c25b9b');
INSERT INTO ImgSpectacle (idImg, img, idSpectacle) VALUES (341, 'image_spectacle_114_2.jpg', '5a4eb191-6578-45fc-bc24-3cd4f3c25b9b');
INSERT INTO Spectacle (idSpectacle, titre, description, urlVideo, horairePrevionnel, idSoiree, idImg) VALUES ('cf85db5b-5598-4a90-9ca4-46c79fbe1b03', 'Spectacle 115', 'Maxime nihil deserunt hic.', 'video_spectacle_115.mp4', '2023-09-12 22:53:16', '75c41783-b4ed-4d66-a885-cea29c3bcad5', 330);
INSERT INTO Artiste (idArtiste, nom, idSpectacle) VALUES ('a758bf31-8552-416d-8edc-1dc5b6d4b95d', 'Prof. Kirk Hoeger MD', 'cf85db5b-5598-4a90-9ca4-46c79fbe1b03');
INSERT INTO Artiste (idArtiste, nom, idSpectacle) VALUES ('e4f6fe30-404f-4305-8cb6-d666ec88b619', 'Wilford Towne', 'cf85db5b-5598-4a90-9ca4-46c79fbe1b03');
INSERT INTO ImgSpectacle (idImg, img, idSpectacle) VALUES (343, 'image_spectacle_115_1.jpg', 'cf85db5b-5598-4a90-9ca4-46c79fbe1b03');
INSERT INTO ImgSpectacle (idImg, img, idSpectacle) VALUES (344, 'image_spectacle_115_2.jpg', 'cf85db5b-5598-4a90-9ca4-46c79fbe1b03');
INSERT INTO ImgSpectacle (idImg, img, idSpectacle) VALUES (345, 'image_spectacle_115_3.jpg', 'cf85db5b-5598-4a90-9ca4-46c79fbe1b03');
INSERT INTO Spectacle (idSpectacle, titre, description, urlVideo, horairePrevionnel, idSoiree, idImg) VALUES ('4feee69d-23c2-430f-be27-d761a609f327', 'Spectacle 116', 'Aut ut quasi aut doloribus animi quam sit reprehenderit.', 'video_spectacle_116.mp4', '2023-03-04 03:42:44', '75c41783-b4ed-4d66-a885-cea29c3bcad5', 31);
INSERT INTO Artiste (idArtiste, nom, idSpectacle) VALUES ('21d895e1-ba49-4aee-a295-2fc0acc610be', 'Dr. Johnathon Volkman', '4feee69d-23c2-430f-be27-d761a609f327');
INSERT INTO ImgSpectacle (idImg, img, idSpectacle) VALUES (346, 'image_spectacle_116_1.jpg', '4feee69d-23c2-430f-be27-d761a609f327');
INSERT INTO ImgSpectacle (idImg, img, idSpectacle) VALUES (347, 'image_spectacle_116_2.jpg', '4feee69d-23c2-430f-be27-d761a609f327');
INSERT INTO ImgSpectacle (idImg, img, idSpectacle) VALUES (348, 'image_spectacle_116_3.jpg', '4feee69d-23c2-430f-be27-d761a609f327');
INSERT INTO Spectacle (idSpectacle, titre, description, urlVideo, horairePrevionnel, idSoiree, idImg) VALUES ('4ba8a07b-0bec-4408-9a65-167269a7c1ac', 'Spectacle 117', 'Tempora voluptatem quam libero necessitatibus similique.', 'video_spectacle_117.mp4', '2023-09-06 03:27:06', '75c41783-b4ed-4d66-a885-cea29c3bcad5', 304);
INSERT INTO Artiste (idArtiste, nom, idSpectacle) VALUES ('97d1d437-49fb-446b-bff2-c35ae645b77f', 'Prof. Gabriel Hartmann', '4ba8a07b-0bec-4408-9a65-167269a7c1ac');
INSERT INTO Artiste (idArtiste, nom, idSpectacle) VALUES ('ce35c19e-6c75-40ec-9b78-3f27b93fce85', 'Bud Lueilwitz', '4ba8a07b-0bec-4408-9a65-167269a7c1ac');
INSERT INTO Artiste (idArtiste, nom, idSpectacle) VALUES ('ce0bd55f-bcf3-474a-a5ca-dc3c75d04d23', 'Wilton Grady I', '4ba8a07b-0bec-4408-9a65-167269a7c1ac');
INSERT INTO ImgSpectacle (idImg, img, idSpectacle) VALUES (349, 'image_spectacle_117_1.jpg', '4ba8a07b-0bec-4408-9a65-167269a7c1ac');
INSERT INTO ImgSpectacle (idImg, img, idSpectacle) VALUES (350, 'image_spectacle_117_2.jpg', '4ba8a07b-0bec-4408-9a65-167269a7c1ac');
INSERT INTO ImgSpectacle (idImg, img, idSpectacle) VALUES (351, 'image_spectacle_117_3.jpg', '4ba8a07b-0bec-4408-9a65-167269a7c1ac');
INSERT INTO Spectacle (idSpectacle, titre, description, urlVideo, horairePrevionnel, idSoiree, idImg) VALUES ('fb233a63-527a-403b-98c5-31a3508b2d0a', 'Spectacle 118', 'Excepturi ut beatae id quam ut autem voluptatum dicta.', 'video_spectacle_118.mp4', '2023-01-12 11:43:27', '75c41783-b4ed-4d66-a885-cea29c3bcad5', 165);
INSERT INTO Artiste (idArtiste, nom, idSpectacle) VALUES ('9a7763c5-059b-47b0-a9af-83b860f7c311', 'Nasir Morissette', 'fb233a63-527a-403b-98c5-31a3508b2d0a');
INSERT INTO Artiste (idArtiste, nom, idSpectacle) VALUES ('7527ed60-e19c-4ffa-b192-8355a110e408', 'Gunnar Champlin', 'fb233a63-527a-403b-98c5-31a3508b2d0a');
INSERT INTO ImgSpectacle (idImg, img, idSpectacle) VALUES (352, 'image_spectacle_118_1.jpg', 'fb233a63-527a-403b-98c5-31a3508b2d0a');
INSERT INTO Spectacle (idSpectacle, titre, description, urlVideo, horairePrevionnel, idSoiree, idImg) VALUES ('0b382293-6d00-4dc1-9c43-8e3b3a95d3af', 'Spectacle 119', 'Blanditiis et rem repudiandae deserunt nostrum.', 'video_spectacle_119.mp4', '2023-06-11 18:32:29', '75c41783-b4ed-4d66-a885-cea29c3bcad5', 42);
INSERT INTO Artiste (idArtiste, nom, idSpectacle) VALUES ('9c8e644f-3d72-487b-af48-70396199dfc8', 'Stephen Padberg', '0b382293-6d00-4dc1-9c43-8e3b3a95d3af');
INSERT INTO ImgSpectacle (idImg, img, idSpectacle) VALUES (355, 'image_spectacle_119_1.jpg', '0b382293-6d00-4dc1-9c43-8e3b3a95d3af');
INSERT INTO ImgSpectacle (idImg, img, idSpectacle) VALUES (356, 'image_spectacle_119_2.jpg', '0b382293-6d00-4dc1-9c43-8e3b3a95d3af');
INSERT INTO ImgSpectacle (idImg, img, idSpectacle) VALUES (357, 'image_spectacle_119_3.jpg', '0b382293-6d00-4dc1-9c43-8e3b3a95d3af');
INSERT INTO Spectacle (idSpectacle, titre, description, urlVideo, horairePrevionnel, idSoiree, idImg) VALUES ('61a8cc0b-4a04-41fa-bc52-43720a754913', 'Spectacle 120', 'Vitae beatae sed minima dolorem laudantium a.', 'video_spectacle_120.mp4', '2023-05-13 08:08:26', '75c41783-b4ed-4d66-a885-cea29c3bcad5', 180);
INSERT INTO Artiste (idArtiste, nom, idSpectacle) VALUES ('56890f53-99ef-42e2-8a54-c9a0e6606187', 'Dr. Kim Yost DVM', '61a8cc0b-4a04-41fa-bc52-43720a754913');
INSERT INTO Artiste (idArtiste, nom, idSpectacle) VALUES ('50e9b1ca-1ffd-4011-bc8c-232dd83d4472', 'Telly Miller', '61a8cc0b-4a04-41fa-bc52-43720a754913');
INSERT INTO Artiste (idArtiste, nom, idSpectacle) VALUES ('aebd94c9-1ccc-4ec8-9e4b-d5541816501e', 'Beaulah Durgan', '61a8cc0b-4a04-41fa-bc52-43720a754913');
INSERT INTO ImgSpectacle (idImg, img, idSpectacle) VALUES (358, 'image_spectacle_120_1.jpg', '61a8cc0b-4a04-41fa-bc52-43720a754913');
INSERT INTO ImgSpectacle (idImg, img, idSpectacle) VALUES (359, 'image_spectacle_120_2.jpg', '61a8cc0b-4a04-41fa-bc52-43720a754913');
INSERT INTO Spectacle (idSpectacle, titre, description, urlVideo, horairePrevionnel, idSoiree, idImg) VALUES ('fd0c150d-25b2-4d08-8bfe-ba6b5e96fd41', 'Spectacle 121', 'Asperiores nisi facilis itaque accusamus unde maiores quae autem.', 'video_spectacle_121.mp4', '2023-02-25 23:15:02', '75c41783-b4ed-4d66-a885-cea29c3bcad5', 355);
INSERT INTO Artiste (idArtiste, nom, idSpectacle) VALUES ('b946babc-b5bb-4456-a2ae-7776e8cf18c1', 'Mr. Wilbert Turcotte II', 'fd0c150d-25b2-4d08-8bfe-ba6b5e96fd41');
INSERT INTO Artiste (idArtiste, nom, idSpectacle) VALUES ('72118c4d-eb5f-4651-a4f2-568b1a9efe5a', 'Prof. Giuseppe Schimmel', 'fd0c150d-25b2-4d08-8bfe-ba6b5e96fd41');
INSERT INTO Artiste (idArtiste, nom, idSpectacle) VALUES ('e031dfc3-9cbc-4388-aa1e-4d3234ee6444', 'Dr. Rene O'Reilly MD', 'fd0c150d-25b2-4d08-8bfe-ba6b5e96fd41');
INSERT INTO ImgSpectacle (idImg, img, idSpectacle) VALUES (361, 'image_spectacle_121_1.jpg', 'fd0c150d-25b2-4d08-8bfe-ba6b5e96fd41');
INSERT INTO ImgSpectacle (idImg, img, idSpectacle) VALUES (362, 'image_spectacle_121_2.jpg', 'fd0c150d-25b2-4d08-8bfe-ba6b5e96fd41');
INSERT INTO ImgSpectacle (idImg, img, idSpectacle) VALUES (363, 'image_spectacle_121_3.jpg', 'fd0c150d-25b2-4d08-8bfe-ba6b5e96fd41');
INSERT INTO Spectacle (idSpectacle, titre, description, urlVideo, horairePrevionnel, idSoiree, idImg) VALUES ('eed0f4ed-5ec8-49d5-ad31-a62409e67d0e', 'Spectacle 122', 'Cumque vero assumenda debitis rerum alias perspiciatis.', 'video_spectacle_122.mp4', '2023-08-31 22:29:43', '75c41783-b4ed-4d66-a885-cea29c3bcad5', 275);
INSERT INTO Artiste (idArtiste, nom, idSpectacle) VALUES ('326e0f36-ba54-4909-9788-04c8c03c2afe', 'Lorenzo Schuster', 'eed0f4ed-5ec8-49d5-ad31-a62409e67d0e');
INSERT INTO Artiste (idArtiste, nom, idSpectacle) VALUES ('37130c73-12d0-4071-96e1-5ec12b1dc33b', 'Maci Yundt V', 'eed0f4ed-5ec8-49d5-ad31-a62409e67d0e');
INSERT INTO Artiste (idArtiste, nom, idSpectacle) VALUES ('3d66c920-8dfa-4e4e-b30b-1dcf98c13e8d', 'Prof. Hildegard Lueilwitz', 'eed0f4ed-5ec8-49d5-ad31-a62409e67d0e');
INSERT INTO ImgSpectacle (idImg, img, idSpectacle) VALUES (364, 'image_spectacle_122_1.jpg', 'eed0f4ed-5ec8-49d5-ad31-a62409e67d0e');
INSERT INTO Spectacle (idSpectacle, titre, description, urlVideo, horairePrevionnel, idSoiree, idImg) VALUES ('b5bbc021-4499-4e1e-b249-bf42a35ec98c', 'Spectacle 123', 'Sed illum est voluptatibus molestias.', 'video_spectacle_123.mp4', '2023-01-15 05:19:57', '75c41783-b4ed-4d66-a885-cea29c3bcad5', 86);
INSERT INTO Artiste (idArtiste, nom, idSpectacle) VALUES ('df13cfbb-056f-4f9d-a686-7aeff6431e8a', 'Clement Bosco', 'b5bbc021-4499-4e1e-b249-bf42a35ec98c');
INSERT INTO Artiste (idArtiste, nom, idSpectacle) VALUES ('ac572199-a2a8-445e-9d2c-dfc66ab35b77', 'Ms. Verna Jast DVM', 'b5bbc021-4499-4e1e-b249-bf42a35ec98c');
INSERT INTO Artiste (idArtiste, nom, idSpectacle) VALUES ('d386974e-8d41-4a81-8e9a-5e51e47617d3', 'Ally Cassin III', 'b5bbc021-4499-4e1e-b249-bf42a35ec98c');
INSERT INTO ImgSpectacle (idImg, img, idSpectacle) VALUES (367, 'image_spectacle_123_1.jpg', 'b5bbc021-4499-4e1e-b249-bf42a35ec98c');
INSERT INTO ImgSpectacle (idImg, img, idSpectacle) VALUES (368, 'image_spectacle_123_2.jpg', 'b5bbc021-4499-4e1e-b249-bf42a35ec98c');
INSERT INTO ImgSpectacle (idImg, img, idSpectacle) VALUES (369, 'image_spectacle_123_3.jpg', 'b5bbc021-4499-4e1e-b249-bf42a35ec98c');
INSERT INTO Spectacle (idSpectacle, titre, description, urlVideo, horairePrevionnel, idSoiree, idImg) VALUES ('cb7b851f-f9c1-4984-8fcc-2573bdec6f7e', 'Spectacle 124', 'Dolorem eos minima fugiat corporis odio itaque provident.', 'video_spectacle_124.mp4', '2023-07-03 21:43:44', '75c41783-b4ed-4d66-a885-cea29c3bcad5', 176);
INSERT INTO Artiste (idArtiste, nom, idSpectacle) VALUES ('8f850370-ce43-4203-a831-16ef1b2b662c', 'Trycia Strosin', 'cb7b851f-f9c1-4984-8fcc-2573bdec6f7e');
INSERT INTO Artiste (idArtiste, nom, idSpectacle) VALUES ('5aa45a96-9b9e-4293-b523-89a8905e10b9', 'Prof. Jaeden Crist MD', 'cb7b851f-f9c1-4984-8fcc-2573bdec6f7e');
INSERT INTO Artiste (idArtiste, nom, idSpectacle) VALUES ('70875ead-9e7e-47aa-80fb-cb34a54df2ce', 'Marie Swaniawski V', 'cb7b851f-f9c1-4984-8fcc-2573bdec6f7e');
INSERT INTO ImgSpectacle (idImg, img, idSpectacle) VALUES (370, 'image_spectacle_124_1.jpg', 'cb7b851f-f9c1-4984-8fcc-2573bdec6f7e');
INSERT INTO ImgSpectacle (idImg, img, idSpectacle) VALUES (371, 'image_spectacle_124_2.jpg', 'cb7b851f-f9c1-4984-8fcc-2573bdec6f7e');
INSERT INTO Spectacle (idSpectacle, titre, description, urlVideo, horairePrevionnel, idSoiree, idImg) VALUES ('1648c5d5-36ab-4328-ba33-63c108a4da3b', 'Spectacle 125', 'A distinctio et odio repellendus pariatur.', 'video_spectacle_125.mp4', '2023-03-23 13:09:56', '75c41783-b4ed-4d66-a885-cea29c3bcad5', 223);
INSERT INTO Artiste (idArtiste, nom, idSpectacle) VALUES ('441e719c-3f62-4f22-9899-c40f6f81cce6', 'Ruthe Conroy', '1648c5d5-36ab-4328-ba33-63c108a4da3b');
INSERT INTO Artiste (idArtiste, nom, idSpectacle) VALUES ('3a22ea8e-ff49-4ece-9721-a99f02766eae', 'Catalina Crooks', '1648c5d5-36ab-4328-ba33-63c108a4da3b');
INSERT INTO ImgSpectacle (idImg, img, idSpectacle) VALUES (373, 'image_spectacle_125_1.jpg', '1648c5d5-36ab-4328-ba33-63c108a4da3b');
INSERT INTO Spectacle (idSpectacle, titre, description, urlVideo, horairePrevionnel, idSoiree, idImg) VALUES ('39e1f40f-1e1b-465a-809d-bbc25a912b89', 'Spectacle 126', 'Non et possimus facere quisquam.', 'video_spectacle_126.mp4', '2023-05-02 01:27:10', '75c41783-b4ed-4d66-a885-cea29c3bcad5', 166);
INSERT INTO Artiste (idArtiste, nom, idSpectacle) VALUES ('818d0e23-4579-401d-ae46-fa52f960b9e9', 'Jacques Konopelski', '39e1f40f-1e1b-465a-809d-bbc25a912b89');
INSERT INTO ImgSpectacle (idImg, img, idSpectacle) VALUES (376, 'image_spectacle_126_1.jpg', '39e1f40f-1e1b-465a-809d-bbc25a912b89');
INSERT INTO ImgSpectacle (idImg, img, idSpectacle) VALUES (377, 'image_spectacle_126_2.jpg', '39e1f40f-1e1b-465a-809d-bbc25a912b89');