INSERT INTO Lieu (idLieu, nom, adresse, nbPlacesAssises, nbPlacesDebout) VALUES ('30c8c139-9ba2-4f9c-ba52-e280d33ff85c', 'Dibbert Group', '4471 Gulgowski Shoal
Streichton, GA 76199', 125, 109);
INSERT INTO ImgLieu (idImg, img, idLieu) VALUES (1, 'image_lieu_1_1.jpg', '30c8c139-9ba2-4f9c-ba52-e280d33ff85c');
INSERT INTO ImgLieu (idImg, img, idLieu) VALUES (2, 'image_lieu_1_2.jpg', '30c8c139-9ba2-4f9c-ba52-e280d33ff85c');
INSERT INTO ImgLieu (idImg, img, idLieu) VALUES (3, 'image_lieu_1_3.jpg', '30c8c139-9ba2-4f9c-ba52-e280d33ff85c');
INSERT INTO Lieu (idLieu, nom, adresse, nbPlacesAssises, nbPlacesDebout) VALUES ('140bd3df-f8a1-4722-aa2e-78805a4ef7f1', 'Kertzmann-Ziemann', '5003 Bechtelar Stravenue
Lake Timothy, ME 65423', 204, 346);
INSERT INTO ImgLieu (idImg, img, idLieu) VALUES (4, 'image_lieu_2_1.jpg', '140bd3df-f8a1-4722-aa2e-78805a4ef7f1');
INSERT INTO ImgLieu (idImg, img, idLieu) VALUES (5, 'image_lieu_2_2.jpg', '140bd3df-f8a1-4722-aa2e-78805a4ef7f1');
INSERT INTO ImgLieu (idImg, img, idLieu) VALUES (6, 'image_lieu_2_3.jpg', '140bd3df-f8a1-4722-aa2e-78805a4ef7f1');
INSERT INTO Lieu (idLieu, nom, adresse, nbPlacesAssises, nbPlacesDebout) VALUES ('344e115b-fcde-4ab9-a660-49b766c80ee6', 'Herman PLC', '374 Bria Way Suite 068
Tremblayburgh, HI 95969', 498, 424);
INSERT INTO ImgLieu (idImg, img, idLieu) VALUES (7, 'image_lieu_3_1.jpg', '344e115b-fcde-4ab9-a660-49b766c80ee6');
INSERT INTO ImgLieu (idImg, img, idLieu) VALUES (8, 'image_lieu_3_2.jpg', '344e115b-fcde-4ab9-a660-49b766c80ee6');
INSERT INTO ImgLieu (idImg, img, idLieu) VALUES (9, 'image_lieu_3_3.jpg', '344e115b-fcde-4ab9-a660-49b766c80ee6');
INSERT INTO Lieu (idLieu, nom, adresse, nbPlacesAssises, nbPlacesDebout) VALUES ('838b0a14-b013-4259-a8aa-224f359ad73a', 'Hane LLC', '6536 Parisian Extensions
Tierraport, OK 35498', 372, 185);
INSERT INTO ImgLieu (idImg, img, idLieu) VALUES (10, 'image_lieu_4_1.jpg', '838b0a14-b013-4259-a8aa-224f359ad73a');
INSERT INTO ImgLieu (idImg, img, idLieu) VALUES (11, 'image_lieu_4_2.jpg', '838b0a14-b013-4259-a8aa-224f359ad73a');
INSERT INTO ImgLieu (idImg, img, idLieu) VALUES (12, 'image_lieu_4_3.jpg', '838b0a14-b013-4259-a8aa-224f359ad73a');
INSERT INTO Lieu (idLieu, nom, adresse, nbPlacesAssises, nbPlacesDebout) VALUES ('e84d291b-b436-407a-b570-137feaa8b141', 'Streich, Larkin and Gutmann', '2517 Anderson Ranch
North Nellieberg, DE 77991-8196', 480, 240);
INSERT INTO ImgLieu (idImg, img, idLieu) VALUES (13, 'image_lieu_5_1.jpg', 'e84d291b-b436-407a-b570-137feaa8b141');
INSERT INTO ImgLieu (idImg, img, idLieu) VALUES (14, 'image_lieu_5_2.jpg', 'e84d291b-b436-407a-b570-137feaa8b141');
INSERT INTO ImgLieu (idImg, img, idLieu) VALUES (15, 'image_lieu_5_3.jpg', 'e84d291b-b436-407a-b570-137feaa8b141');
INSERT INTO Soiree (idSoiree, nom, theme, date, horaireDebut, tarifNormal, tarifReduit, idLieu) VALUES ('0bf3b5d4-8f26-45d0-a8ef-aca55dc66116', 'Soirée 1', 'minus', '1997-01-24', '07:08:46', 55.52, 39.22, 'e84d291b-b436-407a-b570-137feaa8b141');
INSERT INTO Soiree (idSoiree, nom, theme, date, horaireDebut, tarifNormal, tarifReduit, idLieu) VALUES ('fa538237-fb15-4882-991b-a03d4fa22454', 'Soirée 2', 'quia', '1983-12-30', '11:22:39', 70.18, 43.58, 'e84d291b-b436-407a-b570-137feaa8b141');
INSERT INTO Soiree (idSoiree, nom, theme, date, horaireDebut, tarifNormal, tarifReduit, idLieu) VALUES ('0e8fe7f2-6843-4c79-b224-c87b82113d04', 'Soirée 3', 'quibusdam', '2018-07-02', '15:25:03', 22.42, 10.6, '140bd3df-f8a1-4722-aa2e-78805a4ef7f1');
INSERT INTO Soiree (idSoiree, nom, theme, date, horaireDebut, tarifNormal, tarifReduit, idLieu) VALUES ('40cec9e7-bb82-40ac-ac60-ade576a8a600', 'Soirée 4', 'non', '2005-04-15', '02:15:30', 25.16, 40.83, '838b0a14-b013-4259-a8aa-224f359ad73a');
INSERT INTO Soiree (idSoiree, nom, theme, date, horaireDebut, tarifNormal, tarifReduit, idLieu) VALUES ('14695e6d-f504-45ec-aa86-61d77df9ca81', 'Soirée 5', 'dignissimos', '2015-02-03', '02:42:53', 68.76, 23.77, '30c8c139-9ba2-4f9c-ba52-e280d33ff85c');
INSERT INTO Soiree (idSoiree, nom, theme, date, horaireDebut, tarifNormal, tarifReduit, idLieu) VALUES ('f660c8b2-a47b-448e-a97d-89c212208cda', 'Soirée 6', 'similique', '2001-01-28', '11:14:20', 98.36, 40.47, '140bd3df-f8a1-4722-aa2e-78805a4ef7f1');
INSERT INTO Soiree (idSoiree, nom, theme, date, horaireDebut, tarifNormal, tarifReduit, idLieu) VALUES ('320499b3-4598-47c6-8b71-ead52ccdca48', 'Soirée 7', 'non', '1971-10-28', '11:17:35', 95.45, 9.52, '838b0a14-b013-4259-a8aa-224f359ad73a');
INSERT INTO Soiree (idSoiree, nom, theme, date, horaireDebut, tarifNormal, tarifReduit, idLieu) VALUES ('0230d454-e101-4118-9665-d7f280d97d35', 'Soirée 8', 'laboriosam', '1973-09-18', '15:49:27', 13.68, 19.34, '838b0a14-b013-4259-a8aa-224f359ad73a');
INSERT INTO Soiree (idSoiree, nom, theme, date, horaireDebut, tarifNormal, tarifReduit, idLieu) VALUES ('14c728ca-98c9-4ef4-bd10-71b24db28b3e', 'Soirée 9', 'aliquam', '2020-01-08', '11:12:24', 43.48, 15.13, '344e115b-fcde-4ab9-a660-49b766c80ee6');
INSERT INTO Soiree (idSoiree, nom, theme, date, horaireDebut, tarifNormal, tarifReduit, idLieu) VALUES ('33a99df6-6151-4653-b3cc-f878fd4615da', 'Soirée 10', 'aut', '2015-01-07', '02:57:53', 78.86, 16.45, '30c8c139-9ba2-4f9c-ba52-e280d33ff85c');
INSERT INTO Soiree (idSoiree, nom, theme, date, horaireDebut, tarifNormal, tarifReduit, idLieu) VALUES ('9ab800f9-c9cd-4f06-81e8-9c3b07418329', 'Soirée 11', 'est', '1977-02-14', '15:58:11', 47.07, 20.85, '140bd3df-f8a1-4722-aa2e-78805a4ef7f1');
INSERT INTO Soiree (idSoiree, nom, theme, date, horaireDebut, tarifNormal, tarifReduit, idLieu) VALUES ('cba43b95-f60d-49f3-973b-91510d83b47e', 'Soirée 12', 'aut', '2006-07-26', '00:34:28', 84.72, 18.74, 'e84d291b-b436-407a-b570-137feaa8b141');
INSERT INTO Soiree (idSoiree, nom, theme, date, horaireDebut, tarifNormal, tarifReduit, idLieu) VALUES ('c8635bf3-eb6f-4af0-a859-69f8f094b53a', 'Soirée 13', 'aut', '1998-09-18', '23:33:55', 62.06, 37.59, '140bd3df-f8a1-4722-aa2e-78805a4ef7f1');
INSERT INTO Soiree (idSoiree, nom, theme, date, horaireDebut, tarifNormal, tarifReduit, idLieu) VALUES ('606fa337-4078-4e60-9900-29936404de45', 'Soirée 14', 'placeat', '1986-10-26', '05:42:32', 49.14, 22.4, '140bd3df-f8a1-4722-aa2e-78805a4ef7f1');
INSERT INTO Soiree (idSoiree, nom, theme, date, horaireDebut, tarifNormal, tarifReduit, idLieu) VALUES ('73faac53-b3c6-4b89-9467-08fd45536934', 'Soirée 15', 'molestiae', '2000-09-26', '11:03:43', 82.3, 31.27, '30c8c139-9ba2-4f9c-ba52-e280d33ff85c');
INSERT INTO Soiree (idSoiree, nom, theme, date, horaireDebut, tarifNormal, tarifReduit, idLieu) VALUES ('3145d6db-fe5c-4783-8e4a-eb457033ae59', 'Soirée 16', 'quod', '1996-02-02', '13:42:23', 47.11, 30.44, '838b0a14-b013-4259-a8aa-224f359ad73a');
INSERT INTO Soiree (idSoiree, nom, theme, date, horaireDebut, tarifNormal, tarifReduit, idLieu) VALUES ('2cb3d989-f8d8-455a-96a6-367417a75457', 'Soirée 17', 'aut', '1977-07-17', '04:27:01', 91.4, 26.26, '30c8c139-9ba2-4f9c-ba52-e280d33ff85c');
INSERT INTO Soiree (idSoiree, nom, theme, date, horaireDebut, tarifNormal, tarifReduit, idLieu) VALUES ('85727ee5-912d-485a-a9e9-1e72a7440935', 'Soirée 18', 'quasi', '2006-01-04', '09:38:41', 44.32, 35.06, 'e84d291b-b436-407a-b570-137feaa8b141');
INSERT INTO Soiree (idSoiree, nom, theme, date, horaireDebut, tarifNormal, tarifReduit, idLieu) VALUES ('60b3d9f4-e172-4722-a95d-52531d35f9df', 'Soirée 19', 'voluptatem', '1985-03-29', '22:25:56', 46.59, 33.55, '838b0a14-b013-4259-a8aa-224f359ad73a');
INSERT INTO Soiree (idSoiree, nom, theme, date, horaireDebut, tarifNormal, tarifReduit, idLieu) VALUES ('2ce2a2e7-0cb1-4d7b-a888-a308a2f18406', 'Soirée 20', 'corporis', '2003-06-09', '19:48:17', 37.85, 30.08, 'e84d291b-b436-407a-b570-137feaa8b141');
INSERT INTO Soiree (idSoiree, nom, theme, date, horaireDebut, tarifNormal, tarifReduit, idLieu) VALUES ('5251ba77-c77a-453c-b5cc-21f42a614376', 'Soirée 21', 'et', '2019-10-26', '05:25:16', 20.03, 20.07, '344e115b-fcde-4ab9-a660-49b766c80ee6');
INSERT INTO Soiree (idSoiree, nom, theme, date, horaireDebut, tarifNormal, tarifReduit, idLieu) VALUES ('d06f3ab4-b1da-448f-aa9b-f1603617abe5', 'Soirée 22', 'suscipit', '1977-03-28', '17:47:26', 28.32, 22.47, '344e115b-fcde-4ab9-a660-49b766c80ee6');
INSERT INTO Soiree (idSoiree, nom, theme, date, horaireDebut, tarifNormal, tarifReduit, idLieu) VALUES ('f99c485a-9d1f-4174-b943-8f65aa85db71', 'Soirée 23', 'dolorem', '2005-03-15', '16:38:29', 57.48, 5.17, '30c8c139-9ba2-4f9c-ba52-e280d33ff85c');
INSERT INTO Soiree (idSoiree, nom, theme, date, horaireDebut, tarifNormal, tarifReduit, idLieu) VALUES ('0afadf9a-e6cd-4f84-93b6-8382a0322b2e', 'Soirée 24', 'qui', '1976-08-12', '10:03:40', 18.27, 45.7, '140bd3df-f8a1-4722-aa2e-78805a4ef7f1');
INSERT INTO Soiree (idSoiree, nom, theme, date, horaireDebut, tarifNormal, tarifReduit, idLieu) VALUES ('5f43f144-1640-47fb-851e-c902b50e57d4', 'Soirée 25', 'facilis', '2010-10-12', '19:34:04', 98.97, 38.17, 'e84d291b-b436-407a-b570-137feaa8b141');
INSERT INTO Soiree (idSoiree, nom, theme, date, horaireDebut, tarifNormal, tarifReduit, idLieu) VALUES ('90d95904-b1db-415e-9adf-d47f9cb8f791', 'Soirée 26', 'quia', '2021-06-08', '13:18:27', 11.27, 41.55, '838b0a14-b013-4259-a8aa-224f359ad73a');
INSERT INTO Soiree (idSoiree, nom, theme, date, horaireDebut, tarifNormal, tarifReduit, idLieu) VALUES ('4af05946-3c76-4853-b9dd-583742f7dab6', 'Soirée 27', 'ut', '1982-09-03', '22:05:12', 88.79, 12.91, '838b0a14-b013-4259-a8aa-224f359ad73a');
INSERT INTO Soiree (idSoiree, nom, theme, date, horaireDebut, tarifNormal, tarifReduit, idLieu) VALUES ('b79cdda5-7518-44ef-9ec7-8ef0bbbcd049', 'Soirée 28', 'modi', '1995-10-31', '14:03:40', 51.34, 27.57, 'e84d291b-b436-407a-b570-137feaa8b141');
INSERT INTO Soiree (idSoiree, nom, theme, date, horaireDebut, tarifNormal, tarifReduit, idLieu) VALUES ('10ad955f-b673-41ac-83c9-1aa03af52c7f', 'Soirée 29', 'expedita', '1970-08-20', '05:34:38', 93.13, 37.3, '140bd3df-f8a1-4722-aa2e-78805a4ef7f1');
INSERT INTO Soiree (idSoiree, nom, theme, date, horaireDebut, tarifNormal, tarifReduit, idLieu) VALUES ('abab639c-c58d-4163-bb25-0fbfc84ad7dc', 'Soirée 30', 'eos', '2008-09-07', '06:49:35', 95.6, 32.19, '838b0a14-b013-4259-a8aa-224f359ad73a');
INSERT INTO Soiree (idSoiree, nom, theme, date, horaireDebut, tarifNormal, tarifReduit, idLieu) VALUES ('b89f680e-ccc3-419d-89c0-d447bcc95d02', 'Soirée 31', 'est', '2011-08-15', '18:08:53', 81.95, 46.79, 'e84d291b-b436-407a-b570-137feaa8b141');
INSERT INTO Soiree (idSoiree, nom, theme, date, horaireDebut, tarifNormal, tarifReduit, idLieu) VALUES ('5c8014d7-5a9c-463c-8ad6-f15ec060c4de', 'Soirée 32', 'commodi', '2020-10-31', '19:26:34', 29.5, 39.71, '30c8c139-9ba2-4f9c-ba52-e280d33ff85c');
INSERT INTO Soiree (idSoiree, nom, theme, date, horaireDebut, tarifNormal, tarifReduit, idLieu) VALUES ('a54312fe-68da-4095-8eef-dd514adcc0ac', 'Soirée 33', 'odio', '1993-05-23', '14:58:43', 83.34, 29.93, '344e115b-fcde-4ab9-a660-49b766c80ee6');
INSERT INTO Soiree (idSoiree, nom, theme, date, horaireDebut, tarifNormal, tarifReduit, idLieu) VALUES ('b2427fc5-5d51-4673-a240-a6ece2773560', 'Soirée 34', 'veniam', '2014-11-03', '03:17:46', 42.94, 10.25, 'e84d291b-b436-407a-b570-137feaa8b141');
INSERT INTO Soiree (idSoiree, nom, theme, date, horaireDebut, tarifNormal, tarifReduit, idLieu) VALUES ('7dc75937-289b-4839-b5ea-0ac566898928', 'Soirée 35', 'exercitationem', '1975-06-08', '06:20:38', 58.62, 25.23, '140bd3df-f8a1-4722-aa2e-78805a4ef7f1');
INSERT INTO Soiree (idSoiree, nom, theme, date, horaireDebut, tarifNormal, tarifReduit, idLieu) VALUES ('77f9c738-609a-4734-a964-dc3c88fa6150', 'Soirée 36', 'repudiandae', '1997-10-05', '02:17:47', 71.71, 25.4, '30c8c139-9ba2-4f9c-ba52-e280d33ff85c');
INSERT INTO Soiree (idSoiree, nom, theme, date, horaireDebut, tarifNormal, tarifReduit, idLieu) VALUES ('1e7291b4-1090-448e-be51-918538e71380', 'Soirée 37', 'aliquid', '2023-09-21', '15:36:04', 41.75, 48.21, 'e84d291b-b436-407a-b570-137feaa8b141');
INSERT INTO Soiree (idSoiree, nom, theme, date, horaireDebut, tarifNormal, tarifReduit, idLieu) VALUES ('63c496fc-9bcc-4fe7-b8ed-75ebd8ba210d', 'Soirée 38', 'suscipit', '2017-06-25', '23:38:04', 10.78, 26.48, '140bd3df-f8a1-4722-aa2e-78805a4ef7f1');
INSERT INTO Soiree (idSoiree, nom, theme, date, horaireDebut, tarifNormal, tarifReduit, idLieu) VALUES ('b8a178dc-f559-407c-98e4-322a049c5c7c', 'Soirée 39', 'iusto', '1981-03-15', '08:19:43', 90.66, 5.52, '30c8c139-9ba2-4f9c-ba52-e280d33ff85c');
INSERT INTO Soiree (idSoiree, nom, theme, date, horaireDebut, tarifNormal, tarifReduit, idLieu) VALUES ('343b1591-3dc9-46c3-bd5f-77393353c128', 'Soirée 40', 'quidem', '2006-09-07', '05:24:46', 92.13, 22.43, '838b0a14-b013-4259-a8aa-224f359ad73a');
INSERT INTO Soiree (idSoiree, nom, theme, date, horaireDebut, tarifNormal, tarifReduit, idLieu) VALUES ('8616ee9b-b327-4223-a76f-07898e5936cc', 'Soirée 41', 'nesciunt', '1992-02-07', '23:54:52', 84.01, 45.89, '30c8c139-9ba2-4f9c-ba52-e280d33ff85c');
INSERT INTO Soiree (idSoiree, nom, theme, date, horaireDebut, tarifNormal, tarifReduit, idLieu) VALUES ('65990515-4853-48d4-a4a5-b02de1c8def0', 'Soirée 42', 'quas', '1973-05-27', '07:41:49', 20.98, 39.36, '30c8c139-9ba2-4f9c-ba52-e280d33ff85c');
INSERT INTO Spectacle (idSpectacle, titre, description, urlVideo, horairePrevionnel, idSoiree) VALUES ('c925e251-2fdb-47b5-b77f-fa4ff58b6492', 'Spectacle 1', 'Omnis deleniti necessitatibus porro explicabo earum neque illo ad.', 'video_spectacle_1.mp4', '2023-05-18 16:48:57', '73faac53-b3c6-4b89-9467-08fd45536934');
INSERT INTO ImgSpectacle (idImg, img, idSpectacle) VALUES (1, 'image_spectacle_1_1.jpg', 'c925e251-2fdb-47b5-b77f-fa4ff58b6492');
INSERT INTO Artiste (idArtiste, nom, idSpectacle) VALUES ('c0ca733e-a19f-49d8-b96f-5a0026aae9db', 'Dr. King Runolfsson DDS', 'c925e251-2fdb-47b5-b77f-fa4ff58b6492');
INSERT INTO Artiste (idArtiste, nom, idSpectacle) VALUES ('d891f166-b5cd-4b23-b6d1-aa46a3952c8b', 'Paul Schaden', 'c925e251-2fdb-47b5-b77f-fa4ff58b6492');
INSERT INTO Artiste (idArtiste, nom, idSpectacle) VALUES ('21a248c7-0e6e-4729-bb9c-91c431ae540f', 'Sarah Effertz', 'c925e251-2fdb-47b5-b77f-fa4ff58b6492');
INSERT INTO Spectacle (idSpectacle, titre, description, urlVideo, horairePrevionnel, idSoiree) VALUES ('147487bf-f7a3-4989-bcfb-e0547a858057', 'Spectacle 2', 'Et impedit sed velit qui cum.', 'video_spectacle_2.mp4', '2023-01-19 05:39:16', '7dc75937-289b-4839-b5ea-0ac566898928');
INSERT INTO ImgSpectacle (idImg, img, idSpectacle) VALUES (4, 'image_spectacle_2_1.jpg', '147487bf-f7a3-4989-bcfb-e0547a858057');
INSERT INTO ImgSpectacle (idImg, img, idSpectacle) VALUES (5, 'image_spectacle_2_2.jpg', '147487bf-f7a3-4989-bcfb-e0547a858057');
INSERT INTO ImgSpectacle (idImg, img, idSpectacle) VALUES (6, 'image_spectacle_2_3.jpg', '147487bf-f7a3-4989-bcfb-e0547a858057');
INSERT INTO Artiste (idArtiste, nom, idSpectacle) VALUES ('c090e8a2-79bc-414f-950a-62ab998faafa', 'Yoshiko O\''Keefe', '147487bf-f7a3-4989-bcfb-e0547a858057');
INSERT INTO Spectacle (idSpectacle, titre, description, urlVideo, horairePrevionnel, idSoiree) VALUES ('585533bc-e071-4884-af9b-aaa9170eced3', 'Spectacle 3', 'Reiciendis inventore quo deleniti tempora soluta.', 'video_spectacle_3.mp4', '2023-01-10 11:22:10', 'b8a178dc-f559-407c-98e4-322a049c5c7c');
INSERT INTO ImgSpectacle (idImg, img, idSpectacle) VALUES (7, 'image_spectacle_3_1.jpg', '585533bc-e071-4884-af9b-aaa9170eced3');
INSERT INTO Artiste (idArtiste, nom, idSpectacle) VALUES ('d69c389a-a29d-4fc8-82aa-708f83182e76', 'Dr. Paul Ortiz', '585533bc-e071-4884-af9b-aaa9170eced3');
INSERT INTO Spectacle (idSpectacle, titre, description, urlVideo, horairePrevionnel, idSoiree) VALUES ('44da3656-ffb3-4530-85b8-b109c92ea82b', 'Spectacle 4', 'Totam est quam est.', 'video_spectacle_4.mp4', '2023-02-25 05:39:57', '10ad955f-b673-41ac-83c9-1aa03af52c7f');
INSERT INTO ImgSpectacle (idImg, img, idSpectacle) VALUES (10, 'image_spectacle_4_1.jpg', '44da3656-ffb3-4530-85b8-b109c92ea82b');
INSERT INTO Artiste (idArtiste, nom, idSpectacle) VALUES ('fa672a51-b30b-4e0e-a22c-0a396311a7da', 'Chet Schaefer', '44da3656-ffb3-4530-85b8-b109c92ea82b');
INSERT INTO Artiste (idArtiste, nom, idSpectacle) VALUES ('1e3ca748-57d8-474e-9c00-6f92d60ead3a', 'Dixie Shields Jr.', '44da3656-ffb3-4530-85b8-b109c92ea82b');
INSERT INTO Spectacle (idSpectacle, titre, description, urlVideo, horairePrevionnel, idSoiree) VALUES ('f50a6c0e-a319-4a1d-8ad8-d0b8b69e9a50', 'Spectacle 5', 'Et dolorem error et quia.', 'video_spectacle_5.mp4', '2023-02-19 22:15:49', '7dc75937-289b-4839-b5ea-0ac566898928');
INSERT INTO ImgSpectacle (idImg, img, idSpectacle) VALUES (13, 'image_spectacle_5_1.jpg', 'f50a6c0e-a319-4a1d-8ad8-d0b8b69e9a50');
INSERT INTO Artiste (idArtiste, nom, idSpectacle) VALUES ('102d54c3-7eee-42e3-aabc-560811a9b653', 'Ms. Aglae Pacocha', 'f50a6c0e-a319-4a1d-8ad8-d0b8b69e9a50');
INSERT INTO Artiste (idArtiste, nom, idSpectacle) VALUES ('2da02807-edb6-4b84-9826-f4243a8b0406', 'Sidney Lemke', 'f50a6c0e-a319-4a1d-8ad8-d0b8b69e9a50');
INSERT INTO Spectacle (idSpectacle, titre, description, urlVideo, horairePrevionnel, idSoiree) VALUES ('61dc6822-2edf-4ecb-a935-81a7b4640cd4', 'Spectacle 6', 'Ad velit sapiente corrupti quaerat quia.', 'video_spectacle_6.mp4', '2023-07-21 19:17:31', 'b8a178dc-f559-407c-98e4-322a049c5c7c');
INSERT INTO ImgSpectacle (idImg, img, idSpectacle) VALUES (16, 'image_spectacle_6_1.jpg', '61dc6822-2edf-4ecb-a935-81a7b4640cd4');
INSERT INTO ImgSpectacle (idImg, img, idSpectacle) VALUES (17, 'image_spectacle_6_2.jpg', '61dc6822-2edf-4ecb-a935-81a7b4640cd4');
INSERT INTO Artiste (idArtiste, nom, idSpectacle) VALUES ('61a70705-9af2-4625-ae8a-7182847cf0b2', 'Ebba Nitzsche', '61dc6822-2edf-4ecb-a935-81a7b4640cd4');
INSERT INTO Artiste (idArtiste, nom, idSpectacle) VALUES ('4ea19852-8beb-45d7-9814-d4f554c3c058', 'Miss Fleta Wisozk', '61dc6822-2edf-4ecb-a935-81a7b4640cd4');
INSERT INTO Spectacle (idSpectacle, titre, description, urlVideo, horairePrevionnel, idSoiree) VALUES ('f8101fa4-36d0-4845-832a-cadcd5d61b7e', 'Spectacle 7', 'Consequatur reprehenderit consequatur minima officia vel voluptatem.', 'video_spectacle_7.mp4', '2023-02-25 14:35:55', '3145d6db-fe5c-4783-8e4a-eb457033ae59');
INSERT INTO ImgSpectacle (idImg, img, idSpectacle) VALUES (19, 'image_spectacle_7_1.jpg', 'f8101fa4-36d0-4845-832a-cadcd5d61b7e');
INSERT INTO ImgSpectacle (idImg, img, idSpectacle) VALUES (20, 'image_spectacle_7_2.jpg', 'f8101fa4-36d0-4845-832a-cadcd5d61b7e');
INSERT INTO ImgSpectacle (idImg, img, idSpectacle) VALUES (21, 'image_spectacle_7_3.jpg', 'f8101fa4-36d0-4845-832a-cadcd5d61b7e');
INSERT INTO Artiste (idArtiste, nom, idSpectacle) VALUES ('2718d1fe-3e6d-40f6-9b56-65952e375fcf', 'Josefina Mertz', 'f8101fa4-36d0-4845-832a-cadcd5d61b7e');
INSERT INTO Spectacle (idSpectacle, titre, description, urlVideo, horairePrevionnel, idSoiree) VALUES ('bd5e6d73-71f7-4690-8c10-dfeaf6f54523', 'Spectacle 8', 'Voluptas placeat facere non quia voluptatem molestias enim.', 'video_spectacle_8.mp4', '2023-06-09 09:39:16', 'd06f3ab4-b1da-448f-aa9b-f1603617abe5');
INSERT INTO ImgSpectacle (idImg, img, idSpectacle) VALUES (22, 'image_spectacle_8_1.jpg', 'bd5e6d73-71f7-4690-8c10-dfeaf6f54523');
INSERT INTO ImgSpectacle (idImg, img, idSpectacle) VALUES (23, 'image_spectacle_8_2.jpg', 'bd5e6d73-71f7-4690-8c10-dfeaf6f54523');
INSERT INTO Artiste (idArtiste, nom, idSpectacle) VALUES ('77cfaa54-b08b-4e1a-bdd8-620c4ad3c678', 'Darrick Toy MD', 'bd5e6d73-71f7-4690-8c10-dfeaf6f54523');
INSERT INTO Artiste (idArtiste, nom, idSpectacle) VALUES ('395b1860-a04a-495a-94f4-b51ef74c8195', 'Mr. Leopold Larson', 'bd5e6d73-71f7-4690-8c10-dfeaf6f54523');
INSERT INTO Artiste (idArtiste, nom, idSpectacle) VALUES ('df2a2f1b-d86c-483b-b25a-5d1e28f3b832', 'Pablo Mosciski III', 'bd5e6d73-71f7-4690-8c10-dfeaf6f54523');
INSERT INTO Spectacle (idSpectacle, titre, description, urlVideo, horairePrevionnel, idSoiree) VALUES ('bd94d9b2-82d2-40b6-b4f7-6c0110859aca', 'Spectacle 9', 'Qui qui sit doloremque quia voluptates sed.', 'video_spectacle_9.mp4', '2023-09-07 23:32:55', '343b1591-3dc9-46c3-bd5f-77393353c128');
INSERT INTO ImgSpectacle (idImg, img, idSpectacle) VALUES (25, 'image_spectacle_9_1.jpg', 'bd94d9b2-82d2-40b6-b4f7-6c0110859aca');
INSERT INTO ImgSpectacle (idImg, img, idSpectacle) VALUES (26, 'image_spectacle_9_2.jpg', 'bd94d9b2-82d2-40b6-b4f7-6c0110859aca');
INSERT INTO Artiste (idArtiste, nom, idSpectacle) VALUES ('174b941b-2400-46f4-85f5-6dfeacbfd066', 'Prof. Antonia Wolff', 'bd94d9b2-82d2-40b6-b4f7-6c0110859aca');
INSERT INTO Artiste (idArtiste, nom, idSpectacle) VALUES ('3506fbe9-f906-41a7-8c19-ad9f3d494b00', 'Jackeline Mayer', 'bd94d9b2-82d2-40b6-b4f7-6c0110859aca');
INSERT INTO Spectacle (idSpectacle, titre, description, urlVideo, horairePrevionnel, idSoiree) VALUES ('a9cec094-3282-4167-9222-fac30a577a04', 'Spectacle 10', 'Facere molestiae quod labore quia.', 'video_spectacle_10.mp4', '2023-10-19 17:46:21', '73faac53-b3c6-4b89-9467-08fd45536934');
INSERT INTO ImgSpectacle (idImg, img, idSpectacle) VALUES (28, 'image_spectacle_10_1.jpg', 'a9cec094-3282-4167-9222-fac30a577a04');
INSERT INTO ImgSpectacle (idImg, img, idSpectacle) VALUES (29, 'image_spectacle_10_2.jpg', 'a9cec094-3282-4167-9222-fac30a577a04');
INSERT INTO ImgSpectacle (idImg, img, idSpectacle) VALUES (30, 'image_spectacle_10_3.jpg', 'a9cec094-3282-4167-9222-fac30a577a04');
INSERT INTO Artiste (idArtiste, nom, idSpectacle) VALUES ('5a85d760-d056-4964-b0da-a7cf2cb2252d', 'Efren Ebert', 'a9cec094-3282-4167-9222-fac30a577a04');
INSERT INTO Spectacle (idSpectacle, titre, description, urlVideo, horairePrevionnel, idSoiree) VALUES ('7b48bb12-24f9-4078-b790-df4a0bdd1f0a', 'Spectacle 11', 'Similique impedit tenetur blanditiis fuga libero et laborum maiores.', 'video_spectacle_11.mp4', '2023-06-04 08:15:23', 'abab639c-c58d-4163-bb25-0fbfc84ad7dc');
INSERT INTO ImgSpectacle (idImg, img, idSpectacle) VALUES (31, 'image_spectacle_11_1.jpg', '7b48bb12-24f9-4078-b790-df4a0bdd1f0a');
INSERT INTO Artiste (idArtiste, nom, idSpectacle) VALUES ('eb7a065b-aed5-4a82-8574-049f62075755', 'Aglae Prosacco III', '7b48bb12-24f9-4078-b790-df4a0bdd1f0a');
INSERT INTO Artiste (idArtiste, nom, idSpectacle) VALUES ('ee9b058c-d52c-43f3-ac41-fa2a4c7c3e7f', 'Elisa Bins', '7b48bb12-24f9-4078-b790-df4a0bdd1f0a');
INSERT INTO Spectacle (idSpectacle, titre, description, urlVideo, horairePrevionnel, idSoiree) VALUES ('8dcbbda7-6442-48c9-bc54-765697e60f35', 'Spectacle 12', 'Qui est voluptas voluptatum ipsa ad error molestiae.', 'video_spectacle_12.mp4', '2023-04-19 06:14:39', '14c728ca-98c9-4ef4-bd10-71b24db28b3e');
INSERT INTO ImgSpectacle (idImg, img, idSpectacle) VALUES (34, 'image_spectacle_12_1.jpg', '8dcbbda7-6442-48c9-bc54-765697e60f35');
INSERT INTO ImgSpectacle (idImg, img, idSpectacle) VALUES (35, 'image_spectacle_12_2.jpg', '8dcbbda7-6442-48c9-bc54-765697e60f35');
INSERT INTO Artiste (idArtiste, nom, idSpectacle) VALUES ('dfbebfb4-6950-488a-a196-cda71e8cc614', 'Helene Treutel', '8dcbbda7-6442-48c9-bc54-765697e60f35');
INSERT INTO Artiste (idArtiste, nom, idSpectacle) VALUES ('d0241d32-aaf3-40f4-8b7b-062467f55929', 'Macie O\''Kon', '8dcbbda7-6442-48c9-bc54-765697e60f35');
INSERT INTO Spectacle (idSpectacle, titre, description, urlVideo, horairePrevionnel, idSoiree) VALUES ('8a1d70a8-a185-4bae-a572-1ec96f2be217', 'Spectacle 13', 'Rerum impedit quis est est dignissimos.', 'video_spectacle_13.mp4', '2023-09-07 00:32:25', 'd06f3ab4-b1da-448f-aa9b-f1603617abe5');
INSERT INTO ImgSpectacle (idImg, img, idSpectacle) VALUES (37, 'image_spectacle_13_1.jpg', '8a1d70a8-a185-4bae-a572-1ec96f2be217');
INSERT INTO ImgSpectacle (idImg, img, idSpectacle) VALUES (38, 'image_spectacle_13_2.jpg', '8a1d70a8-a185-4bae-a572-1ec96f2be217');
INSERT INTO Artiste (idArtiste, nom, idSpectacle) VALUES ('85c02e6a-cfc6-44b9-8cfe-ce4d546421c5', 'Trever Heller', '8a1d70a8-a185-4bae-a572-1ec96f2be217');
INSERT INTO Spectacle (idSpectacle, titre, description, urlVideo, horairePrevionnel, idSoiree) VALUES ('81746d3e-b249-4854-a027-9e3ba6217dc2', 'Spectacle 14', 'Error et non rem autem voluptas.', 'video_spectacle_14.mp4', '2023-06-29 14:06:03', '5251ba77-c77a-453c-b5cc-21f42a614376');
INSERT INTO ImgSpectacle (idImg, img, idSpectacle) VALUES (40, 'image_spectacle_14_1.jpg', '81746d3e-b249-4854-a027-9e3ba6217dc2');
INSERT INTO Artiste (idArtiste, nom, idSpectacle) VALUES ('4650ae69-0b95-4aca-8393-b42a274c6252', 'Waldo Mueller MD', '81746d3e-b249-4854-a027-9e3ba6217dc2');
INSERT INTO Artiste (idArtiste, nom, idSpectacle) VALUES ('e02c0b8b-b3f9-4583-876c-73412941a119', 'Erika Satterfield', '81746d3e-b249-4854-a027-9e3ba6217dc2');
INSERT INTO Artiste (idArtiste, nom, idSpectacle) VALUES ('e6df2e40-a12d-45be-9f41-6ed3797a7838', 'Prof. Corrine Beatty', '81746d3e-b249-4854-a027-9e3ba6217dc2');
INSERT INTO Spectacle (idSpectacle, titre, description, urlVideo, horairePrevionnel, idSoiree) VALUES ('3588dde4-217c-4f6f-9880-bfced1b6a364', 'Spectacle 15', 'Et fugiat sit deserunt ad esse.', 'video_spectacle_15.mp4', '2023-10-20 22:15:29', '7dc75937-289b-4839-b5ea-0ac566898928');
INSERT INTO ImgSpectacle (idImg, img, idSpectacle) VALUES (43, 'image_spectacle_15_1.jpg', '3588dde4-217c-4f6f-9880-bfced1b6a364');
INSERT INTO Artiste (idArtiste, nom, idSpectacle) VALUES ('72d9d622-f4a6-4abf-a609-27f4f76e013a', 'Whitney Mills', '3588dde4-217c-4f6f-9880-bfced1b6a364');
INSERT INTO Artiste (idArtiste, nom, idSpectacle) VALUES ('b17bf29a-b3e9-4d66-ac88-ffbf22129180', 'Mr. Mortimer Schneider I', '3588dde4-217c-4f6f-9880-bfced1b6a364');
INSERT INTO Spectacle (idSpectacle, titre, description, urlVideo, horairePrevionnel, idSoiree) VALUES ('2c04e571-565f-4a5f-bc5c-70e84100b84e', 'Spectacle 16', 'Repudiandae maxime non voluptatum sunt non.', 'video_spectacle_16.mp4', '2023-06-23 23:00:41', '0230d454-e101-4118-9665-d7f280d97d35');
INSERT INTO ImgSpectacle (idImg, img, idSpectacle) VALUES (46, 'image_spectacle_16_1.jpg', '2c04e571-565f-4a5f-bc5c-70e84100b84e');
INSERT INTO ImgSpectacle (idImg, img, idSpectacle) VALUES (47, 'image_spectacle_16_2.jpg', '2c04e571-565f-4a5f-bc5c-70e84100b84e');
INSERT INTO Artiste (idArtiste, nom, idSpectacle) VALUES ('5c82e71f-e280-4410-ba2c-7c847d38aece', 'Evans Kovacek', '2c04e571-565f-4a5f-bc5c-70e84100b84e');
INSERT INTO Spectacle (idSpectacle, titre, description, urlVideo, horairePrevionnel, idSoiree) VALUES ('ac35a647-58fe-4b51-9c8e-6839d794912d', 'Spectacle 17', 'Sed qui dolores voluptates.', 'video_spectacle_17.mp4', '2023-07-19 01:40:26', 'd06f3ab4-b1da-448f-aa9b-f1603617abe5');
INSERT INTO ImgSpectacle (idImg, img, idSpectacle) VALUES (49, 'image_spectacle_17_1.jpg', 'ac35a647-58fe-4b51-9c8e-6839d794912d');
INSERT INTO Artiste (idArtiste, nom, idSpectacle) VALUES ('112e8889-6375-46fa-a749-64448a9f7990', 'Hailey Gislason', 'ac35a647-58fe-4b51-9c8e-6839d794912d');
INSERT INTO Artiste (idArtiste, nom, idSpectacle) VALUES ('6c13f645-b737-4abb-baac-1165cb0e6ab3', 'Bertha Lubowitz', 'ac35a647-58fe-4b51-9c8e-6839d794912d');
INSERT INTO Spectacle (idSpectacle, titre, description, urlVideo, horairePrevionnel, idSoiree) VALUES ('958d2210-e19f-491d-9ba0-1d6506614ce5', 'Spectacle 18', 'Aspernatur ut adipisci nemo.', 'video_spectacle_18.mp4', '2023-10-10 09:16:14', 'd06f3ab4-b1da-448f-aa9b-f1603617abe5');
INSERT INTO ImgSpectacle (idImg, img, idSpectacle) VALUES (52, 'image_spectacle_18_1.jpg', '958d2210-e19f-491d-9ba0-1d6506614ce5');
INSERT INTO ImgSpectacle (idImg, img, idSpectacle) VALUES (53, 'image_spectacle_18_2.jpg', '958d2210-e19f-491d-9ba0-1d6506614ce5');
INSERT INTO ImgSpectacle (idImg, img, idSpectacle) VALUES (54, 'image_spectacle_18_3.jpg', '958d2210-e19f-491d-9ba0-1d6506614ce5');
INSERT INTO Artiste (idArtiste, nom, idSpectacle) VALUES ('340a8b29-50e1-4fbb-815c-66ffb848d0b3', 'Lily Becker', '958d2210-e19f-491d-9ba0-1d6506614ce5');
INSERT INTO Artiste (idArtiste, nom, idSpectacle) VALUES ('b3ec867c-cf90-4361-aa04-1e15f26c4b27', 'Dr. Carolyn Fritsch', '958d2210-e19f-491d-9ba0-1d6506614ce5');
INSERT INTO Artiste (idArtiste, nom, idSpectacle) VALUES ('e8224438-986c-4f69-8015-db632c114890', 'Hershel Pfeffer', '958d2210-e19f-491d-9ba0-1d6506614ce5');
INSERT INTO Spectacle (idSpectacle, titre, description, urlVideo, horairePrevionnel, idSoiree) VALUES ('0ef87e44-ca81-488f-8fe1-38aa1f58e320', 'Spectacle 19', 'Facere praesentium fugiat officiis debitis at eum.', 'video_spectacle_19.mp4', '2023-09-22 19:32:27', '320499b3-4598-47c6-8b71-ead52ccdca48');
INSERT INTO ImgSpectacle (idImg, img, idSpectacle) VALUES (55, 'image_spectacle_19_1.jpg', '0ef87e44-ca81-488f-8fe1-38aa1f58e320');
INSERT INTO ImgSpectacle (idImg, img, idSpectacle) VALUES (56, 'image_spectacle_19_2.jpg', '0ef87e44-ca81-488f-8fe1-38aa1f58e320');
INSERT INTO Artiste (idArtiste, nom, idSpectacle) VALUES ('03400692-0d1a-4f96-a863-ece752f447ed', 'Prof. Jaden Bashirian', '0ef87e44-ca81-488f-8fe1-38aa1f58e320');
INSERT INTO Spectacle (idSpectacle, titre, description, urlVideo, horairePrevionnel, idSoiree) VALUES ('a42f4e4f-2466-4d81-b94e-fa01c3b71784', 'Spectacle 20', 'Doloremque omnis consequatur rerum totam sed.', 'video_spectacle_20.mp4', '2023-02-25 20:24:29', '5c8014d7-5a9c-463c-8ad6-f15ec060c4de');
INSERT INTO ImgSpectacle (idImg, img, idSpectacle) VALUES (58, 'image_spectacle_20_1.jpg', 'a42f4e4f-2466-4d81-b94e-fa01c3b71784');
INSERT INTO Artiste (idArtiste, nom, idSpectacle) VALUES ('a14e3e98-00b6-4364-bdfc-e97777bf1c74', 'Horacio Nader', 'a42f4e4f-2466-4d81-b94e-fa01c3b71784');
INSERT INTO Spectacle (idSpectacle, titre, description, urlVideo, horairePrevionnel, idSoiree) VALUES ('6952bfb3-1137-498f-907d-3b025c5fd1aa', 'Spectacle 21', 'Perspiciatis possimus accusamus est quia suscipit animi vel.', 'video_spectacle_21.mp4', '2023-05-19 15:28:28', '5f43f144-1640-47fb-851e-c902b50e57d4');
INSERT INTO ImgSpectacle (idImg, img, idSpectacle) VALUES (61, 'image_spectacle_21_1.jpg', '6952bfb3-1137-498f-907d-3b025c5fd1aa');
INSERT INTO ImgSpectacle (idImg, img, idSpectacle) VALUES (62, 'image_spectacle_21_2.jpg', '6952bfb3-1137-498f-907d-3b025c5fd1aa');
INSERT INTO Artiste (idArtiste, nom, idSpectacle) VALUES ('842295a8-89bc-4805-8a9a-930acde726ba', 'Elton Corkery', '6952bfb3-1137-498f-907d-3b025c5fd1aa');
INSERT INTO Spectacle (idSpectacle, titre, description, urlVideo, horairePrevionnel, idSoiree) VALUES ('d80baaf0-5718-42a9-a202-1ff7daa0f859', 'Spectacle 22', 'Non consequuntur nesciunt nulla est.', 'video_spectacle_22.mp4', '2023-10-18 06:25:15', '0afadf9a-e6cd-4f84-93b6-8382a0322b2e');
INSERT INTO ImgSpectacle (idImg, img, idSpectacle) VALUES (64, 'image_spectacle_22_1.jpg', 'd80baaf0-5718-42a9-a202-1ff7daa0f859');
INSERT INTO ImgSpectacle (idImg, img, idSpectacle) VALUES (65, 'image_spectacle_22_2.jpg', 'd80baaf0-5718-42a9-a202-1ff7daa0f859');
INSERT INTO ImgSpectacle (idImg, img, idSpectacle) VALUES (66, 'image_spectacle_22_3.jpg', 'd80baaf0-5718-42a9-a202-1ff7daa0f859');
INSERT INTO Artiste (idArtiste, nom, idSpectacle) VALUES ('c1d054dc-7dab-4d2c-8d26-1cbe0f185f85', 'Miss Janice Crooks', 'd80baaf0-5718-42a9-a202-1ff7daa0f859');
INSERT INTO Artiste (idArtiste, nom, idSpectacle) VALUES ('a10c17dd-d27e-4dfc-9de6-019d8513a439', 'Mr. Toni Koch Jr.', 'd80baaf0-5718-42a9-a202-1ff7daa0f859');
INSERT INTO Spectacle (idSpectacle, titre, description, urlVideo, horairePrevionnel, idSoiree) VALUES ('7cc5d8e0-50a4-4889-955e-49394bd6a196', 'Spectacle 23', 'Accusantium provident perspiciatis quidem ex temporibus modi ut.', 'video_spectacle_23.mp4', '2023-07-20 02:13:47', '85727ee5-912d-485a-a9e9-1e72a7440935');
INSERT INTO ImgSpectacle (idImg, img, idSpectacle) VALUES (67, 'image_spectacle_23_1.jpg', '7cc5d8e0-50a4-4889-955e-49394bd6a196');
INSERT INTO ImgSpectacle (idImg, img, idSpectacle) VALUES (68, 'image_spectacle_23_2.jpg', '7cc5d8e0-50a4-4889-955e-49394bd6a196');
INSERT INTO ImgSpectacle (idImg, img, idSpectacle) VALUES (69, 'image_spectacle_23_3.jpg', '7cc5d8e0-50a4-4889-955e-49394bd6a196');
INSERT INTO Artiste (idArtiste, nom, idSpectacle) VALUES ('fe1c6e93-2827-40b3-bb41-543f560c5b70', 'Adolfo Swaniawski Jr.', '7cc5d8e0-50a4-4889-955e-49394bd6a196');
INSERT INTO Artiste (idArtiste, nom, idSpectacle) VALUES ('ad851d08-11f9-4240-8259-b8555d0dcb40', 'Ludie Lehner', '7cc5d8e0-50a4-4889-955e-49394bd6a196');
INSERT INTO Artiste (idArtiste, nom, idSpectacle) VALUES ('318faf3e-5e17-45da-9ee0-30877af29b14', 'Mr. Alfredo Bosco', '7cc5d8e0-50a4-4889-955e-49394bd6a196');
INSERT INTO Spectacle (idSpectacle, titre, description, urlVideo, horairePrevionnel, idSoiree) VALUES ('d755c252-3241-481f-9a34-0f3c6501fdde', 'Spectacle 24', 'Pariatur et quisquam numquam incidunt molestiae quas.', 'video_spectacle_24.mp4', '2023-01-29 19:11:04', '606fa337-4078-4e60-9900-29936404de45');
INSERT INTO ImgSpectacle (idImg, img, idSpectacle) VALUES (70, 'image_spectacle_24_1.jpg', 'd755c252-3241-481f-9a34-0f3c6501fdde');
INSERT INTO ImgSpectacle (idImg, img, idSpectacle) VALUES (71, 'image_spectacle_24_2.jpg', 'd755c252-3241-481f-9a34-0f3c6501fdde');
INSERT INTO ImgSpectacle (idImg, img, idSpectacle) VALUES (72, 'image_spectacle_24_3.jpg', 'd755c252-3241-481f-9a34-0f3c6501fdde');
INSERT INTO Artiste (idArtiste, nom, idSpectacle) VALUES ('6d6df5fe-49e9-4aab-9d37-be2157b407f3', 'Ms. Nikita Heathcote II', 'd755c252-3241-481f-9a34-0f3c6501fdde');
INSERT INTO Artiste (idArtiste, nom, idSpectacle) VALUES ('620f6659-e28e-4ca6-bcd9-720a06cc7d85', 'Autumn Lesch', 'd755c252-3241-481f-9a34-0f3c6501fdde');
INSERT INTO Spectacle (idSpectacle, titre, description, urlVideo, horairePrevionnel, idSoiree) VALUES ('7e487c46-405a-4c1d-9dd1-8b975ba4ea65', 'Spectacle 25', 'In accusantium et corrupti adipisci blanditiis odio quidem hic.', 'video_spectacle_25.mp4', '2023-09-22 07:13:44', '90d95904-b1db-415e-9adf-d47f9cb8f791');
INSERT INTO ImgSpectacle (idImg, img, idSpectacle) VALUES (73, 'image_spectacle_25_1.jpg', '7e487c46-405a-4c1d-9dd1-8b975ba4ea65');
INSERT INTO ImgSpectacle (idImg, img, idSpectacle) VALUES (74, 'image_spectacle_25_2.jpg', '7e487c46-405a-4c1d-9dd1-8b975ba4ea65');
INSERT INTO ImgSpectacle (idImg, img, idSpectacle) VALUES (75, 'image_spectacle_25_3.jpg', '7e487c46-405a-4c1d-9dd1-8b975ba4ea65');
INSERT INTO Artiste (idArtiste, nom, idSpectacle) VALUES ('e8b099ab-42bb-4bd1-90c8-6320159ea537', 'Ivah Simonis', '7e487c46-405a-4c1d-9dd1-8b975ba4ea65');
INSERT INTO Artiste (idArtiste, nom, idSpectacle) VALUES ('e1c28ed9-a0a2-4e6e-af83-f62d16449a44', 'Alba Nader', '7e487c46-405a-4c1d-9dd1-8b975ba4ea65');
INSERT INTO Spectacle (idSpectacle, titre, description, urlVideo, horairePrevionnel, idSoiree) VALUES ('ee713e48-4867-44e0-a5e7-d28210f3f7ad', 'Spectacle 26', 'Veniam beatae fugit facere sit.', 'video_spectacle_26.mp4', '2023-04-08 11:33:44', '606fa337-4078-4e60-9900-29936404de45');
INSERT INTO ImgSpectacle (idImg, img, idSpectacle) VALUES (76, 'image_spectacle_26_1.jpg', 'ee713e48-4867-44e0-a5e7-d28210f3f7ad');
INSERT INTO ImgSpectacle (idImg, img, idSpectacle) VALUES (77, 'image_spectacle_26_2.jpg', 'ee713e48-4867-44e0-a5e7-d28210f3f7ad');
INSERT INTO ImgSpectacle (idImg, img, idSpectacle) VALUES (78, 'image_spectacle_26_3.jpg', 'ee713e48-4867-44e0-a5e7-d28210f3f7ad');
INSERT INTO Artiste (idArtiste, nom, idSpectacle) VALUES ('0a9511f2-7fd6-41fb-81ca-f4d9080104a9', 'Mr. Eldred Schultz V', 'ee713e48-4867-44e0-a5e7-d28210f3f7ad');
INSERT INTO Spectacle (idSpectacle, titre, description, urlVideo, horairePrevionnel, idSoiree) VALUES ('9b8c7ffa-6247-4893-bf93-00c839a43fd8', 'Spectacle 27', 'Non at consequatur aut sed et.', 'video_spectacle_27.mp4', '2023-03-11 09:03:43', '2ce2a2e7-0cb1-4d7b-a888-a308a2f18406');
INSERT INTO ImgSpectacle (idImg, img, idSpectacle) VALUES (79, 'image_spectacle_27_1.jpg', '9b8c7ffa-6247-4893-bf93-00c839a43fd8');
INSERT INTO Artiste (idArtiste, nom, idSpectacle) VALUES ('4b70ba54-2af4-4fb1-8cd1-b646c40eb92b', 'Kailey Predovic', '9b8c7ffa-6247-4893-bf93-00c839a43fd8');
INSERT INTO Spectacle (idSpectacle, titre, description, urlVideo, horairePrevionnel, idSoiree) VALUES ('74741e06-fe07-4439-84d6-9c2caea0e8fc', 'Spectacle 28', 'Quisquam temporibus possimus culpa blanditiis id rerum qui.', 'video_spectacle_28.mp4', '2023-05-22 15:41:20', 'c8635bf3-eb6f-4af0-a859-69f8f094b53a');
INSERT INTO ImgSpectacle (idImg, img, idSpectacle) VALUES (82, 'image_spectacle_28_1.jpg', '74741e06-fe07-4439-84d6-9c2caea0e8fc');
INSERT INTO Artiste (idArtiste, nom, idSpectacle) VALUES ('7b2658ed-c876-4b9b-a736-7e836fb153f6', 'Lowell Lakin', '74741e06-fe07-4439-84d6-9c2caea0e8fc');
INSERT INTO Artiste (idArtiste, nom, idSpectacle) VALUES ('3461cb2b-74fc-43c2-935a-a27070cd758b', 'Rylee Wyman', '74741e06-fe07-4439-84d6-9c2caea0e8fc');
INSERT INTO Spectacle (idSpectacle, titre, description, urlVideo, horairePrevionnel, idSoiree) VALUES ('28204b25-0e13-4045-a400-3f515d4b0079', 'Spectacle 29', 'Qui dolores esse architecto doloremque est velit.', 'video_spectacle_29.mp4', '2023-08-21 00:46:03', '14c728ca-98c9-4ef4-bd10-71b24db28b3e');
INSERT INTO ImgSpectacle (idImg, img, idSpectacle) VALUES (85, 'image_spectacle_29_1.jpg', '28204b25-0e13-4045-a400-3f515d4b0079');
INSERT INTO ImgSpectacle (idImg, img, idSpectacle) VALUES (86, 'image_spectacle_29_2.jpg', '28204b25-0e13-4045-a400-3f515d4b0079');
INSERT INTO ImgSpectacle (idImg, img, idSpectacle) VALUES (87, 'image_spectacle_29_3.jpg', '28204b25-0e13-4045-a400-3f515d4b0079');
INSERT INTO Artiste (idArtiste, nom, idSpectacle) VALUES ('ef922e7e-559b-458e-8478-b5ee432a29b7', 'Prof. Johathan Boehm Sr.', '28204b25-0e13-4045-a400-3f515d4b0079');
INSERT INTO Artiste (idArtiste, nom, idSpectacle) VALUES ('5392fe58-33ce-471a-8d40-69b453d911bd', 'Dr. Simone Koepp', '28204b25-0e13-4045-a400-3f515d4b0079');
INSERT INTO Artiste (idArtiste, nom, idSpectacle) VALUES ('650a0f0d-113e-46b5-8adc-32b0d626f662', 'Kathleen Hermann', '28204b25-0e13-4045-a400-3f515d4b0079');
INSERT INTO Spectacle (idSpectacle, titre, description, urlVideo, horairePrevionnel, idSoiree) VALUES ('cf3bf095-dda5-4ad8-becd-b13c087d9c14', 'Spectacle 30', 'Architecto mollitia facilis velit.', 'video_spectacle_30.mp4', '2023-03-07 16:19:36', '5251ba77-c77a-453c-b5cc-21f42a614376');
INSERT INTO ImgSpectacle (idImg, img, idSpectacle) VALUES (88, 'image_spectacle_30_1.jpg', 'cf3bf095-dda5-4ad8-becd-b13c087d9c14');
INSERT INTO ImgSpectacle (idImg, img, idSpectacle) VALUES (89, 'image_spectacle_30_2.jpg', 'cf3bf095-dda5-4ad8-becd-b13c087d9c14');
INSERT INTO ImgSpectacle (idImg, img, idSpectacle) VALUES (90, 'image_spectacle_30_3.jpg', 'cf3bf095-dda5-4ad8-becd-b13c087d9c14');
INSERT INTO Artiste (idArtiste, nom, idSpectacle) VALUES ('f0629c0e-b3c5-4f80-8928-a7f911067aa7', 'Hilbert Pouros', 'cf3bf095-dda5-4ad8-becd-b13c087d9c14');
INSERT INTO Artiste (idArtiste, nom, idSpectacle) VALUES ('e5a38603-9bd9-4cc0-8a82-c4a60a244727', 'Prof. Kenny Ferry', 'cf3bf095-dda5-4ad8-becd-b13c087d9c14');
INSERT INTO Spectacle (idSpectacle, titre, description, urlVideo, horairePrevionnel, idSoiree) VALUES ('ab4d5d4d-8472-4928-879c-3850366de833', 'Spectacle 31', 'Quia voluptas repellat rerum quisquam laboriosam libero.', 'video_spectacle_31.mp4', '2023-02-23 04:17:17', 'fa538237-fb15-4882-991b-a03d4fa22454');
INSERT INTO ImgSpectacle (idImg, img, idSpectacle) VALUES (91, 'image_spectacle_31_1.jpg', 'ab4d5d4d-8472-4928-879c-3850366de833');
INSERT INTO ImgSpectacle (idImg, img, idSpectacle) VALUES (92, 'image_spectacle_31_2.jpg', 'ab4d5d4d-8472-4928-879c-3850366de833');
INSERT INTO Artiste (idArtiste, nom, idSpectacle) VALUES ('8feb8c14-4bcd-428a-ada2-9717eca6c8a2', 'Aaliyah Haag', 'ab4d5d4d-8472-4928-879c-3850366de833');
INSERT INTO Artiste (idArtiste, nom, idSpectacle) VALUES ('79b9e1bc-270c-4980-a15f-cb5c5e014fae', 'Cassandre Hickle', 'ab4d5d4d-8472-4928-879c-3850366de833');
INSERT INTO Spectacle (idSpectacle, titre, description, urlVideo, horairePrevionnel, idSoiree) VALUES ('1d71736a-12e7-4936-8766-99df7a0cfa6b', 'Spectacle 32', 'Deleniti illo ducimus enim reiciendis quia minus eum.', 'video_spectacle_32.mp4', '2023-07-03 01:44:36', '5251ba77-c77a-453c-b5cc-21f42a614376');
INSERT INTO ImgSpectacle (idImg, img, idSpectacle) VALUES (94, 'image_spectacle_32_1.jpg', '1d71736a-12e7-4936-8766-99df7a0cfa6b');
INSERT INTO ImgSpectacle (idImg, img, idSpectacle) VALUES (95, 'image_spectacle_32_2.jpg', '1d71736a-12e7-4936-8766-99df7a0cfa6b');
INSERT INTO Artiste (idArtiste, nom, idSpectacle) VALUES ('49a2dfca-ccfe-4c14-bc7e-aa747db24870', 'Eleonore Carroll', '1d71736a-12e7-4936-8766-99df7a0cfa6b');
INSERT INTO Artiste (idArtiste, nom, idSpectacle) VALUES ('3132f862-dfa1-480c-a27f-4e08beebf648', 'Duane Greenfelder', '1d71736a-12e7-4936-8766-99df7a0cfa6b');
INSERT INTO Spectacle (idSpectacle, titre, description, urlVideo, horairePrevionnel, idSoiree) VALUES ('384cc9d2-0fba-4676-a400-3d1b6a317e77', 'Spectacle 33', 'Ut autem eum voluptates qui voluptatibus.', 'video_spectacle_33.mp4', '2023-04-20 06:20:41', 'b89f680e-ccc3-419d-89c0-d447bcc95d02');
INSERT INTO ImgSpectacle (idImg, img, idSpectacle) VALUES (97, 'image_spectacle_33_1.jpg', '384cc9d2-0fba-4676-a400-3d1b6a317e77');
INSERT INTO Artiste (idArtiste, nom, idSpectacle) VALUES ('a5d802b6-1396-4951-95d2-9ee3421b86c5', 'Zora Brown', '384cc9d2-0fba-4676-a400-3d1b6a317e77');
INSERT INTO Artiste (idArtiste, nom, idSpectacle) VALUES ('8ce10055-cbc8-453d-a365-4640519fa89b', 'Janet Lueilwitz', '384cc9d2-0fba-4676-a400-3d1b6a317e77');
INSERT INTO Spectacle (idSpectacle, titre, description, urlVideo, horairePrevionnel, idSoiree) VALUES ('1f637a7e-079e-438b-9db8-ac1c09b0b43b', 'Spectacle 34', 'Est laborum deserunt cumque hic.', 'video_spectacle_34.mp4', '2023-04-27 01:51:23', '606fa337-4078-4e60-9900-29936404de45');
INSERT INTO ImgSpectacle (idImg, img, idSpectacle) VALUES (100, 'image_spectacle_34_1.jpg', '1f637a7e-079e-438b-9db8-ac1c09b0b43b');
INSERT INTO ImgSpectacle (idImg, img, idSpectacle) VALUES (101, 'image_spectacle_34_2.jpg', '1f637a7e-079e-438b-9db8-ac1c09b0b43b');
INSERT INTO ImgSpectacle (idImg, img, idSpectacle) VALUES (102, 'image_spectacle_34_3.jpg', '1f637a7e-079e-438b-9db8-ac1c09b0b43b');
INSERT INTO Artiste (idArtiste, nom, idSpectacle) VALUES ('6c2bcd7b-12da-4f27-8257-89170509578b', 'Brittany Beier', '1f637a7e-079e-438b-9db8-ac1c09b0b43b');
INSERT INTO Spectacle (idSpectacle, titre, description, urlVideo, horairePrevionnel, idSoiree) VALUES ('3b023616-33c8-46c9-81b0-cca4d474c248', 'Spectacle 35', 'Et tempora ipsa repudiandae sed molestias ratione quisquam.', 'video_spectacle_35.mp4', '2023-01-30 06:05:16', '90d95904-b1db-415e-9adf-d47f9cb8f791');
INSERT INTO ImgSpectacle (idImg, img, idSpectacle) VALUES (103, 'image_spectacle_35_1.jpg', '3b023616-33c8-46c9-81b0-cca4d474c248');
INSERT INTO ImgSpectacle (idImg, img, idSpectacle) VALUES (104, 'image_spectacle_35_2.jpg', '3b023616-33c8-46c9-81b0-cca4d474c248');
INSERT INTO ImgSpectacle (idImg, img, idSpectacle) VALUES (105, 'image_spectacle_35_3.jpg', '3b023616-33c8-46c9-81b0-cca4d474c248');
INSERT INTO Artiste (idArtiste, nom, idSpectacle) VALUES ('b9cf7302-e674-4ba4-8626-80b3d5fd8432', 'Emmy O\''Hara', '3b023616-33c8-46c9-81b0-cca4d474c248');
INSERT INTO Artiste (idArtiste, nom, idSpectacle) VALUES ('61e5f42b-4373-4e9e-b83d-ce5f88c7fede', 'Prof. Jacquelyn Bahringer', '3b023616-33c8-46c9-81b0-cca4d474c248');
INSERT INTO Artiste (idArtiste, nom, idSpectacle) VALUES ('32b99554-53d5-43e4-abcf-647e7110e8f5', 'Kenyatta Thiel', '3b023616-33c8-46c9-81b0-cca4d474c248');
INSERT INTO Spectacle (idSpectacle, titre, description, urlVideo, horairePrevionnel, idSoiree) VALUES ('1d9b2335-fd84-417b-88c6-abeef60a3086', 'Spectacle 36', 'Sit rem ut totam tenetur similique.', 'video_spectacle_36.mp4', '2023-09-19 15:19:11', '10ad955f-b673-41ac-83c9-1aa03af52c7f');
INSERT INTO ImgSpectacle (idImg, img, idSpectacle) VALUES (106, 'image_spectacle_36_1.jpg', '1d9b2335-fd84-417b-88c6-abeef60a3086');
INSERT INTO ImgSpectacle (idImg, img, idSpectacle) VALUES (107, 'image_spectacle_36_2.jpg', '1d9b2335-fd84-417b-88c6-abeef60a3086');
INSERT INTO Artiste (idArtiste, nom, idSpectacle) VALUES ('33a9dd6d-a532-40aa-8469-6296b3d04a3a', 'Armani Quigley', '1d9b2335-fd84-417b-88c6-abeef60a3086');
INSERT INTO Artiste (idArtiste, nom, idSpectacle) VALUES ('b022416a-c63b-4122-8466-23387e76838f', 'Reyna Jacobi', '1d9b2335-fd84-417b-88c6-abeef60a3086');
INSERT INTO Artiste (idArtiste, nom, idSpectacle) VALUES ('554731a5-3bfd-46b3-a091-93cf0f4ab7af', 'Kane Mills', '1d9b2335-fd84-417b-88c6-abeef60a3086');
INSERT INTO Spectacle (idSpectacle, titre, description, urlVideo, horairePrevionnel, idSoiree) VALUES ('dd1ae983-cabb-493a-bce5-fd043689c50f', 'Spectacle 37', 'Expedita ut quia fuga fuga id omnis illo harum.', 'video_spectacle_37.mp4', '2023-01-25 07:20:58', '65990515-4853-48d4-a4a5-b02de1c8def0');
INSERT INTO ImgSpectacle (idImg, img, idSpectacle) VALUES (109, 'image_spectacle_37_1.jpg', 'dd1ae983-cabb-493a-bce5-fd043689c50f');
INSERT INTO ImgSpectacle (idImg, img, idSpectacle) VALUES (110, 'image_spectacle_37_2.jpg', 'dd1ae983-cabb-493a-bce5-fd043689c50f');
INSERT INTO Artiste (idArtiste, nom, idSpectacle) VALUES ('2617eb96-bd88-4122-8335-51e451458b0e', 'Oswaldo Wiegand', 'dd1ae983-cabb-493a-bce5-fd043689c50f');
INSERT INTO Artiste (idArtiste, nom, idSpectacle) VALUES ('9a8ff3b8-a54b-42bf-8f0e-d0d59fbcabd6', 'Ms. Daphnee Prosacco', 'dd1ae983-cabb-493a-bce5-fd043689c50f');
INSERT INTO Spectacle (idSpectacle, titre, description, urlVideo, horairePrevionnel, idSoiree) VALUES ('ee0890c1-5fd3-499c-b24d-b3f537113609', 'Spectacle 38', 'Et et quibusdam ad ut.', 'video_spectacle_38.mp4', '2023-03-23 14:04:17', '1e7291b4-1090-448e-be51-918538e71380');
INSERT INTO ImgSpectacle (idImg, img, idSpectacle) VALUES (112, 'image_spectacle_38_1.jpg', 'ee0890c1-5fd3-499c-b24d-b3f537113609');
INSERT INTO Artiste (idArtiste, nom, idSpectacle) VALUES ('95f436c6-6143-4479-9d0a-ebe21c3ed94e', 'Marietta Carroll', 'ee0890c1-5fd3-499c-b24d-b3f537113609');
INSERT INTO Artiste (idArtiste, nom, idSpectacle) VALUES ('1abba574-1abf-4e8b-b9c5-65b60dc46c56', 'Rickie Jacobi', 'ee0890c1-5fd3-499c-b24d-b3f537113609');
INSERT INTO Spectacle (idSpectacle, titre, description, urlVideo, horairePrevionnel, idSoiree) VALUES ('8b2b1b75-0328-430a-a723-9c67323800e0', 'Spectacle 39', 'Et eaque eligendi numquam laboriosam veritatis.', 'video_spectacle_39.mp4', '2023-09-07 22:33:04', 'fa538237-fb15-4882-991b-a03d4fa22454');
INSERT INTO ImgSpectacle (idImg, img, idSpectacle) VALUES (115, 'image_spectacle_39_1.jpg', '8b2b1b75-0328-430a-a723-9c67323800e0');
INSERT INTO Artiste (idArtiste, nom, idSpectacle) VALUES ('9c2d4925-083f-4497-ae7a-60fd1de02734', 'Cara Schaden', '8b2b1b75-0328-430a-a723-9c67323800e0');
INSERT INTO Spectacle (idSpectacle, titre, description, urlVideo, horairePrevionnel, idSoiree) VALUES ('0cb6c58f-1ae3-4566-9f24-06f1c5d23ae0', 'Spectacle 40', 'Asperiores illo beatae et deleniti animi.', 'video_spectacle_40.mp4', '2023-01-14 23:14:51', 'b89f680e-ccc3-419d-89c0-d447bcc95d02');
INSERT INTO ImgSpectacle (idImg, img, idSpectacle) VALUES (118, 'image_spectacle_40_1.jpg', '0cb6c58f-1ae3-4566-9f24-06f1c5d23ae0');
INSERT INTO ImgSpectacle (idImg, img, idSpectacle) VALUES (119, 'image_spectacle_40_2.jpg', '0cb6c58f-1ae3-4566-9f24-06f1c5d23ae0');
INSERT INTO ImgSpectacle (idImg, img, idSpectacle) VALUES (120, 'image_spectacle_40_3.jpg', '0cb6c58f-1ae3-4566-9f24-06f1c5d23ae0');
INSERT INTO Artiste (idArtiste, nom, idSpectacle) VALUES ('d8f880b8-4c5a-4642-b181-e5c82fcb3402', 'Mr. Royal Oberbrunner PhD', '0cb6c58f-1ae3-4566-9f24-06f1c5d23ae0');
INSERT INTO Artiste (idArtiste, nom, idSpectacle) VALUES ('2363b393-c4f5-4af0-9d0a-cd9a2a9dcab8', 'Zula Glover', '0cb6c58f-1ae3-4566-9f24-06f1c5d23ae0');
INSERT INTO Spectacle (idSpectacle, titre, description, urlVideo, horairePrevionnel, idSoiree) VALUES ('9ca8de33-5e45-47a8-a075-b476fd793323', 'Spectacle 41', 'In rerum non qui id tenetur repellat.', 'video_spectacle_41.mp4', '2023-06-28 09:18:26', '60b3d9f4-e172-4722-a95d-52531d35f9df');
INSERT INTO ImgSpectacle (idImg, img, idSpectacle) VALUES (121, 'image_spectacle_41_1.jpg', '9ca8de33-5e45-47a8-a075-b476fd793323');
INSERT INTO ImgSpectacle (idImg, img, idSpectacle) VALUES (122, 'image_spectacle_41_2.jpg', '9ca8de33-5e45-47a8-a075-b476fd793323');
INSERT INTO Artiste (idArtiste, nom, idSpectacle) VALUES ('45ccf2e9-cd9b-4214-a615-2d64ccc6c331', 'Mr. Dan Balistreri', '9ca8de33-5e45-47a8-a075-b476fd793323');
INSERT INTO Artiste (idArtiste, nom, idSpectacle) VALUES ('10722fe4-37b7-4c0b-a82b-85caf30f3e40', 'Frieda Howe', '9ca8de33-5e45-47a8-a075-b476fd793323');
INSERT INTO Artiste (idArtiste, nom, idSpectacle) VALUES ('6706a472-00d0-4bbb-905b-1b6c0eed7821', 'Nicolas Ankunding', '9ca8de33-5e45-47a8-a075-b476fd793323');
INSERT INTO Spectacle (idSpectacle, titre, description, urlVideo, horairePrevionnel, idSoiree) VALUES ('68850f94-947d-470c-85be-4c05e8c59978', 'Spectacle 42', 'Facilis accusantium enim sed eligendi et dolores rerum.', 'video_spectacle_42.mp4', '2023-03-06 15:39:56', 'b89f680e-ccc3-419d-89c0-d447bcc95d02');
INSERT INTO ImgSpectacle (idImg, img, idSpectacle) VALUES (124, 'image_spectacle_42_1.jpg', '68850f94-947d-470c-85be-4c05e8c59978');
INSERT INTO ImgSpectacle (idImg, img, idSpectacle) VALUES (125, 'image_spectacle_42_2.jpg', '68850f94-947d-470c-85be-4c05e8c59978');
INSERT INTO ImgSpectacle (idImg, img, idSpectacle) VALUES (126, 'image_spectacle_42_3.jpg', '68850f94-947d-470c-85be-4c05e8c59978');
INSERT INTO Artiste (idArtiste, nom, idSpectacle) VALUES ('2c799037-eeeb-4eff-958c-535abb6a2039', 'Braulio Harvey', '68850f94-947d-470c-85be-4c05e8c59978');
INSERT INTO Artiste (idArtiste, nom, idSpectacle) VALUES ('cb5cba68-2546-4100-89b3-f5183d10b18d', 'Bessie Ankunding', '68850f94-947d-470c-85be-4c05e8c59978');
INSERT INTO Artiste (idArtiste, nom, idSpectacle) VALUES ('36a1ebc7-7ade-4c0a-9078-c319fabc8418', 'Joana Daugherty', '68850f94-947d-470c-85be-4c05e8c59978');
INSERT INTO Spectacle (idSpectacle, titre, description, urlVideo, horairePrevionnel, idSoiree) VALUES ('b80ae93f-870b-441a-86d3-af39dde67692', 'Spectacle 43', 'Doloribus voluptas quae delectus nam.', 'video_spectacle_43.mp4', '2023-05-06 05:06:45', 'fa538237-fb15-4882-991b-a03d4fa22454');
INSERT INTO ImgSpectacle (idImg, img, idSpectacle) VALUES (127, 'image_spectacle_43_1.jpg', 'b80ae93f-870b-441a-86d3-af39dde67692');
INSERT INTO ImgSpectacle (idImg, img, idSpectacle) VALUES (128, 'image_spectacle_43_2.jpg', 'b80ae93f-870b-441a-86d3-af39dde67692');
INSERT INTO ImgSpectacle (idImg, img, idSpectacle) VALUES (129, 'image_spectacle_43_3.jpg', 'b80ae93f-870b-441a-86d3-af39dde67692');
INSERT INTO Artiste (idArtiste, nom, idSpectacle) VALUES ('702c70c1-cd59-4e1c-8275-02576184ebe5', 'Euna Brown IV', 'b80ae93f-870b-441a-86d3-af39dde67692');
INSERT INTO Artiste (idArtiste, nom, idSpectacle) VALUES ('d157d13a-a6f3-41d9-af60-060760619b9f', 'Ms. Cierra Gislason DVM', 'b80ae93f-870b-441a-86d3-af39dde67692');
INSERT INTO Artiste (idArtiste, nom, idSpectacle) VALUES ('719e3023-e3bb-4caf-ba30-b0f08cc76f6f', 'Ciara Jones', 'b80ae93f-870b-441a-86d3-af39dde67692');
INSERT INTO Spectacle (idSpectacle, titre, description, urlVideo, horairePrevionnel, idSoiree) VALUES ('0a5ce15f-c058-4b85-9653-a306093cea8d', 'Spectacle 44', 'Harum voluptatem repellendus commodi est sed sunt.', 'video_spectacle_44.mp4', '2023-10-09 15:43:57', 'd06f3ab4-b1da-448f-aa9b-f1603617abe5');
INSERT INTO ImgSpectacle (idImg, img, idSpectacle) VALUES (130, 'image_spectacle_44_1.jpg', '0a5ce15f-c058-4b85-9653-a306093cea8d');
INSERT INTO Artiste (idArtiste, nom, idSpectacle) VALUES ('be280e37-7ded-470c-bc3b-09668d74dc8c', 'Ms. Mandy Torphy', '0a5ce15f-c058-4b85-9653-a306093cea8d');
INSERT INTO Spectacle (idSpectacle, titre, description, urlVideo, horairePrevionnel, idSoiree) VALUES ('0acedf65-127f-4d3b-8f56-4e2f7eb59d3b', 'Spectacle 45', 'Animi fuga quam animi natus et numquam magni.', 'video_spectacle_45.mp4', '2023-10-24 22:21:13', 'f99c485a-9d1f-4174-b943-8f65aa85db71');
INSERT INTO ImgSpectacle (idImg, img, idSpectacle) VALUES (133, 'image_spectacle_45_1.jpg', '0acedf65-127f-4d3b-8f56-4e2f7eb59d3b');
INSERT INTO Artiste (idArtiste, nom, idSpectacle) VALUES ('3871d64c-e734-4fac-b1fc-6aec9928ed12', 'Loy Zemlak', '0acedf65-127f-4d3b-8f56-4e2f7eb59d3b');
INSERT INTO Artiste (idArtiste, nom, idSpectacle) VALUES ('cfabf463-e2b3-4316-afd8-a723d3fe25bf', 'Lesley Ryan', '0acedf65-127f-4d3b-8f56-4e2f7eb59d3b');
INSERT INTO Spectacle (idSpectacle, titre, description, urlVideo, horairePrevionnel, idSoiree) VALUES ('1b8fc5d3-7360-4c2d-81db-bef424509e61', 'Spectacle 46', 'Ipsam impedit vel sunt modi quos.', 'video_spectacle_46.mp4', '2023-07-23 13:46:46', 'fa538237-fb15-4882-991b-a03d4fa22454');
INSERT INTO ImgSpectacle (idImg, img, idSpectacle) VALUES (136, 'image_spectacle_46_1.jpg', '1b8fc5d3-7360-4c2d-81db-bef424509e61');
INSERT INTO ImgSpectacle (idImg, img, idSpectacle) VALUES (137, 'image_spectacle_46_2.jpg', '1b8fc5d3-7360-4c2d-81db-bef424509e61');
INSERT INTO Artiste (idArtiste, nom, idSpectacle) VALUES ('1dba0020-4b28-44be-90f5-ff9ccca6c10c', 'Ms. Lia Doyle', '1b8fc5d3-7360-4c2d-81db-bef424509e61');
INSERT INTO Spectacle (idSpectacle, titre, description, urlVideo, horairePrevionnel, idSoiree) VALUES ('7306cfd1-7302-4b50-b415-e74ddc592bfd', 'Spectacle 47', 'Modi aperiam tempora quaerat.', 'video_spectacle_47.mp4', '2023-03-26 20:25:41', '90d95904-b1db-415e-9adf-d47f9cb8f791');
INSERT INTO ImgSpectacle (idImg, img, idSpectacle) VALUES (139, 'image_spectacle_47_1.jpg', '7306cfd1-7302-4b50-b415-e74ddc592bfd');
INSERT INTO Artiste (idArtiste, nom, idSpectacle) VALUES ('c738775f-8cd6-4548-aec8-5919b86a3632', 'Miss Kariane Wilkinson Sr.', '7306cfd1-7302-4b50-b415-e74ddc592bfd');
INSERT INTO Artiste (idArtiste, nom, idSpectacle) VALUES ('f0e697c8-4cb5-4080-975c-edaaf86ee67a', 'Savanna Turner', '7306cfd1-7302-4b50-b415-e74ddc592bfd');
INSERT INTO Artiste (idArtiste, nom, idSpectacle) VALUES ('cf975fef-b8f2-4bde-a99d-c300271256af', 'Maxine Bosco', '7306cfd1-7302-4b50-b415-e74ddc592bfd');
INSERT INTO Spectacle (idSpectacle, titre, description, urlVideo, horairePrevionnel, idSoiree) VALUES ('8ed8bb41-e817-4dd2-a3a0-dc40d9e0fa8f', 'Spectacle 48', 'Iure consectetur expedita sunt.', 'video_spectacle_48.mp4', '2023-04-20 15:10:27', '320499b3-4598-47c6-8b71-ead52ccdca48');
INSERT INTO ImgSpectacle (idImg, img, idSpectacle) VALUES (142, 'image_spectacle_48_1.jpg', '8ed8bb41-e817-4dd2-a3a0-dc40d9e0fa8f');
INSERT INTO Artiste (idArtiste, nom, idSpectacle) VALUES ('1446fd80-30ee-4ec6-899f-b97cbc466aee', 'Miss Jewell Anderson', '8ed8bb41-e817-4dd2-a3a0-dc40d9e0fa8f');
INSERT INTO Artiste (idArtiste, nom, idSpectacle) VALUES ('50fcbe66-ffbe-4932-b4eb-7fca76fae369', 'Abner Fisher PhD', '8ed8bb41-e817-4dd2-a3a0-dc40d9e0fa8f');
INSERT INTO Artiste (idArtiste, nom, idSpectacle) VALUES ('cc018d5d-491d-45d2-9f41-252ccca0ec30', 'Prof. Noemi Windler', '8ed8bb41-e817-4dd2-a3a0-dc40d9e0fa8f');
INSERT INTO Spectacle (idSpectacle, titre, description, urlVideo, horairePrevionnel, idSoiree) VALUES ('7dfc7216-5b11-4625-be49-e4deb2d14e5a', 'Spectacle 49', 'Laboriosam nemo magni similique.', 'video_spectacle_49.mp4', '2023-07-26 13:25:35', '5c8014d7-5a9c-463c-8ad6-f15ec060c4de');
INSERT INTO ImgSpectacle (idImg, img, idSpectacle) VALUES (145, 'image_spectacle_49_1.jpg', '7dfc7216-5b11-4625-be49-e4deb2d14e5a');
INSERT INTO Artiste (idArtiste, nom, idSpectacle) VALUES ('47fc312f-4e04-466a-81e5-d7cf829b5094', 'Miss Margret Gleason', '7dfc7216-5b11-4625-be49-e4deb2d14e5a');
INSERT INTO Artiste (idArtiste, nom, idSpectacle) VALUES ('715fec05-9a0d-4c36-a782-a7d9ddb3a338', 'Kennedi Davis DVM', '7dfc7216-5b11-4625-be49-e4deb2d14e5a');
INSERT INTO Artiste (idArtiste, nom, idSpectacle) VALUES ('cb3734d5-a744-4dde-9aa1-b3c1f0c63cd9', 'Nyasia Hyatt', '7dfc7216-5b11-4625-be49-e4deb2d14e5a');
INSERT INTO Spectacle (idSpectacle, titre, description, urlVideo, horairePrevionnel, idSoiree) VALUES ('e3f89cea-9306-4a22-81df-74e8b8730cae', 'Spectacle 50', 'Perferendis doloribus in eius vero quas error minima.', 'video_spectacle_50.mp4', '2023-10-12 01:35:59', '0bf3b5d4-8f26-45d0-a8ef-aca55dc66116');
INSERT INTO ImgSpectacle (idImg, img, idSpectacle) VALUES (148, 'image_spectacle_50_1.jpg', 'e3f89cea-9306-4a22-81df-74e8b8730cae');
INSERT INTO ImgSpectacle (idImg, img, idSpectacle) VALUES (149, 'image_spectacle_50_2.jpg', 'e3f89cea-9306-4a22-81df-74e8b8730cae');
INSERT INTO Artiste (idArtiste, nom, idSpectacle) VALUES ('6597eca3-fc20-4a01-9b45-8dc1ec70fdad', 'Timothy Botsford', 'e3f89cea-9306-4a22-81df-74e8b8730cae');
INSERT INTO Spectacle (idSpectacle, titre, description, urlVideo, horairePrevionnel, idSoiree) VALUES ('7b7f10ed-d91a-4957-bed7-63ccb935ba3e', 'Spectacle 51', 'Aspernatur impedit aut fugiat at laboriosam veniam est.', 'video_spectacle_51.mp4', '2023-05-12 02:04:07', 'b2427fc5-5d51-4673-a240-a6ece2773560');
INSERT INTO ImgSpectacle (idImg, img, idSpectacle) VALUES (151, 'image_spectacle_51_1.jpg', '7b7f10ed-d91a-4957-bed7-63ccb935ba3e');
INSERT INTO Artiste (idArtiste, nom, idSpectacle) VALUES ('c7be4edc-c480-4a18-b83e-3ee15960d136', 'Rebeca Satterfield II', '7b7f10ed-d91a-4957-bed7-63ccb935ba3e');
INSERT INTO Artiste (idArtiste, nom, idSpectacle) VALUES ('e15760e4-44b8-4fe4-80e5-e8a689711fd6', 'Deborah Braun V', '7b7f10ed-d91a-4957-bed7-63ccb935ba3e');
INSERT INTO Spectacle (idSpectacle, titre, description, urlVideo, horairePrevionnel, idSoiree) VALUES ('0428de5c-e52b-4e04-ba3a-282bdaecade8', 'Spectacle 52', 'Esse voluptatem debitis odit excepturi rerum.', 'video_spectacle_52.mp4', '2023-09-11 21:17:54', 'a54312fe-68da-4095-8eef-dd514adcc0ac');
INSERT INTO ImgSpectacle (idImg, img, idSpectacle) VALUES (154, 'image_spectacle_52_1.jpg', '0428de5c-e52b-4e04-ba3a-282bdaecade8');
INSERT INTO ImgSpectacle (idImg, img, idSpectacle) VALUES (155, 'image_spectacle_52_2.jpg', '0428de5c-e52b-4e04-ba3a-282bdaecade8');
INSERT INTO Artiste (idArtiste, nom, idSpectacle) VALUES ('d790a514-0c16-44c2-b81d-7980fd5e4d1e', 'Emmet Ledner', '0428de5c-e52b-4e04-ba3a-282bdaecade8');
INSERT INTO Artiste (idArtiste, nom, idSpectacle) VALUES ('327c9df6-4c54-495d-87ad-cbcdf8dcbb7b', 'Hilma Spinka Jr.', '0428de5c-e52b-4e04-ba3a-282bdaecade8');
INSERT INTO Spectacle (idSpectacle, titre, description, urlVideo, horairePrevionnel, idSoiree) VALUES ('a752a000-0d12-459b-b73e-a0b4b494b520', 'Spectacle 53', 'Dolores voluptas ab blanditiis nostrum id molestiae.', 'video_spectacle_53.mp4', '2023-06-01 13:43:32', '4af05946-3c76-4853-b9dd-583742f7dab6');
INSERT INTO ImgSpectacle (idImg, img, idSpectacle) VALUES (157, 'image_spectacle_53_1.jpg', 'a752a000-0d12-459b-b73e-a0b4b494b520');
INSERT INTO Artiste (idArtiste, nom, idSpectacle) VALUES ('ae207695-2e06-4003-9ff8-3571433aaf5c', 'Vicente Terry', 'a752a000-0d12-459b-b73e-a0b4b494b520');
INSERT INTO Artiste (idArtiste, nom, idSpectacle) VALUES ('13e41bfe-6f42-457f-847c-792ab218f01e', 'Cordell Gerhold MD', 'a752a000-0d12-459b-b73e-a0b4b494b520');
INSERT INTO Artiste (idArtiste, nom, idSpectacle) VALUES ('999406e6-cdbf-4df7-ae40-97a86d17ae51', 'Mrs. Mercedes Keebler DVM', 'a752a000-0d12-459b-b73e-a0b4b494b520');
INSERT INTO Spectacle (idSpectacle, titre, description, urlVideo, horairePrevionnel, idSoiree) VALUES ('07e919ff-2d9a-488c-9c5a-94ea8d213e10', 'Spectacle 54', 'Maiores necessitatibus omnis quis sit voluptatem.', 'video_spectacle_54.mp4', '2023-07-27 21:31:40', 'fa538237-fb15-4882-991b-a03d4fa22454');
INSERT INTO ImgSpectacle (idImg, img, idSpectacle) VALUES (160, 'image_spectacle_54_1.jpg', '07e919ff-2d9a-488c-9c5a-94ea8d213e10');
INSERT INTO ImgSpectacle (idImg, img, idSpectacle) VALUES (161, 'image_spectacle_54_2.jpg', '07e919ff-2d9a-488c-9c5a-94ea8d213e10');
INSERT INTO ImgSpectacle (idImg, img, idSpectacle) VALUES (162, 'image_spectacle_54_3.jpg', '07e919ff-2d9a-488c-9c5a-94ea8d213e10');
INSERT INTO Artiste (idArtiste, nom, idSpectacle) VALUES ('9832b772-53d5-4b13-bffd-aed00fc20bf7', 'Jena Donnelly', '07e919ff-2d9a-488c-9c5a-94ea8d213e10');
INSERT INTO Artiste (idArtiste, nom, idSpectacle) VALUES ('80e9fae0-a675-400d-bb58-9627bf6b83b8', 'Fredrick Gorczany', '07e919ff-2d9a-488c-9c5a-94ea8d213e10');
INSERT INTO Artiste (idArtiste, nom, idSpectacle) VALUES ('dd3e3b3b-c48d-499a-b75d-8b06bcad9c1a', 'Mckayla Orn', '07e919ff-2d9a-488c-9c5a-94ea8d213e10');
INSERT INTO Spectacle (idSpectacle, titre, description, urlVideo, horairePrevionnel, idSoiree) VALUES ('aa3a416a-5088-4e9b-a3fa-e02060bbc692', 'Spectacle 55', 'Adipisci recusandae adipisci officiis iure ad qui qui.', 'video_spectacle_55.mp4', '2023-08-10 20:46:56', 'fa538237-fb15-4882-991b-a03d4fa22454');
INSERT INTO ImgSpectacle (idImg, img, idSpectacle) VALUES (163, 'image_spectacle_55_1.jpg', 'aa3a416a-5088-4e9b-a3fa-e02060bbc692');
INSERT INTO ImgSpectacle (idImg, img, idSpectacle) VALUES (164, 'image_spectacle_55_2.jpg', 'aa3a416a-5088-4e9b-a3fa-e02060bbc692');
INSERT INTO Artiste (idArtiste, nom, idSpectacle) VALUES ('3c4e8786-2999-490c-9bcb-af9de6d8c607', 'Tate Schinner', 'aa3a416a-5088-4e9b-a3fa-e02060bbc692');
INSERT INTO Artiste (idArtiste, nom, idSpectacle) VALUES ('1f7e01ee-600d-414b-ba2a-506911cbb820', 'Vidal Klocko', 'aa3a416a-5088-4e9b-a3fa-e02060bbc692');
INSERT INTO Artiste (idArtiste, nom, idSpectacle) VALUES ('1fc77937-108c-45a8-8db0-543190018839', 'Katrine Streich Jr.', 'aa3a416a-5088-4e9b-a3fa-e02060bbc692');
INSERT INTO Spectacle (idSpectacle, titre, description, urlVideo, horairePrevionnel, idSoiree) VALUES ('c8147205-0577-4315-8cbd-a056f6f4ae2f', 'Spectacle 56', 'Quos sed et nesciunt voluptatem.', 'video_spectacle_56.mp4', '2023-02-07 08:32:09', 'cba43b95-f60d-49f3-973b-91510d83b47e');
INSERT INTO ImgSpectacle (idImg, img, idSpectacle) VALUES (166, 'image_spectacle_56_1.jpg', 'c8147205-0577-4315-8cbd-a056f6f4ae2f');
INSERT INTO ImgSpectacle (idImg, img, idSpectacle) VALUES (167, 'image_spectacle_56_2.jpg', 'c8147205-0577-4315-8cbd-a056f6f4ae2f');
INSERT INTO ImgSpectacle (idImg, img, idSpectacle) VALUES (168, 'image_spectacle_56_3.jpg', 'c8147205-0577-4315-8cbd-a056f6f4ae2f');
INSERT INTO Artiste (idArtiste, nom, idSpectacle) VALUES ('e045456e-632d-4a76-b4ac-8b135d9d0601', 'Emely Nienow', 'c8147205-0577-4315-8cbd-a056f6f4ae2f');
INSERT INTO Artiste (idArtiste, nom, idSpectacle) VALUES ('faf04b64-9446-448b-96f6-32bba3e2a0c0', 'Ahmed Bartoletti', 'c8147205-0577-4315-8cbd-a056f6f4ae2f');
INSERT INTO Artiste (idArtiste, nom, idSpectacle) VALUES ('306d0ded-64b3-414d-9823-b2afeb96778e', 'Stephon Rohan', 'c8147205-0577-4315-8cbd-a056f6f4ae2f');
INSERT INTO Spectacle (idSpectacle, titre, description, urlVideo, horairePrevionnel, idSoiree) VALUES ('e0f1ab48-9c7d-487a-8972-d3a592de3ef3', 'Spectacle 57', 'Veritatis sunt veniam possimus.', 'video_spectacle_57.mp4', '2023-05-18 20:18:49', '9ab800f9-c9cd-4f06-81e8-9c3b07418329');
INSERT INTO ImgSpectacle (idImg, img, idSpectacle) VALUES (169, 'image_spectacle_57_1.jpg', 'e0f1ab48-9c7d-487a-8972-d3a592de3ef3');
INSERT INTO Artiste (idArtiste, nom, idSpectacle) VALUES ('bbd32f24-eef1-4e90-a204-187274ac7706', 'Nadia O\''Kon', 'e0f1ab48-9c7d-487a-8972-d3a592de3ef3');
INSERT INTO Artiste (idArtiste, nom, idSpectacle) VALUES ('fd6b49f6-7558-45b4-b98c-38ed6b9347d5', 'Joelle O\''Conner', 'e0f1ab48-9c7d-487a-8972-d3a592de3ef3');
INSERT INTO Spectacle (idSpectacle, titre, description, urlVideo, horairePrevionnel, idSoiree) VALUES ('2dbe42f9-fb9f-40ad-94d5-ad6cf052ff2b', 'Spectacle 58', 'Libero soluta quo temporibus qui occaecati aut laudantium.', 'video_spectacle_58.mp4', '2023-03-12 10:07:58', '14c728ca-98c9-4ef4-bd10-71b24db28b3e');
INSERT INTO ImgSpectacle (idImg, img, idSpectacle) VALUES (172, 'image_spectacle_58_1.jpg', '2dbe42f9-fb9f-40ad-94d5-ad6cf052ff2b');
INSERT INTO Artiste (idArtiste, nom, idSpectacle) VALUES ('a1509e71-acc3-4070-a7c7-6da8e2b115fa', 'Dulce Stiedemann', '2dbe42f9-fb9f-40ad-94d5-ad6cf052ff2b');
INSERT INTO Spectacle (idSpectacle, titre, description, urlVideo, horairePrevionnel, idSoiree) VALUES ('be0a3aa5-7975-48eb-9df9-838f9cacd86a', 'Spectacle 59', 'Quo in incidunt nesciunt est mollitia et.', 'video_spectacle_59.mp4', '2023-07-24 09:15:37', 'b2427fc5-5d51-4673-a240-a6ece2773560');
INSERT INTO ImgSpectacle (idImg, img, idSpectacle) VALUES (175, 'image_spectacle_59_1.jpg', 'be0a3aa5-7975-48eb-9df9-838f9cacd86a');
INSERT INTO Artiste (idArtiste, nom, idSpectacle) VALUES ('7d69d403-3527-45fc-ab2e-53f0171fad38', 'Bettie Sawayn', 'be0a3aa5-7975-48eb-9df9-838f9cacd86a');
INSERT INTO Artiste (idArtiste, nom, idSpectacle) VALUES ('ed61c5c7-de05-4042-9a6d-ad64ebaa7fe2', 'Korey Hilpert', 'be0a3aa5-7975-48eb-9df9-838f9cacd86a');
INSERT INTO Artiste (idArtiste, nom, idSpectacle) VALUES ('8f6dba06-c53f-43d7-b9e3-507cfdce6d99', 'Teagan Kirlin', 'be0a3aa5-7975-48eb-9df9-838f9cacd86a');
INSERT INTO Spectacle (idSpectacle, titre, description, urlVideo, horairePrevionnel, idSoiree) VALUES ('43f792bb-ed6c-445c-a928-777da45e021a', 'Spectacle 60', 'Aut necessitatibus eos ea sint.', 'video_spectacle_60.mp4', '2023-01-05 16:30:45', 'abab639c-c58d-4163-bb25-0fbfc84ad7dc');
INSERT INTO ImgSpectacle (idImg, img, idSpectacle) VALUES (178, 'image_spectacle_60_1.jpg', '43f792bb-ed6c-445c-a928-777da45e021a');
INSERT INTO ImgSpectacle (idImg, img, idSpectacle) VALUES (179, 'image_spectacle_60_2.jpg', '43f792bb-ed6c-445c-a928-777da45e021a');
INSERT INTO ImgSpectacle (idImg, img, idSpectacle) VALUES (180, 'image_spectacle_60_3.jpg', '43f792bb-ed6c-445c-a928-777da45e021a');
INSERT INTO Artiste (idArtiste, nom, idSpectacle) VALUES ('393e0ae7-4ea1-48b2-b401-909b372ae5ae', 'Andreanne Casper', '43f792bb-ed6c-445c-a928-777da45e021a');
INSERT INTO Artiste (idArtiste, nom, idSpectacle) VALUES ('20a68561-e396-4dc3-ba64-597c8d090e96', 'Daisy Bode', '43f792bb-ed6c-445c-a928-777da45e021a');
INSERT INTO Spectacle (idSpectacle, titre, description, urlVideo, horairePrevionnel, idSoiree) VALUES ('1c5c0c05-44ad-4aac-a6ae-9955aec15173', 'Spectacle 61', 'Unde laborum vel repellat et autem.', 'video_spectacle_61.mp4', '2023-01-12 12:32:18', 'f660c8b2-a47b-448e-a97d-89c212208cda');
INSERT INTO ImgSpectacle (idImg, img, idSpectacle) VALUES (181, 'image_spectacle_61_1.jpg', '1c5c0c05-44ad-4aac-a6ae-9955aec15173');
INSERT INTO ImgSpectacle (idImg, img, idSpectacle) VALUES (182, 'image_spectacle_61_2.jpg', '1c5c0c05-44ad-4aac-a6ae-9955aec15173');
INSERT INTO Artiste (idArtiste, nom, idSpectacle) VALUES ('6ef8b568-20db-43ed-ae6d-a8c58b39bbe5', 'Mr. Mario Kulas MD', '1c5c0c05-44ad-4aac-a6ae-9955aec15173');
INSERT INTO Spectacle (idSpectacle, titre, description, urlVideo, horairePrevionnel, idSoiree) VALUES ('b177a751-97f5-4201-a74c-ce768cf7ce1c', 'Spectacle 62', 'Quo maiores aperiam dignissimos et enim doloremque.', 'video_spectacle_62.mp4', '2023-07-07 19:22:31', '0e8fe7f2-6843-4c79-b224-c87b82113d04');
INSERT INTO ImgSpectacle (idImg, img, idSpectacle) VALUES (184, 'image_spectacle_62_1.jpg', 'b177a751-97f5-4201-a74c-ce768cf7ce1c');
INSERT INTO ImgSpectacle (idImg, img, idSpectacle) VALUES (185, 'image_spectacle_62_2.jpg', 'b177a751-97f5-4201-a74c-ce768cf7ce1c');
INSERT INTO ImgSpectacle (idImg, img, idSpectacle) VALUES (186, 'image_spectacle_62_3.jpg', 'b177a751-97f5-4201-a74c-ce768cf7ce1c');
INSERT INTO Artiste (idArtiste, nom, idSpectacle) VALUES ('7017a30f-0e29-4ae8-a5aa-13c420c06f80', 'Keagan Rogahn', 'b177a751-97f5-4201-a74c-ce768cf7ce1c');
INSERT INTO Artiste (idArtiste, nom, idSpectacle) VALUES ('173bf776-7b19-4386-bfdf-7451b834aa5e', 'Elna Graham', 'b177a751-97f5-4201-a74c-ce768cf7ce1c');
INSERT INTO Artiste (idArtiste, nom, idSpectacle) VALUES ('8339f9d6-3c1e-4e2d-8dcf-05d6f625856e', 'Mrs. Pearlie Schuster II', 'b177a751-97f5-4201-a74c-ce768cf7ce1c');
INSERT INTO Spectacle (idSpectacle, titre, description, urlVideo, horairePrevionnel, idSoiree) VALUES ('0d3dd3a6-4147-4ea1-b83f-1e4da76a59fa', 'Spectacle 63', 'Dolorum nemo voluptas ex quam voluptas qui.', 'video_spectacle_63.mp4', '2023-03-27 17:52:08', '10ad955f-b673-41ac-83c9-1aa03af52c7f');
INSERT INTO ImgSpectacle (idImg, img, idSpectacle) VALUES (187, 'image_spectacle_63_1.jpg', '0d3dd3a6-4147-4ea1-b83f-1e4da76a59fa');
INSERT INTO Artiste (idArtiste, nom, idSpectacle) VALUES ('5f09ab88-e538-477b-b6bf-9c0e5aab4d67', 'Eliezer Gerhold DDS', '0d3dd3a6-4147-4ea1-b83f-1e4da76a59fa');
INSERT INTO Artiste (idArtiste, nom, idSpectacle) VALUES ('687c35ce-814d-480d-9b70-746f18d3c429', 'Carleton Christiansen', '0d3dd3a6-4147-4ea1-b83f-1e4da76a59fa');
INSERT INTO Spectacle (idSpectacle, titre, description, urlVideo, horairePrevionnel, idSoiree) VALUES ('fab963b6-0314-4927-975c-e3606cc5779b', 'Spectacle 64', 'Aut et omnis deserunt omnis in dolor enim.', 'video_spectacle_64.mp4', '2023-01-23 12:35:32', '40cec9e7-bb82-40ac-ac60-ade576a8a600');
INSERT INTO ImgSpectacle (idImg, img, idSpectacle) VALUES (190, 'image_spectacle_64_1.jpg', 'fab963b6-0314-4927-975c-e3606cc5779b');
INSERT INTO ImgSpectacle (idImg, img, idSpectacle) VALUES (191, 'image_spectacle_64_2.jpg', 'fab963b6-0314-4927-975c-e3606cc5779b');
INSERT INTO Artiste (idArtiste, nom, idSpectacle) VALUES ('ee3b5f3f-008d-414f-a3c7-778cff1261a5', 'Prof. Clay Flatley IV', 'fab963b6-0314-4927-975c-e3606cc5779b');
INSERT INTO Artiste (idArtiste, nom, idSpectacle) VALUES ('b7026f76-7207-451b-a06a-1aa427a2a988', 'Virginia Aufderhar', 'fab963b6-0314-4927-975c-e3606cc5779b');
INSERT INTO Artiste (idArtiste, nom, idSpectacle) VALUES ('8328742e-d879-4ead-9225-ae8fcf83d153', 'Kaylee Senger', 'fab963b6-0314-4927-975c-e3606cc5779b');
INSERT INTO Spectacle (idSpectacle, titre, description, urlVideo, horairePrevionnel, idSoiree) VALUES ('b4dcc9c8-3fe3-4e4f-b394-8c47751c5a1c', 'Spectacle 65', 'Qui dolore dolores error aliquam eos eos quo asperiores.', 'video_spectacle_65.mp4', '2023-01-29 06:09:57', 'cba43b95-f60d-49f3-973b-91510d83b47e');
INSERT INTO ImgSpectacle (idImg, img, idSpectacle) VALUES (193, 'image_spectacle_65_1.jpg', 'b4dcc9c8-3fe3-4e4f-b394-8c47751c5a1c');
INSERT INTO Artiste (idArtiste, nom, idSpectacle) VALUES ('ec3eb030-0008-4bca-a43d-828e0e9193b5', 'Earlene Leannon', 'b4dcc9c8-3fe3-4e4f-b394-8c47751c5a1c');
INSERT INTO Artiste (idArtiste, nom, idSpectacle) VALUES ('dd5f2417-145a-499a-aaea-320a22bf8701', 'Olin Kautzer', 'b4dcc9c8-3fe3-4e4f-b394-8c47751c5a1c');
INSERT INTO Spectacle (idSpectacle, titre, description, urlVideo, horairePrevionnel, idSoiree) VALUES ('2d0118fd-37fe-4cad-8948-7a4389f3988e', 'Spectacle 66', 'Vel itaque rerum sed cumque necessitatibus.', 'video_spectacle_66.mp4', '2023-02-28 09:53:39', '606fa337-4078-4e60-9900-29936404de45');
INSERT INTO ImgSpectacle (idImg, img, idSpectacle) VALUES (196, 'image_spectacle_66_1.jpg', '2d0118fd-37fe-4cad-8948-7a4389f3988e');
INSERT INTO ImgSpectacle (idImg, img, idSpectacle) VALUES (197, 'image_spectacle_66_2.jpg', '2d0118fd-37fe-4cad-8948-7a4389f3988e');
INSERT INTO Artiste (idArtiste, nom, idSpectacle) VALUES ('53f3c564-38f2-480d-9b1c-fa4bdf57b73b', 'Ernestina White', '2d0118fd-37fe-4cad-8948-7a4389f3988e');
INSERT INTO Spectacle (idSpectacle, titre, description, urlVideo, horairePrevionnel, idSoiree) VALUES ('21b34060-d836-43d8-896e-d6c443c50502', 'Spectacle 67', 'Neque et non odio excepturi.', 'video_spectacle_67.mp4', '2023-04-10 07:37:32', '90d95904-b1db-415e-9adf-d47f9cb8f791');
INSERT INTO ImgSpectacle (idImg, img, idSpectacle) VALUES (199, 'image_spectacle_67_1.jpg', '21b34060-d836-43d8-896e-d6c443c50502');
INSERT INTO Artiste (idArtiste, nom, idSpectacle) VALUES ('434db3cc-6406-49b8-8f58-0dae9a6afc08', 'Ms. Darlene Zemlak', '21b34060-d836-43d8-896e-d6c443c50502');
INSERT INTO Artiste (idArtiste, nom, idSpectacle) VALUES ('83d4df3d-6b8e-493d-9724-0bd8d50c6f02', 'Janet Schumm', '21b34060-d836-43d8-896e-d6c443c50502');
INSERT INTO Spectacle (idSpectacle, titre, description, urlVideo, horairePrevionnel, idSoiree) VALUES ('f5e09149-d656-4298-bcc6-9784e050ab4a', 'Spectacle 68', 'Rerum sunt saepe sint ipsam aut dignissimos.', 'video_spectacle_68.mp4', '2023-01-16 16:29:15', '77f9c738-609a-4734-a964-dc3c88fa6150');
INSERT INTO ImgSpectacle (idImg, img, idSpectacle) VALUES (202, 'image_spectacle_68_1.jpg', 'f5e09149-d656-4298-bcc6-9784e050ab4a');
INSERT INTO ImgSpectacle (idImg, img, idSpectacle) VALUES (203, 'image_spectacle_68_2.jpg', 'f5e09149-d656-4298-bcc6-9784e050ab4a');
INSERT INTO Artiste (idArtiste, nom, idSpectacle) VALUES ('b4c0b1e8-39a3-48f8-9d5a-89a300312dc2', 'Justina Stokes', 'f5e09149-d656-4298-bcc6-9784e050ab4a');
INSERT INTO Artiste (idArtiste, nom, idSpectacle) VALUES ('2e3e875d-aed1-46e6-9036-993b8b501eeb', 'Ms. Madalyn Quitzon', 'f5e09149-d656-4298-bcc6-9784e050ab4a');
INSERT INTO Artiste (idArtiste, nom, idSpectacle) VALUES ('3151e616-3865-4ba0-8189-9140e6e70ee0', 'Grant Feest PhD', 'f5e09149-d656-4298-bcc6-9784e050ab4a');
INSERT INTO Spectacle (idSpectacle, titre, description, urlVideo, horairePrevionnel, idSoiree) VALUES ('4a1a1e41-4be1-473e-9314-042dddb517dd', 'Spectacle 69', 'Et qui doloribus veniam nobis et saepe consectetur.', 'video_spectacle_69.mp4', '2023-06-21 16:56:58', '85727ee5-912d-485a-a9e9-1e72a7440935');
INSERT INTO ImgSpectacle (idImg, img, idSpectacle) VALUES (205, 'image_spectacle_69_1.jpg', '4a1a1e41-4be1-473e-9314-042dddb517dd');
INSERT INTO ImgSpectacle (idImg, img, idSpectacle) VALUES (206, 'image_spectacle_69_2.jpg', '4a1a1e41-4be1-473e-9314-042dddb517dd');
INSERT INTO Artiste (idArtiste, nom, idSpectacle) VALUES ('be9d764d-7c99-4d64-b4ad-d20c313149da', 'Kayli Bode', '4a1a1e41-4be1-473e-9314-042dddb517dd');
INSERT INTO Artiste (idArtiste, nom, idSpectacle) VALUES ('a512c014-3b5a-4652-be5d-3fed0e13a611', 'Mrs. Jailyn Schmidt', '4a1a1e41-4be1-473e-9314-042dddb517dd');
INSERT INTO Spectacle (idSpectacle, titre, description, urlVideo, horairePrevionnel, idSoiree) VALUES ('9c2552b3-0d9e-4082-8897-ef28af716735', 'Spectacle 70', 'Omnis explicabo architecto quas velit quae molestiae.', 'video_spectacle_70.mp4', '2023-04-29 01:51:10', '33a99df6-6151-4653-b3cc-f878fd4615da');
INSERT INTO ImgSpectacle (idImg, img, idSpectacle) VALUES (208, 'image_spectacle_70_1.jpg', '9c2552b3-0d9e-4082-8897-ef28af716735');
INSERT INTO ImgSpectacle (idImg, img, idSpectacle) VALUES (209, 'image_spectacle_70_2.jpg', '9c2552b3-0d9e-4082-8897-ef28af716735');
INSERT INTO ImgSpectacle (idImg, img, idSpectacle) VALUES (210, 'image_spectacle_70_3.jpg', '9c2552b3-0d9e-4082-8897-ef28af716735');
INSERT INTO Artiste (idArtiste, nom, idSpectacle) VALUES ('d2a60404-059a-41d4-b011-40c3d70052d3', 'Antonietta Schuppe', '9c2552b3-0d9e-4082-8897-ef28af716735');
INSERT INTO Artiste (idArtiste, nom, idSpectacle) VALUES ('80473d28-9935-4f13-913c-9009d3605c95', 'Uriel Tillman', '9c2552b3-0d9e-4082-8897-ef28af716735');
INSERT INTO Spectacle (idSpectacle, titre, description, urlVideo, horairePrevionnel, idSoiree) VALUES ('a56aa842-6b88-4683-9721-299f36dc889d', 'Spectacle 71', 'Pariatur vel laborum quo omnis et.', 'video_spectacle_71.mp4', '2023-03-15 18:44:39', 'f99c485a-9d1f-4174-b943-8f65aa85db71');
INSERT INTO ImgSpectacle (idImg, img, idSpectacle) VALUES (211, 'image_spectacle_71_1.jpg', 'a56aa842-6b88-4683-9721-299f36dc889d');
INSERT INTO Artiste (idArtiste, nom, idSpectacle) VALUES ('b7690cb7-d6fe-4139-8faf-807488cc024c', 'Jennie Hermann I', 'a56aa842-6b88-4683-9721-299f36dc889d');
INSERT INTO Spectacle (idSpectacle, titre, description, urlVideo, horairePrevionnel, idSoiree) VALUES ('9fbb63f1-2432-446d-9c26-0cc53e485571', 'Spectacle 72', 'Consequuntur hic esse ut ullam adipisci.', 'video_spectacle_72.mp4', '2023-02-09 00:48:22', 'b2427fc5-5d51-4673-a240-a6ece2773560');
INSERT INTO ImgSpectacle (idImg, img, idSpectacle) VALUES (214, 'image_spectacle_72_1.jpg', '9fbb63f1-2432-446d-9c26-0cc53e485571');
INSERT INTO ImgSpectacle (idImg, img, idSpectacle) VALUES (215, 'image_spectacle_72_2.jpg', '9fbb63f1-2432-446d-9c26-0cc53e485571');
INSERT INTO ImgSpectacle (idImg, img, idSpectacle) VALUES (216, 'image_spectacle_72_3.jpg', '9fbb63f1-2432-446d-9c26-0cc53e485571');
INSERT INTO Artiste (idArtiste, nom, idSpectacle) VALUES ('c0151c18-2348-4ea0-a0e9-e9fc9c93b843', 'Ms. Madilyn Goodwin', '9fbb63f1-2432-446d-9c26-0cc53e485571');
INSERT INTO Artiste (idArtiste, nom, idSpectacle) VALUES ('6ad490da-2882-4b21-b310-320c135247bd', 'Dr. Margarete Gusikowski I', '9fbb63f1-2432-446d-9c26-0cc53e485571');
INSERT INTO Spectacle (idSpectacle, titre, description, urlVideo, horairePrevionnel, idSoiree) VALUES ('aa9d3ca6-1051-439e-8ea0-72834a0a9beb', 'Spectacle 73', 'Veritatis necessitatibus nam repudiandae consequatur voluptas mollitia.', 'video_spectacle_73.mp4', '2023-04-08 04:18:37', '320499b3-4598-47c6-8b71-ead52ccdca48');
INSERT INTO ImgSpectacle (idImg, img, idSpectacle) VALUES (217, 'image_spectacle_73_1.jpg', 'aa9d3ca6-1051-439e-8ea0-72834a0a9beb');
INSERT INTO Artiste (idArtiste, nom, idSpectacle) VALUES ('bb4f7968-7e65-47d9-b736-37d400c5fc51', 'Joe Lehner MD', 'aa9d3ca6-1051-439e-8ea0-72834a0a9beb');
INSERT INTO Artiste (idArtiste, nom, idSpectacle) VALUES ('6ef2c870-397d-4057-a904-6896df9d2ce7', 'Mrs. Natalia Dietrich', 'aa9d3ca6-1051-439e-8ea0-72834a0a9beb');
INSERT INTO Artiste (idArtiste, nom, idSpectacle) VALUES ('5476d475-e4cb-4abd-965e-3204b2de48c6', 'Yoshiko Breitenberg', 'aa9d3ca6-1051-439e-8ea0-72834a0a9beb');
INSERT INTO Spectacle (idSpectacle, titre, description, urlVideo, horairePrevionnel, idSoiree) VALUES ('6652d2a6-d3b1-4c0d-a72f-d44978007bc2', 'Spectacle 74', 'Dolores dolor dolor est cum excepturi delectus dolores.', 'video_spectacle_74.mp4', '2023-02-14 21:42:37', 'b79cdda5-7518-44ef-9ec7-8ef0bbbcd049');
INSERT INTO ImgSpectacle (idImg, img, idSpectacle) VALUES (220, 'image_spectacle_74_1.jpg', '6652d2a6-d3b1-4c0d-a72f-d44978007bc2');
INSERT INTO Artiste (idArtiste, nom, idSpectacle) VALUES ('2a490da3-0edc-4ee4-b001-6ad4165bd85e', 'Dr. Elisa Legros', '6652d2a6-d3b1-4c0d-a72f-d44978007bc2');
INSERT INTO Artiste (idArtiste, nom, idSpectacle) VALUES ('8f500c46-8ed0-453a-8158-463c01ebdcc2', 'Lavern Kutch', '6652d2a6-d3b1-4c0d-a72f-d44978007bc2');
INSERT INTO Artiste (idArtiste, nom, idSpectacle) VALUES ('310fa8d8-3423-4f11-8073-127f1de88643', 'Alessandra Herzog', '6652d2a6-d3b1-4c0d-a72f-d44978007bc2');
INSERT INTO Spectacle (idSpectacle, titre, description, urlVideo, horairePrevionnel, idSoiree) VALUES ('397197da-4bdf-49cf-b45a-280f365f8f27', 'Spectacle 75', 'Ducimus asperiores qui ex.', 'video_spectacle_75.mp4', '2023-09-16 10:40:26', '77f9c738-609a-4734-a964-dc3c88fa6150');
INSERT INTO ImgSpectacle (idImg, img, idSpectacle) VALUES (223, 'image_spectacle_75_1.jpg', '397197da-4bdf-49cf-b45a-280f365f8f27');
INSERT INTO ImgSpectacle (idImg, img, idSpectacle) VALUES (224, 'image_spectacle_75_2.jpg', '397197da-4bdf-49cf-b45a-280f365f8f27');
INSERT INTO ImgSpectacle (idImg, img, idSpectacle) VALUES (225, 'image_spectacle_75_3.jpg', '397197da-4bdf-49cf-b45a-280f365f8f27');
INSERT INTO Artiste (idArtiste, nom, idSpectacle) VALUES ('494c5c80-495a-4639-86e7-b13f2563cb55', 'Sterling Rohan', '397197da-4bdf-49cf-b45a-280f365f8f27');
INSERT INTO Artiste (idArtiste, nom, idSpectacle) VALUES ('7e945f62-37bb-438c-95bd-0d5ac4c376c9', 'Lowell Hand DDS', '397197da-4bdf-49cf-b45a-280f365f8f27');
INSERT INTO Artiste (idArtiste, nom, idSpectacle) VALUES ('b080589a-3b41-49d3-84de-523a483a44e9', 'Delores Kirlin', '397197da-4bdf-49cf-b45a-280f365f8f27');
INSERT INTO Spectacle (idSpectacle, titre, description, urlVideo, horairePrevionnel, idSoiree) VALUES ('4d5914cd-6bb8-409e-8e17-b9ff797cf960', 'Spectacle 76', 'Non quasi reiciendis quod nostrum nam.', 'video_spectacle_76.mp4', '2023-07-01 21:49:17', '0afadf9a-e6cd-4f84-93b6-8382a0322b2e');
INSERT INTO ImgSpectacle (idImg, img, idSpectacle) VALUES (226, 'image_spectacle_76_1.jpg', '4d5914cd-6bb8-409e-8e17-b9ff797cf960');
INSERT INTO ImgSpectacle (idImg, img, idSpectacle) VALUES (227, 'image_spectacle_76_2.jpg', '4d5914cd-6bb8-409e-8e17-b9ff797cf960');
INSERT INTO Artiste (idArtiste, nom, idSpectacle) VALUES ('8f2ae8e0-2711-4817-9b90-95199259587e', 'Dr. Tyrell Wilkinson', '4d5914cd-6bb8-409e-8e17-b9ff797cf960');
INSERT INTO Artiste (idArtiste, nom, idSpectacle) VALUES ('c9f07f3d-04be-488a-a74b-6cc4dbae0ae6', 'Mr. Watson Kuhlman', '4d5914cd-6bb8-409e-8e17-b9ff797cf960');
INSERT INTO Spectacle (idSpectacle, titre, description, urlVideo, horairePrevionnel, idSoiree) VALUES ('a69abb66-a13e-4101-87de-58973a51a67e', 'Spectacle 77', 'Quia autem praesentium eum excepturi explicabo deleniti eveniet omnis.', 'video_spectacle_77.mp4', '2023-02-06 08:18:23', 'cba43b95-f60d-49f3-973b-91510d83b47e');
INSERT INTO ImgSpectacle (idImg, img, idSpectacle) VALUES (229, 'image_spectacle_77_1.jpg', 'a69abb66-a13e-4101-87de-58973a51a67e');
INSERT INTO ImgSpectacle (idImg, img, idSpectacle) VALUES (230, 'image_spectacle_77_2.jpg', 'a69abb66-a13e-4101-87de-58973a51a67e');
INSERT INTO Artiste (idArtiste, nom, idSpectacle) VALUES ('c195d039-9871-4ba1-a76d-0c6c6fac1d46', 'Angus Farrell', 'a69abb66-a13e-4101-87de-58973a51a67e');
INSERT INTO Artiste (idArtiste, nom, idSpectacle) VALUES ('a72a7d5a-2252-44fb-9039-319e2dd8884c', 'Rigoberto Willms', 'a69abb66-a13e-4101-87de-58973a51a67e');
INSERT INTO Spectacle (idSpectacle, titre, description, urlVideo, horairePrevionnel, idSoiree) VALUES ('5cbc1fe6-2e0b-44ca-a915-726ef43ad690', 'Spectacle 78', 'Perspiciatis cumque sit voluptatibus veritatis cum quos dolore.', 'video_spectacle_78.mp4', '2023-08-03 10:47:35', '73faac53-b3c6-4b89-9467-08fd45536934');
INSERT INTO ImgSpectacle (idImg, img, idSpectacle) VALUES (232, 'image_spectacle_78_1.jpg', '5cbc1fe6-2e0b-44ca-a915-726ef43ad690');
INSERT INTO ImgSpectacle (idImg, img, idSpectacle) VALUES (233, 'image_spectacle_78_2.jpg', '5cbc1fe6-2e0b-44ca-a915-726ef43ad690');
INSERT INTO ImgSpectacle (idImg, img, idSpectacle) VALUES (234, 'image_spectacle_78_3.jpg', '5cbc1fe6-2e0b-44ca-a915-726ef43ad690');
INSERT INTO Artiste (idArtiste, nom, idSpectacle) VALUES ('061fa90f-298c-431e-bcfb-558feaac2c0f', 'Dr. Brice Rippin', '5cbc1fe6-2e0b-44ca-a915-726ef43ad690');
INSERT INTO Artiste (idArtiste, nom, idSpectacle) VALUES ('d7d3f6f8-fd0a-4c6b-b747-2441b1c6222d', 'Valentina Hamill III', '5cbc1fe6-2e0b-44ca-a915-726ef43ad690');
INSERT INTO Artiste (idArtiste, nom, idSpectacle) VALUES ('6c39ff5f-b5ac-43bc-bdb8-4ceac23bd20b', 'Prof. Fletcher Altenwerth', '5cbc1fe6-2e0b-44ca-a915-726ef43ad690');
INSERT INTO Spectacle (idSpectacle, titre, description, urlVideo, horairePrevionnel, idSoiree) VALUES ('72b6423f-24d4-4779-b032-e72d78d7c306', 'Spectacle 79', 'Illo dolores architecto ratione reiciendis architecto labore.', 'video_spectacle_79.mp4', '2023-10-25 06:53:33', '40cec9e7-bb82-40ac-ac60-ade576a8a600');
INSERT INTO ImgSpectacle (idImg, img, idSpectacle) VALUES (235, 'image_spectacle_79_1.jpg', '72b6423f-24d4-4779-b032-e72d78d7c306');
INSERT INTO ImgSpectacle (idImg, img, idSpectacle) VALUES (236, 'image_spectacle_79_2.jpg', '72b6423f-24d4-4779-b032-e72d78d7c306');
INSERT INTO Artiste (idArtiste, nom, idSpectacle) VALUES ('55d5a373-c720-4c04-becf-f32cc0747697', 'Prof. Kale Balistreri', '72b6423f-24d4-4779-b032-e72d78d7c306');
INSERT INTO Artiste (idArtiste, nom, idSpectacle) VALUES ('7c9c61e3-4e9e-49bc-8c35-1294d1ba28a9', 'Lucie Graham', '72b6423f-24d4-4779-b032-e72d78d7c306');
INSERT INTO Artiste (idArtiste, nom, idSpectacle) VALUES ('7f17a4ba-81c9-432c-9227-48496a655bc1', 'Corbin Wuckert', '72b6423f-24d4-4779-b032-e72d78d7c306');
INSERT INTO Spectacle (idSpectacle, titre, description, urlVideo, horairePrevionnel, idSoiree) VALUES ('15a5b3ef-1e03-4db9-a99f-493711606eea', 'Spectacle 80', 'Dolorem debitis reiciendis hic quam quis voluptas libero.', 'video_spectacle_80.mp4', '2023-04-05 09:45:35', '77f9c738-609a-4734-a964-dc3c88fa6150');
INSERT INTO ImgSpectacle (idImg, img, idSpectacle) VALUES (238, 'image_spectacle_80_1.jpg', '15a5b3ef-1e03-4db9-a99f-493711606eea');
INSERT INTO ImgSpectacle (idImg, img, idSpectacle) VALUES (239, 'image_spectacle_80_2.jpg', '15a5b3ef-1e03-4db9-a99f-493711606eea');
INSERT INTO Artiste (idArtiste, nom, idSpectacle) VALUES ('160c5383-4707-47e9-8e95-44103ce16668', 'Cary Feest', '15a5b3ef-1e03-4db9-a99f-493711606eea');
INSERT INTO Artiste (idArtiste, nom, idSpectacle) VALUES ('ea85b763-2aa8-4685-a259-d2ae7e4fcc51', 'Brandt Steuber', '15a5b3ef-1e03-4db9-a99f-493711606eea');
INSERT INTO Spectacle (idSpectacle, titre, description, urlVideo, horairePrevionnel, idSoiree) VALUES ('c7ae6047-c6fe-425a-819b-2d5b9d88ec98', 'Spectacle 81', 'Aut officiis id porro totam porro occaecati quia.', 'video_spectacle_81.mp4', '2023-08-26 17:56:23', '8616ee9b-b327-4223-a76f-07898e5936cc');
INSERT INTO ImgSpectacle (idImg, img, idSpectacle) VALUES (241, 'image_spectacle_81_1.jpg', 'c7ae6047-c6fe-425a-819b-2d5b9d88ec98');
INSERT INTO Artiste (idArtiste, nom, idSpectacle) VALUES ('68c66d52-c038-43df-89e2-db0797155a12', 'Lucienne O\''Reilly', 'c7ae6047-c6fe-425a-819b-2d5b9d88ec98');
INSERT INTO Artiste (idArtiste, nom, idSpectacle) VALUES ('96cac00b-da3d-418a-b4c8-7ec3711810a6', 'Prof. Maritza Carroll IV', 'c7ae6047-c6fe-425a-819b-2d5b9d88ec98');
INSERT INTO Artiste (idArtiste, nom, idSpectacle) VALUES ('0b0f73d9-8903-40a3-a814-f19c8bb4204d', 'Dr. Leola Bartoletti IV', 'c7ae6047-c6fe-425a-819b-2d5b9d88ec98');
INSERT INTO Spectacle (idSpectacle, titre, description, urlVideo, horairePrevionnel, idSoiree) VALUES ('8227b9eb-528a-4600-a86e-202610f9aa92', 'Spectacle 82', 'Est recusandae unde ducimus eveniet ea.', 'video_spectacle_82.mp4', '2023-05-03 21:18:18', 'b89f680e-ccc3-419d-89c0-d447bcc95d02');
INSERT INTO ImgSpectacle (idImg, img, idSpectacle) VALUES (244, 'image_spectacle_82_1.jpg', '8227b9eb-528a-4600-a86e-202610f9aa92');
INSERT INTO ImgSpectacle (idImg, img, idSpectacle) VALUES (245, 'image_spectacle_82_2.jpg', '8227b9eb-528a-4600-a86e-202610f9aa92');
INSERT INTO Artiste (idArtiste, nom, idSpectacle) VALUES ('4e3f6478-e5c9-43a3-aa2c-b997136e9823', 'Rashawn Botsford', '8227b9eb-528a-4600-a86e-202610f9aa92');
INSERT INTO Spectacle (idSpectacle, titre, description, urlVideo, horairePrevionnel, idSoiree) VALUES ('08437149-2fba-4617-b2fe-bd3efad78f3c', 'Spectacle 83', 'Rerum amet vel error quia.', 'video_spectacle_83.mp4', '2023-07-02 15:27:22', '73faac53-b3c6-4b89-9467-08fd45536934');
INSERT INTO ImgSpectacle (idImg, img, idSpectacle) VALUES (247, 'image_spectacle_83_1.jpg', '08437149-2fba-4617-b2fe-bd3efad78f3c');
INSERT INTO Artiste (idArtiste, nom, idSpectacle) VALUES ('d4cc0c03-a8e5-4147-a4b0-9cd94fb5a8f2', 'Noe Von', '08437149-2fba-4617-b2fe-bd3efad78f3c');
INSERT INTO Artiste (idArtiste, nom, idSpectacle) VALUES ('995a2db6-ec4d-4190-85f6-c27cba6ac86f', 'Rosalind Metz Sr.', '08437149-2fba-4617-b2fe-bd3efad78f3c');
INSERT INTO Spectacle (idSpectacle, titre, description, urlVideo, horairePrevionnel, idSoiree) VALUES ('a53add41-fb0a-4308-96e1-4f0acd89957e', 'Spectacle 84', 'Voluptas rerum et molestiae non autem.', 'video_spectacle_84.mp4', '2023-06-26 17:47:41', 'a54312fe-68da-4095-8eef-dd514adcc0ac');
INSERT INTO ImgSpectacle (idImg, img, idSpectacle) VALUES (250, 'image_spectacle_84_1.jpg', 'a53add41-fb0a-4308-96e1-4f0acd89957e');
INSERT INTO ImgSpectacle (idImg, img, idSpectacle) VALUES (251, 'image_spectacle_84_2.jpg', 'a53add41-fb0a-4308-96e1-4f0acd89957e');
INSERT INTO ImgSpectacle (idImg, img, idSpectacle) VALUES (252, 'image_spectacle_84_3.jpg', 'a53add41-fb0a-4308-96e1-4f0acd89957e');
INSERT INTO Artiste (idArtiste, nom, idSpectacle) VALUES ('94537616-17ad-4cbe-a376-9b663b857a6e', 'Lucienne Fisher', 'a53add41-fb0a-4308-96e1-4f0acd89957e');
INSERT INTO Spectacle (idSpectacle, titre, description, urlVideo, horairePrevionnel, idSoiree) VALUES ('f5333b12-82b4-4422-a5aa-536fc6f9d575', 'Spectacle 85', 'Nulla velit ducimus iure ad laborum dolores.', 'video_spectacle_85.mp4', '2023-05-20 06:20:21', '40cec9e7-bb82-40ac-ac60-ade576a8a600');
INSERT INTO ImgSpectacle (idImg, img, idSpectacle) VALUES (253, 'image_spectacle_85_1.jpg', 'f5333b12-82b4-4422-a5aa-536fc6f9d575');
INSERT INTO Artiste (idArtiste, nom, idSpectacle) VALUES ('3e9f461b-931d-4f71-8f4f-0bd649599ef9', 'Berenice Satterfield', 'f5333b12-82b4-4422-a5aa-536fc6f9d575');
INSERT INTO Artiste (idArtiste, nom, idSpectacle) VALUES ('325883e6-2243-4cf3-9211-6741872f39a2', 'Laila Skiles I', 'f5333b12-82b4-4422-a5aa-536fc6f9d575');
INSERT INTO Spectacle (idSpectacle, titre, description, urlVideo, horairePrevionnel, idSoiree) VALUES ('0c10798e-d0da-44f7-9a08-f6a1f12791b3', 'Spectacle 86', 'Voluptatibus eum suscipit nemo ut at.', 'video_spectacle_86.mp4', '2023-10-08 04:05:26', '2ce2a2e7-0cb1-4d7b-a888-a308a2f18406');
INSERT INTO ImgSpectacle (idImg, img, idSpectacle) VALUES (256, 'image_spectacle_86_1.jpg', '0c10798e-d0da-44f7-9a08-f6a1f12791b3');
INSERT INTO ImgSpectacle (idImg, img, idSpectacle) VALUES (257, 'image_spectacle_86_2.jpg', '0c10798e-d0da-44f7-9a08-f6a1f12791b3');
INSERT INTO Artiste (idArtiste, nom, idSpectacle) VALUES ('94f5ef5f-da1c-4a3e-aecd-7f7a8bb13943', 'Mathew Cole', '0c10798e-d0da-44f7-9a08-f6a1f12791b3');
INSERT INTO Spectacle (idSpectacle, titre, description, urlVideo, horairePrevionnel, idSoiree) VALUES ('9392acf5-197f-47eb-99fc-b559872d2a24', 'Spectacle 87', 'Quos voluptatem ratione odit distinctio.', 'video_spectacle_87.mp4', '2023-04-11 03:46:55', '2cb3d989-f8d8-455a-96a6-367417a75457');
INSERT INTO ImgSpectacle (idImg, img, idSpectacle) VALUES (259, 'image_spectacle_87_1.jpg', '9392acf5-197f-47eb-99fc-b559872d2a24');
INSERT INTO Artiste (idArtiste, nom, idSpectacle) VALUES ('14b4a363-389c-4917-a844-549d726b79df', 'Prof. Matilda Pollich II', '9392acf5-197f-47eb-99fc-b559872d2a24');
INSERT INTO Artiste (idArtiste, nom, idSpectacle) VALUES ('fe5883a7-47e5-4287-8d31-be6dfe37c19a', 'Tyshawn Thiel', '9392acf5-197f-47eb-99fc-b559872d2a24');
INSERT INTO Artiste (idArtiste, nom, idSpectacle) VALUES ('cca9ed7b-926b-41f3-ae90-c190b461d883', 'Mr. Santa Emmerich DVM', '9392acf5-197f-47eb-99fc-b559872d2a24');
INSERT INTO Spectacle (idSpectacle, titre, description, urlVideo, horairePrevionnel, idSoiree) VALUES ('5a7abc62-f90f-43b3-9e96-40f594d2561d', 'Spectacle 88', 'Velit natus quae laborum quibusdam aliquam.', 'video_spectacle_88.mp4', '2023-08-23 18:49:31', '77f9c738-609a-4734-a964-dc3c88fa6150');
INSERT INTO ImgSpectacle (idImg, img, idSpectacle) VALUES (262, 'image_spectacle_88_1.jpg', '5a7abc62-f90f-43b3-9e96-40f594d2561d');
INSERT INTO ImgSpectacle (idImg, img, idSpectacle) VALUES (263, 'image_spectacle_88_2.jpg', '5a7abc62-f90f-43b3-9e96-40f594d2561d');
INSERT INTO Artiste (idArtiste, nom, idSpectacle) VALUES ('db2064a5-0f8f-45a7-8b83-b0455bf19350', 'Estevan Bode', '5a7abc62-f90f-43b3-9e96-40f594d2561d');
INSERT INTO Artiste (idArtiste, nom, idSpectacle) VALUES ('c3b18e67-4293-48ea-be7b-af8382d4ae58', 'Prof. Yolanda Christiansen V', '5a7abc62-f90f-43b3-9e96-40f594d2561d');
INSERT INTO Spectacle (idSpectacle, titre, description, urlVideo, horairePrevionnel, idSoiree) VALUES ('9350dbe4-4973-4b19-bcc8-0018c8bbd87c', 'Spectacle 89', 'Aspernatur et aut in cumque molestias.', 'video_spectacle_89.mp4', '2023-10-25 23:00:56', '63c496fc-9bcc-4fe7-b8ed-75ebd8ba210d');
INSERT INTO ImgSpectacle (idImg, img, idSpectacle) VALUES (265, 'image_spectacle_89_1.jpg', '9350dbe4-4973-4b19-bcc8-0018c8bbd87c');
INSERT INTO ImgSpectacle (idImg, img, idSpectacle) VALUES (266, 'image_spectacle_89_2.jpg', '9350dbe4-4973-4b19-bcc8-0018c8bbd87c');
INSERT INTO Artiste (idArtiste, nom, idSpectacle) VALUES ('a50a2653-253c-4dfe-bef1-34b8e8abf718', 'Meaghan Stehr', '9350dbe4-4973-4b19-bcc8-0018c8bbd87c');
INSERT INTO Artiste (idArtiste, nom, idSpectacle) VALUES ('d9648429-d2e1-4e40-bf00-43c7bad769fc', 'Mr. Saul Halvorson', '9350dbe4-4973-4b19-bcc8-0018c8bbd87c');
INSERT INTO Spectacle (idSpectacle, titre, description, urlVideo, horairePrevionnel, idSoiree) VALUES ('95581896-de10-47c4-b915-da9628d5112b', 'Spectacle 90', 'Perferendis placeat qui mollitia minima incidunt esse asperiores.', 'video_spectacle_90.mp4', '2023-05-11 15:45:46', 'a54312fe-68da-4095-8eef-dd514adcc0ac');
INSERT INTO ImgSpectacle (idImg, img, idSpectacle) VALUES (268, 'image_spectacle_90_1.jpg', '95581896-de10-47c4-b915-da9628d5112b');
INSERT INTO ImgSpectacle (idImg, img, idSpectacle) VALUES (269, 'image_spectacle_90_2.jpg', '95581896-de10-47c4-b915-da9628d5112b');
INSERT INTO ImgSpectacle (idImg, img, idSpectacle) VALUES (270, 'image_spectacle_90_3.jpg', '95581896-de10-47c4-b915-da9628d5112b');
INSERT INTO Artiste (idArtiste, nom, idSpectacle) VALUES ('aa53163a-d800-4204-8b5d-052e1408dfe2', 'Dr. Stanford Balistreri III', '95581896-de10-47c4-b915-da9628d5112b');
INSERT INTO Artiste (idArtiste, nom, idSpectacle) VALUES ('73a67ab3-41f6-4a1c-bd86-b29a86409c67', 'Ms. Addison Breitenberg Sr.', '95581896-de10-47c4-b915-da9628d5112b');
INSERT INTO Spectacle (idSpectacle, titre, description, urlVideo, horairePrevionnel, idSoiree) VALUES ('ab26f85d-0ce2-4c60-87e4-535c7fb1b2d5', 'Spectacle 91', 'Enim reprehenderit deleniti beatae iusto tempore qui nam.', 'video_spectacle_91.mp4', '2023-07-04 01:03:04', 'cba43b95-f60d-49f3-973b-91510d83b47e');
INSERT INTO ImgSpectacle (idImg, img, idSpectacle) VALUES (271, 'image_spectacle_91_1.jpg', 'ab26f85d-0ce2-4c60-87e4-535c7fb1b2d5');
INSERT INTO Artiste (idArtiste, nom, idSpectacle) VALUES ('c2620e7b-3abd-4cc3-aaa7-df74d0f81709', 'Jaiden Schmeler', 'ab26f85d-0ce2-4c60-87e4-535c7fb1b2d5');
INSERT INTO Spectacle (idSpectacle, titre, description, urlVideo, horairePrevionnel, idSoiree) VALUES ('99ce5d12-d445-45ac-a816-e87d93361d44', 'Spectacle 92', 'Deleniti sint rerum amet architecto.', 'video_spectacle_92.mp4', '2023-09-11 21:12:54', '60b3d9f4-e172-4722-a95d-52531d35f9df');
INSERT INTO ImgSpectacle (idImg, img, idSpectacle) VALUES (274, 'image_spectacle_92_1.jpg', '99ce5d12-d445-45ac-a816-e87d93361d44');
INSERT INTO Artiste (idArtiste, nom, idSpectacle) VALUES ('05acfbb8-b8ca-408b-84a4-268ab6b8cd8e', 'Della Grant', '99ce5d12-d445-45ac-a816-e87d93361d44');
INSERT INTO Artiste (idArtiste, nom, idSpectacle) VALUES ('37a08018-c1d5-4bdd-a61d-7185b809c98b', 'Prof. Everette McLaughlin MD', '99ce5d12-d445-45ac-a816-e87d93361d44');
INSERT INTO Spectacle (idSpectacle, titre, description, urlVideo, horairePrevionnel, idSoiree) VALUES ('95322c64-6b64-440d-bebb-81336c65a798', 'Spectacle 93', 'Voluptas voluptas culpa autem ut quos omnis.', 'video_spectacle_93.mp4', '2023-04-20 12:27:51', 'abab639c-c58d-4163-bb25-0fbfc84ad7dc');
INSERT INTO ImgSpectacle (idImg, img, idSpectacle) VALUES (277, 'image_spectacle_93_1.jpg', '95322c64-6b64-440d-bebb-81336c65a798');
INSERT INTO ImgSpectacle (idImg, img, idSpectacle) VALUES (278, 'image_spectacle_93_2.jpg', '95322c64-6b64-440d-bebb-81336c65a798');
INSERT INTO ImgSpectacle (idImg, img, idSpectacle) VALUES (279, 'image_spectacle_93_3.jpg', '95322c64-6b64-440d-bebb-81336c65a798');
INSERT INTO Artiste (idArtiste, nom, idSpectacle) VALUES ('48e70d66-067b-4f00-88b9-616d4948beeb', 'Neha Nicolas', '95322c64-6b64-440d-bebb-81336c65a798');
INSERT INTO Artiste (idArtiste, nom, idSpectacle) VALUES ('14e4bb02-3d8f-45ab-8706-ca2d10b14003', 'Vito Harvey Sr.', '95322c64-6b64-440d-bebb-81336c65a798');
INSERT INTO Spectacle (idSpectacle, titre, description, urlVideo, horairePrevionnel, idSoiree) VALUES ('30587bc9-e0f0-41e9-aa40-b9704424b82c', 'Spectacle 94', 'Reprehenderit omnis nihil voluptas rerum magni porro.', 'video_spectacle_94.mp4', '2023-08-06 05:32:02', 'cba43b95-f60d-49f3-973b-91510d83b47e');
INSERT INTO ImgSpectacle (idImg, img, idSpectacle) VALUES (280, 'image_spectacle_94_1.jpg', '30587bc9-e0f0-41e9-aa40-b9704424b82c');
INSERT INTO ImgSpectacle (idImg, img, idSpectacle) VALUES (281, 'image_spectacle_94_2.jpg', '30587bc9-e0f0-41e9-aa40-b9704424b82c');
INSERT INTO Artiste (idArtiste, nom, idSpectacle) VALUES ('d1b3b186-5af5-49c6-ab40-a08b9f169172', 'Russell Wyman', '30587bc9-e0f0-41e9-aa40-b9704424b82c');
INSERT INTO Artiste (idArtiste, nom, idSpectacle) VALUES ('0c4e2122-c78d-415e-8849-5470a6609f9b', 'Dr. Ambrose Haley II', '30587bc9-e0f0-41e9-aa40-b9704424b82c');
INSERT INTO Artiste (idArtiste, nom, idSpectacle) VALUES ('4f72553e-dd59-4fef-b923-9d2355dbc154', 'Mr. Wellington Lang', '30587bc9-e0f0-41e9-aa40-b9704424b82c');
INSERT INTO Spectacle (idSpectacle, titre, description, urlVideo, horairePrevionnel, idSoiree) VALUES ('c5664ac7-3da2-43ed-9b8c-b468a03e1c4e', 'Spectacle 95', 'Nobis doloremque ea aut nihil.', 'video_spectacle_95.mp4', '2023-09-21 22:58:43', '60b3d9f4-e172-4722-a95d-52531d35f9df');
INSERT INTO ImgSpectacle (idImg, img, idSpectacle) VALUES (283, 'image_spectacle_95_1.jpg', 'c5664ac7-3da2-43ed-9b8c-b468a03e1c4e');
INSERT INTO ImgSpectacle (idImg, img, idSpectacle) VALUES (284, 'image_spectacle_95_2.jpg', 'c5664ac7-3da2-43ed-9b8c-b468a03e1c4e');
INSERT INTO Artiste (idArtiste, nom, idSpectacle) VALUES ('a832eee8-9c95-48d3-a49f-3555aa944e8e', 'Madelynn Wintheiser', 'c5664ac7-3da2-43ed-9b8c-b468a03e1c4e');
INSERT INTO Artiste (idArtiste, nom, idSpectacle) VALUES ('fd03f382-dec5-46da-b698-f4c3d756ccb4', 'Jewel Buckridge', 'c5664ac7-3da2-43ed-9b8c-b468a03e1c4e');
INSERT INTO Spectacle (idSpectacle, titre, description, urlVideo, horairePrevionnel, idSoiree) VALUES ('35c23600-5dfb-49bc-bc38-a50ad460afa3', 'Spectacle 96', 'Minima nulla et ut ut non et.', 'video_spectacle_96.mp4', '2023-04-25 21:09:14', '4af05946-3c76-4853-b9dd-583742f7dab6');
INSERT INTO ImgSpectacle (idImg, img, idSpectacle) VALUES (286, 'image_spectacle_96_1.jpg', '35c23600-5dfb-49bc-bc38-a50ad460afa3');
INSERT INTO ImgSpectacle (idImg, img, idSpectacle) VALUES (287, 'image_spectacle_96_2.jpg', '35c23600-5dfb-49bc-bc38-a50ad460afa3');
INSERT INTO ImgSpectacle (idImg, img, idSpectacle) VALUES (288, 'image_spectacle_96_3.jpg', '35c23600-5dfb-49bc-bc38-a50ad460afa3');
INSERT INTO Artiste (idArtiste, nom, idSpectacle) VALUES ('f1d432b4-3fa1-490f-912d-bc1b9801442b', 'Darwin Kihn', '35c23600-5dfb-49bc-bc38-a50ad460afa3');
INSERT INTO Artiste (idArtiste, nom, idSpectacle) VALUES ('c8889a03-7406-41c1-928a-918811fb4a05', 'Trever Bauch', '35c23600-5dfb-49bc-bc38-a50ad460afa3');
INSERT INTO Artiste (idArtiste, nom, idSpectacle) VALUES ('7d445668-3a99-440c-8d40-502d9afaf030', 'Mr. Leif Bosco II', '35c23600-5dfb-49bc-bc38-a50ad460afa3');
INSERT INTO Spectacle (idSpectacle, titre, description, urlVideo, horairePrevionnel, idSoiree) VALUES ('05b5648c-4ed6-4b96-b47f-23b410d2a1ec', 'Spectacle 97', 'Optio alias dolor porro minus non eveniet molestiae sit.', 'video_spectacle_97.mp4', '2023-09-26 04:40:28', '14695e6d-f504-45ec-aa86-61d77df9ca81');
INSERT INTO ImgSpectacle (idImg, img, idSpectacle) VALUES (289, 'image_spectacle_97_1.jpg', '05b5648c-4ed6-4b96-b47f-23b410d2a1ec');
INSERT INTO Artiste (idArtiste, nom, idSpectacle) VALUES ('bbe821e7-cd5b-4113-bbd1-09710f0c52d5', 'Camille Bartoletti', '05b5648c-4ed6-4b96-b47f-23b410d2a1ec');
INSERT INTO Artiste (idArtiste, nom, idSpectacle) VALUES ('6b026df5-6587-438c-9955-ddac0007defa', 'Ms. Bernice Satterfield Sr.', '05b5648c-4ed6-4b96-b47f-23b410d2a1ec');
INSERT INTO Artiste (idArtiste, nom, idSpectacle) VALUES ('0f808618-6ad5-4f4e-a3b1-3c47d482be38', 'Rebeka Tremblay', '05b5648c-4ed6-4b96-b47f-23b410d2a1ec');
INSERT INTO Spectacle (idSpectacle, titre, description, urlVideo, horairePrevionnel, idSoiree) VALUES ('df879bb0-6660-4871-b521-6dc1cd555bc0', 'Spectacle 98', 'Tenetur veritatis nemo omnis sed fugit.', 'video_spectacle_98.mp4', '2023-08-27 04:25:19', 'c8635bf3-eb6f-4af0-a859-69f8f094b53a');
INSERT INTO ImgSpectacle (idImg, img, idSpectacle) VALUES (292, 'image_spectacle_98_1.jpg', 'df879bb0-6660-4871-b521-6dc1cd555bc0');
INSERT INTO ImgSpectacle (idImg, img, idSpectacle) VALUES (293, 'image_spectacle_98_2.jpg', 'df879bb0-6660-4871-b521-6dc1cd555bc0');
INSERT INTO ImgSpectacle (idImg, img, idSpectacle) VALUES (294, 'image_spectacle_98_3.jpg', 'df879bb0-6660-4871-b521-6dc1cd555bc0');
INSERT INTO Artiste (idArtiste, nom, idSpectacle) VALUES ('d3979a64-50a0-4ac6-a857-6b01b3e42143', 'Mathew Hahn', 'df879bb0-6660-4871-b521-6dc1cd555bc0');
INSERT INTO Artiste (idArtiste, nom, idSpectacle) VALUES ('25262499-b1ef-482b-8111-67f28b2ad7ca', 'Lysanne Fritsch', 'df879bb0-6660-4871-b521-6dc1cd555bc0');
INSERT INTO Spectacle (idSpectacle, titre, description, urlVideo, horairePrevionnel, idSoiree) VALUES ('6844ce6b-59b0-4f5a-9390-d6975eb51187', 'Spectacle 99', 'Earum eos molestiae ratione corporis natus quam.', 'video_spectacle_99.mp4', '2023-01-07 03:51:42', '2cb3d989-f8d8-455a-96a6-367417a75457');
INSERT INTO ImgSpectacle (idImg, img, idSpectacle) VALUES (295, 'image_spectacle_99_1.jpg', '6844ce6b-59b0-4f5a-9390-d6975eb51187');
INSERT INTO ImgSpectacle (idImg, img, idSpectacle) VALUES (296, 'image_spectacle_99_2.jpg', '6844ce6b-59b0-4f5a-9390-d6975eb51187');
INSERT INTO Artiste (idArtiste, nom, idSpectacle) VALUES ('a8a2828e-bf85-4263-924b-8b97fc0f25d6', 'Dora Berge', '6844ce6b-59b0-4f5a-9390-d6975eb51187');
INSERT INTO Artiste (idArtiste, nom, idSpectacle) VALUES ('34fd6ea5-5bf3-44eb-8e13-a3210ac82591', 'Zachariah Bailey', '6844ce6b-59b0-4f5a-9390-d6975eb51187');
INSERT INTO Spectacle (idSpectacle, titre, description, urlVideo, horairePrevionnel, idSoiree) VALUES ('9ca40193-186c-4c99-90db-33c8886c39b8', 'Spectacle 100', 'Omnis voluptas quibusdam omnis saepe odio eveniet dolorem.', 'video_spectacle_100.mp4', '2023-08-06 19:54:40', '7dc75937-289b-4839-b5ea-0ac566898928');
INSERT INTO ImgSpectacle (idImg, img, idSpectacle) VALUES (298, 'image_spectacle_100_1.jpg', '9ca40193-186c-4c99-90db-33c8886c39b8');
INSERT INTO ImgSpectacle (idImg, img, idSpectacle) VALUES (299, 'image_spectacle_100_2.jpg', '9ca40193-186c-4c99-90db-33c8886c39b8');
INSERT INTO Artiste (idArtiste, nom, idSpectacle) VALUES ('727cd259-2534-4864-b38d-c6bc43eef8a6', 'Kyle Schaefer', '9ca40193-186c-4c99-90db-33c8886c39b8');
INSERT INTO Artiste (idArtiste, nom, idSpectacle) VALUES ('8c0d644f-ce98-43c4-9178-eaa47e9d7b43', 'Prof. Vivien Hickle', '9ca40193-186c-4c99-90db-33c8886c39b8');
INSERT INTO Artiste (idArtiste, nom, idSpectacle) VALUES ('d118d329-1e30-42f7-816b-30d6b09ea62d', 'Dr. Kaya Botsford', '9ca40193-186c-4c99-90db-33c8886c39b8');
INSERT INTO Spectacle (idSpectacle, titre, description, urlVideo, horairePrevionnel, idSoiree) VALUES ('61b6c062-879e-49a5-b82b-5cf2b8e6c0e8', 'Spectacle 101', 'Aut consequatur temporibus cumque aperiam praesentium eos fugit.', 'video_spectacle_101.mp4', '2023-04-06 00:12:06', 'b79cdda5-7518-44ef-9ec7-8ef0bbbcd049');
INSERT INTO ImgSpectacle (idImg, img, idSpectacle) VALUES (301, 'image_spectacle_101_1.jpg', '61b6c062-879e-49a5-b82b-5cf2b8e6c0e8');
INSERT INTO Artiste (idArtiste, nom, idSpectacle) VALUES ('8780c5a5-bbff-4821-bd78-d14c5cae6673', 'Ambrose Marquardt', '61b6c062-879e-49a5-b82b-5cf2b8e6c0e8');
INSERT INTO Spectacle (idSpectacle, titre, description, urlVideo, horairePrevionnel, idSoiree) VALUES ('30a2198a-1bf4-4661-8695-9e69503df545', 'Spectacle 102', 'A omnis earum cupiditate in.', 'video_spectacle_102.mp4', '2023-10-10 01:25:52', '33a99df6-6151-4653-b3cc-f878fd4615da');
INSERT INTO ImgSpectacle (idImg, img, idSpectacle) VALUES (304, 'image_spectacle_102_1.jpg', '30a2198a-1bf4-4661-8695-9e69503df545');
INSERT INTO ImgSpectacle (idImg, img, idSpectacle) VALUES (305, 'image_spectacle_102_2.jpg', '30a2198a-1bf4-4661-8695-9e69503df545');
INSERT INTO Artiste (idArtiste, nom, idSpectacle) VALUES ('52c7bcea-a2bf-4dc9-be40-042a9f7f611c', 'Marlen Keeling IV', '30a2198a-1bf4-4661-8695-9e69503df545');
INSERT INTO Artiste (idArtiste, nom, idSpectacle) VALUES ('0ce2c97e-2cee-4a68-80ff-875b49af343b', 'Prof. Geovanny Powlowski', '30a2198a-1bf4-4661-8695-9e69503df545');
INSERT INTO Spectacle (idSpectacle, titre, description, urlVideo, horairePrevionnel, idSoiree) VALUES ('f8c238e7-3333-4b47-949f-ad35e977b1fb', 'Spectacle 103', 'Minus impedit aut aut qui.', 'video_spectacle_103.mp4', '2023-09-02 19:13:50', '5251ba77-c77a-453c-b5cc-21f42a614376');
INSERT INTO ImgSpectacle (idImg, img, idSpectacle) VALUES (307, 'image_spectacle_103_1.jpg', 'f8c238e7-3333-4b47-949f-ad35e977b1fb');
INSERT INTO ImgSpectacle (idImg, img, idSpectacle) VALUES (308, 'image_spectacle_103_2.jpg', 'f8c238e7-3333-4b47-949f-ad35e977b1fb');
INSERT INTO ImgSpectacle (idImg, img, idSpectacle) VALUES (309, 'image_spectacle_103_3.jpg', 'f8c238e7-3333-4b47-949f-ad35e977b1fb');
INSERT INTO Artiste (idArtiste, nom, idSpectacle) VALUES ('4d7d3075-554c-402b-b80d-abc7295726d0', 'Mrs. Tania Jenkins', 'f8c238e7-3333-4b47-949f-ad35e977b1fb');
INSERT INTO Spectacle (idSpectacle, titre, description, urlVideo, horairePrevionnel, idSoiree) VALUES ('9f234366-3ddc-43e1-8b08-01d0980c6fd9', 'Spectacle 104', 'Tempora deleniti cumque aperiam officia officia consectetur dolores non.', 'video_spectacle_104.mp4', '2023-08-15 09:59:31', 'b79cdda5-7518-44ef-9ec7-8ef0bbbcd049');
INSERT INTO ImgSpectacle (idImg, img, idSpectacle) VALUES (310, 'image_spectacle_104_1.jpg', '9f234366-3ddc-43e1-8b08-01d0980c6fd9');
INSERT INTO ImgSpectacle (idImg, img, idSpectacle) VALUES (311, 'image_spectacle_104_2.jpg', '9f234366-3ddc-43e1-8b08-01d0980c6fd9');
INSERT INTO Artiste (idArtiste, nom, idSpectacle) VALUES ('76635d20-e613-48a4-8b52-72fcd51435e4', 'Haylie Hyatt', '9f234366-3ddc-43e1-8b08-01d0980c6fd9');
INSERT INTO Artiste (idArtiste, nom, idSpectacle) VALUES ('cd1a8051-f25d-4045-aa59-65b1b5020182', 'Quentin Kertzmann Jr.', '9f234366-3ddc-43e1-8b08-01d0980c6fd9');
INSERT INTO Spectacle (idSpectacle, titre, description, urlVideo, horairePrevionnel, idSoiree) VALUES ('0706e306-5adf-4d5e-80f8-fea5f90ba363', 'Spectacle 105', 'Consequuntur quidem natus et tenetur.', 'video_spectacle_105.mp4', '2023-04-29 09:02:08', 'fa538237-fb15-4882-991b-a03d4fa22454');
INSERT INTO ImgSpectacle (idImg, img, idSpectacle) VALUES (313, 'image_spectacle_105_1.jpg', '0706e306-5adf-4d5e-80f8-fea5f90ba363');
INSERT INTO Artiste (idArtiste, nom, idSpectacle) VALUES ('65fc3b68-7603-4a68-a5f8-a3996cfc0d0e', 'Camren Gerlach', '0706e306-5adf-4d5e-80f8-fea5f90ba363');
INSERT INTO Artiste (idArtiste, nom, idSpectacle) VALUES ('3d8ee7ca-4111-4039-b45a-40dc3fb371b3', 'Henriette Upton', '0706e306-5adf-4d5e-80f8-fea5f90ba363');
INSERT INTO Artiste (idArtiste, nom, idSpectacle) VALUES ('4eb36315-a693-4246-b2a3-b0f6422861e0', 'Elyssa Kris', '0706e306-5adf-4d5e-80f8-fea5f90ba363');
INSERT INTO Spectacle (idSpectacle, titre, description, urlVideo, horairePrevionnel, idSoiree) VALUES ('0350efbd-02ef-4219-bb76-86753ebc00db', 'Spectacle 106', 'Et harum consequatur quod odio recusandae sequi.', 'video_spectacle_106.mp4', '2023-10-23 02:58:41', '7dc75937-289b-4839-b5ea-0ac566898928');
INSERT INTO ImgSpectacle (idImg, img, idSpectacle) VALUES (316, 'image_spectacle_106_1.jpg', '0350efbd-02ef-4219-bb76-86753ebc00db');
INSERT INTO ImgSpectacle (idImg, img, idSpectacle) VALUES (317, 'image_spectacle_106_2.jpg', '0350efbd-02ef-4219-bb76-86753ebc00db');
INSERT INTO ImgSpectacle (idImg, img, idSpectacle) VALUES (318, 'image_spectacle_106_3.jpg', '0350efbd-02ef-4219-bb76-86753ebc00db');
INSERT INTO Artiste (idArtiste, nom, idSpectacle) VALUES ('343084e5-631f-484d-90b4-841be9e981b4', 'Prof. Audra Effertz III', '0350efbd-02ef-4219-bb76-86753ebc00db');
INSERT INTO Spectacle (idSpectacle, titre, description, urlVideo, horairePrevionnel, idSoiree) VALUES ('4858a9a9-a684-40ff-8767-5e122c21df11', 'Spectacle 107', 'Quos sunt aspernatur et vel quam dicta.', 'video_spectacle_107.mp4', '2023-04-07 20:26:07', 'f99c485a-9d1f-4174-b943-8f65aa85db71');
INSERT INTO ImgSpectacle (idImg, img, idSpectacle) VALUES (319, 'image_spectacle_107_1.jpg', '4858a9a9-a684-40ff-8767-5e122c21df11');
INSERT INTO ImgSpectacle (idImg, img, idSpectacle) VALUES (320, 'image_spectacle_107_2.jpg', '4858a9a9-a684-40ff-8767-5e122c21df11');
INSERT INTO Artiste (idArtiste, nom, idSpectacle) VALUES ('fb5be958-35ad-4a3b-b228-9fb2ca5a315f', 'Dr. Brenna Pfannerstill I', '4858a9a9-a684-40ff-8767-5e122c21df11');
INSERT INTO Artiste (idArtiste, nom, idSpectacle) VALUES ('63a4cbfd-7ac2-495b-921f-893858b328bb', 'Myrtis Ebert', '4858a9a9-a684-40ff-8767-5e122c21df11');
INSERT INTO Spectacle (idSpectacle, titre, description, urlVideo, horairePrevionnel, idSoiree) VALUES ('696818f7-a7f2-4c9a-bb36-4b95c91c5863', 'Spectacle 108', 'Molestias et tempora occaecati ea.', 'video_spectacle_108.mp4', '2023-07-11 04:00:21', 'abab639c-c58d-4163-bb25-0fbfc84ad7dc');
INSERT INTO ImgSpectacle (idImg, img, idSpectacle) VALUES (322, 'image_spectacle_108_1.jpg', '696818f7-a7f2-4c9a-bb36-4b95c91c5863');
INSERT INTO Artiste (idArtiste, nom, idSpectacle) VALUES ('3e1f7cc6-8161-4c26-9acf-e0db03368aad', 'Hellen Schultz', '696818f7-a7f2-4c9a-bb36-4b95c91c5863');
INSERT INTO Artiste (idArtiste, nom, idSpectacle) VALUES ('c675f85f-1347-462f-b1b6-2937bec94802', 'Ayana Schultz', '696818f7-a7f2-4c9a-bb36-4b95c91c5863');
INSERT INTO Spectacle (idSpectacle, titre, description, urlVideo, horairePrevionnel, idSoiree) VALUES ('a93d101a-5420-442e-baca-c904b22146fa', 'Spectacle 109', 'Distinctio ex laudantium ipsa quo odio autem.', 'video_spectacle_109.mp4', '2023-05-20 14:47:36', '0e8fe7f2-6843-4c79-b224-c87b82113d04');
INSERT INTO ImgSpectacle (idImg, img, idSpectacle) VALUES (325, 'image_spectacle_109_1.jpg', 'a93d101a-5420-442e-baca-c904b22146fa');
INSERT INTO ImgSpectacle (idImg, img, idSpectacle) VALUES (326, 'image_spectacle_109_2.jpg', 'a93d101a-5420-442e-baca-c904b22146fa');
INSERT INTO Artiste (idArtiste, nom, idSpectacle) VALUES ('235b9c0a-2c95-496e-b293-008e2098ee48', 'Kaylie Hane', 'a93d101a-5420-442e-baca-c904b22146fa');
INSERT INTO Spectacle (idSpectacle, titre, description, urlVideo, horairePrevionnel, idSoiree) VALUES ('60c49f41-16ab-4240-9ac6-6b525a554105', 'Spectacle 110', 'Praesentium delectus minus quia et magnam ut numquam harum.', 'video_spectacle_110.mp4', '2023-01-06 00:47:34', '5c8014d7-5a9c-463c-8ad6-f15ec060c4de');
INSERT INTO ImgSpectacle (idImg, img, idSpectacle) VALUES (328, 'image_spectacle_110_1.jpg', '60c49f41-16ab-4240-9ac6-6b525a554105');
INSERT INTO ImgSpectacle (idImg, img, idSpectacle) VALUES (329, 'image_spectacle_110_2.jpg', '60c49f41-16ab-4240-9ac6-6b525a554105');
INSERT INTO Artiste (idArtiste, nom, idSpectacle) VALUES ('9b44435f-00d4-41a0-a9c5-a7bd6dfa281a', 'Reid Halvorson', '60c49f41-16ab-4240-9ac6-6b525a554105');
INSERT INTO Artiste (idArtiste, nom, idSpectacle) VALUES ('6506dfe9-1717-4abb-923d-5f7496a77d9d', 'Mrs. Jazmyn Ruecker', '60c49f41-16ab-4240-9ac6-6b525a554105');
INSERT INTO Artiste (idArtiste, nom, idSpectacle) VALUES ('d366e7e2-9480-46ff-a598-fb406f2fd3a7', 'Bernadine Roob', '60c49f41-16ab-4240-9ac6-6b525a554105');
INSERT INTO Spectacle (idSpectacle, titre, description, urlVideo, horairePrevionnel, idSoiree) VALUES ('02cd2e2f-dc7d-457c-a745-a93379a207f6', 'Spectacle 111', 'Dolor in distinctio eum optio ea quo quisquam.', 'video_spectacle_111.mp4', '2023-03-06 16:49:22', '606fa337-4078-4e60-9900-29936404de45');
INSERT INTO ImgSpectacle (idImg, img, idSpectacle) VALUES (331, 'image_spectacle_111_1.jpg', '02cd2e2f-dc7d-457c-a745-a93379a207f6');
INSERT INTO ImgSpectacle (idImg, img, idSpectacle) VALUES (332, 'image_spectacle_111_2.jpg', '02cd2e2f-dc7d-457c-a745-a93379a207f6');
INSERT INTO ImgSpectacle (idImg, img, idSpectacle) VALUES (333, 'image_spectacle_111_3.jpg', '02cd2e2f-dc7d-457c-a745-a93379a207f6');
INSERT INTO Artiste (idArtiste, nom, idSpectacle) VALUES ('c0dc13e6-15fb-4d8d-ac7e-70ae4b21e415', 'Miss Isobel Donnelly', '02cd2e2f-dc7d-457c-a745-a93379a207f6');
INSERT INTO Spectacle (idSpectacle, titre, description, urlVideo, horairePrevionnel, idSoiree) VALUES ('494c5702-2938-4d77-9eac-89e1eccdfce9', 'Spectacle 112', 'Architecto et numquam omnis recusandae blanditiis.', 'video_spectacle_112.mp4', '2023-09-10 14:50:43', 'b2427fc5-5d51-4673-a240-a6ece2773560');
INSERT INTO ImgSpectacle (idImg, img, idSpectacle) VALUES (334, 'image_spectacle_112_1.jpg', '494c5702-2938-4d77-9eac-89e1eccdfce9');
INSERT INTO ImgSpectacle (idImg, img, idSpectacle) VALUES (335, 'image_spectacle_112_2.jpg', '494c5702-2938-4d77-9eac-89e1eccdfce9');
INSERT INTO Artiste (idArtiste, nom, idSpectacle) VALUES ('08e9183e-3dae-4dc1-b8f0-498c7f628518', 'Ms. Carlie Hagenes', '494c5702-2938-4d77-9eac-89e1eccdfce9');
INSERT INTO Artiste (idArtiste, nom, idSpectacle) VALUES ('cd75914a-c591-4ef4-a34e-150a2795848b', 'Prof. Fermin Lebsack', '494c5702-2938-4d77-9eac-89e1eccdfce9');
INSERT INTO Artiste (idArtiste, nom, idSpectacle) VALUES ('4a838850-f71d-4dc2-aa2d-29a023763a04', 'Ms. Katelynn Thompson III', '494c5702-2938-4d77-9eac-89e1eccdfce9');
INSERT INTO Spectacle (idSpectacle, titre, description, urlVideo, horairePrevionnel, idSoiree) VALUES ('fbd2654f-eecc-43ff-9ee4-9ea0eb06f8e1', 'Spectacle 113', 'Possimus qui enim possimus autem aut dolorum natus.', 'video_spectacle_113.mp4', '2023-01-16 16:54:58', 'a54312fe-68da-4095-8eef-dd514adcc0ac');
INSERT INTO ImgSpectacle (idImg, img, idSpectacle) VALUES (337, 'image_spectacle_113_1.jpg', 'fbd2654f-eecc-43ff-9ee4-9ea0eb06f8e1');
INSERT INTO ImgSpectacle (idImg, img, idSpectacle) VALUES (338, 'image_spectacle_113_2.jpg', 'fbd2654f-eecc-43ff-9ee4-9ea0eb06f8e1');
INSERT INTO ImgSpectacle (idImg, img, idSpectacle) VALUES (339, 'image_spectacle_113_3.jpg', 'fbd2654f-eecc-43ff-9ee4-9ea0eb06f8e1');
INSERT INTO Artiste (idArtiste, nom, idSpectacle) VALUES ('1a76d6c0-71d4-4329-8aee-f4f867635a6c', 'Gerald Hartmann III', 'fbd2654f-eecc-43ff-9ee4-9ea0eb06f8e1');
INSERT INTO Artiste (idArtiste, nom, idSpectacle) VALUES ('ed42b23f-1ca7-4d09-9f0d-d5179c1a81a5', 'Mr. Lenny Schmitt MD', 'fbd2654f-eecc-43ff-9ee4-9ea0eb06f8e1');
INSERT INTO Artiste (idArtiste, nom, idSpectacle) VALUES ('e34d17d4-006a-4058-af7c-84fd03a5a391', 'Cody Weimann', 'fbd2654f-eecc-43ff-9ee4-9ea0eb06f8e1');
INSERT INTO Spectacle (idSpectacle, titre, description, urlVideo, horairePrevionnel, idSoiree) VALUES ('e8984494-7c39-44c6-8c8f-46b88984d7f4', 'Spectacle 114', 'Eveniet sequi est non.', 'video_spectacle_114.mp4', '2023-01-30 08:56:27', 'f660c8b2-a47b-448e-a97d-89c212208cda');
INSERT INTO ImgSpectacle (idImg, img, idSpectacle) VALUES (340, 'image_spectacle_114_1.jpg', 'e8984494-7c39-44c6-8c8f-46b88984d7f4');
INSERT INTO ImgSpectacle (idImg, img, idSpectacle) VALUES (341, 'image_spectacle_114_2.jpg', 'e8984494-7c39-44c6-8c8f-46b88984d7f4');
INSERT INTO ImgSpectacle (idImg, img, idSpectacle) VALUES (342, 'image_spectacle_114_3.jpg', 'e8984494-7c39-44c6-8c8f-46b88984d7f4');
INSERT INTO Artiste (idArtiste, nom, idSpectacle) VALUES ('358a0fb2-cca8-4e81-a4b1-3ba526f6a71a', 'Alicia Mraz DVM', 'e8984494-7c39-44c6-8c8f-46b88984d7f4');
INSERT INTO Spectacle (idSpectacle, titre, description, urlVideo, horairePrevionnel, idSoiree) VALUES ('0d5953d6-564a-4bda-b6b7-33c81dc07c35', 'Spectacle 115', 'Voluptatem voluptate aut sit sed necessitatibus reiciendis accusantium nihil.', 'video_spectacle_115.mp4', '2023-03-22 21:26:59', '63c496fc-9bcc-4fe7-b8ed-75ebd8ba210d');
INSERT INTO ImgSpectacle (idImg, img, idSpectacle) VALUES (343, 'image_spectacle_115_1.jpg', '0d5953d6-564a-4bda-b6b7-33c81dc07c35');
INSERT INTO ImgSpectacle (idImg, img, idSpectacle) VALUES (344, 'image_spectacle_115_2.jpg', '0d5953d6-564a-4bda-b6b7-33c81dc07c35');
INSERT INTO Artiste (idArtiste, nom, idSpectacle) VALUES ('9f39c4d1-0ab6-418a-91ed-6997c77034c3', 'Lela Kub', '0d5953d6-564a-4bda-b6b7-33c81dc07c35');
INSERT INTO Artiste (idArtiste, nom, idSpectacle) VALUES ('6fe980e7-2f8c-4b40-994b-9bdea8e1b81a', 'Chasity Kassulke', '0d5953d6-564a-4bda-b6b7-33c81dc07c35');
INSERT INTO Artiste (idArtiste, nom, idSpectacle) VALUES ('818c8bc8-bb5a-40f4-a5b4-ce12dc267006', 'Mrs. Sandy Yundt', '0d5953d6-564a-4bda-b6b7-33c81dc07c35');
INSERT INTO Spectacle (idSpectacle, titre, description, urlVideo, horairePrevionnel, idSoiree) VALUES ('7e262057-2282-411f-9bed-83e875bfee3b', 'Spectacle 116', 'Ipsum minus tempora laboriosam natus ut voluptatem.', 'video_spectacle_116.mp4', '2023-09-15 22:15:45', '4af05946-3c76-4853-b9dd-583742f7dab6');
INSERT INTO ImgSpectacle (idImg, img, idSpectacle) VALUES (346, 'image_spectacle_116_1.jpg', '7e262057-2282-411f-9bed-83e875bfee3b');
INSERT INTO Artiste (idArtiste, nom, idSpectacle) VALUES ('e6b5dfb5-aed7-44fe-b8a1-14e9cd7d618a', 'Julian Lubowitz', '7e262057-2282-411f-9bed-83e875bfee3b');
INSERT INTO Artiste (idArtiste, nom, idSpectacle) VALUES ('85f11193-7ce1-47f9-b5f2-81e2f04dcf6c', 'Candice McDermott', '7e262057-2282-411f-9bed-83e875bfee3b');
INSERT INTO Artiste (idArtiste, nom, idSpectacle) VALUES ('8146f531-17e4-4941-9824-31814a3fdfb1', 'Reid Rolfson', '7e262057-2282-411f-9bed-83e875bfee3b');
INSERT INTO Spectacle (idSpectacle, titre, description, urlVideo, horairePrevionnel, idSoiree) VALUES ('54dc1e8f-d56e-4d88-a417-4a036a8cce01', 'Spectacle 117', 'Eum consectetur ut suscipit saepe adipisci eius earum.', 'video_spectacle_117.mp4', '2023-05-16 03:15:13', 'b79cdda5-7518-44ef-9ec7-8ef0bbbcd049');
INSERT INTO ImgSpectacle (idImg, img, idSpectacle) VALUES (349, 'image_spectacle_117_1.jpg', '54dc1e8f-d56e-4d88-a417-4a036a8cce01');
INSERT INTO ImgSpectacle (idImg, img, idSpectacle) VALUES (350, 'image_spectacle_117_2.jpg', '54dc1e8f-d56e-4d88-a417-4a036a8cce01');
INSERT INTO ImgSpectacle (idImg, img, idSpectacle) VALUES (351, 'image_spectacle_117_3.jpg', '54dc1e8f-d56e-4d88-a417-4a036a8cce01');
INSERT INTO Artiste (idArtiste, nom, idSpectacle) VALUES ('93511eb9-29fa-46dc-93de-5763b3a7f4c8', 'Annabel Wilkinson II', '54dc1e8f-d56e-4d88-a417-4a036a8cce01');
INSERT INTO Artiste (idArtiste, nom, idSpectacle) VALUES ('789efdb9-524f-4765-9164-742036a691a6', 'Ms. Sister Maggio DVM', '54dc1e8f-d56e-4d88-a417-4a036a8cce01');
INSERT INTO Spectacle (idSpectacle, titre, description, urlVideo, horairePrevionnel, idSoiree) VALUES ('3e0cdcf6-a79a-4db6-9609-2221b82c8855', 'Spectacle 118', 'Nulla soluta ratione labore iste rerum ut doloribus.', 'video_spectacle_118.mp4', '2023-05-15 17:37:45', '2ce2a2e7-0cb1-4d7b-a888-a308a2f18406');
INSERT INTO ImgSpectacle (idImg, img, idSpectacle) VALUES (352, 'image_spectacle_118_1.jpg', '3e0cdcf6-a79a-4db6-9609-2221b82c8855');
INSERT INTO Artiste (idArtiste, nom, idSpectacle) VALUES ('25b56213-6f22-45e4-acb3-612ea816a253', 'Roderick Rath', '3e0cdcf6-a79a-4db6-9609-2221b82c8855');
INSERT INTO Artiste (idArtiste, nom, idSpectacle) VALUES ('47aea9a9-85b2-4eef-870c-e43a3529c6e4', 'Dr. Karolann Ledner', '3e0cdcf6-a79a-4db6-9609-2221b82c8855');
INSERT INTO Artiste (idArtiste, nom, idSpectacle) VALUES ('feeee32f-a868-43b5-adad-9c1c5ffe3224', 'Akeem Russel', '3e0cdcf6-a79a-4db6-9609-2221b82c8855');
INSERT INTO Spectacle (idSpectacle, titre, description, urlVideo, horairePrevionnel, idSoiree) VALUES ('a8a17322-13a1-4772-ad5d-b496462869d9', 'Spectacle 119', 'Eius pariatur aliquam nam autem fugiat facilis repudiandae.', 'video_spectacle_119.mp4', '2023-04-09 15:22:28', '7dc75937-289b-4839-b5ea-0ac566898928');
INSERT INTO ImgSpectacle (idImg, img, idSpectacle) VALUES (355, 'image_spectacle_119_1.jpg', 'a8a17322-13a1-4772-ad5d-b496462869d9');
INSERT INTO Artiste (idArtiste, nom, idSpectacle) VALUES ('76072b65-0ca9-4463-81d6-1a48326baaad', 'Miss Freeda Kirlin Jr.', 'a8a17322-13a1-4772-ad5d-b496462869d9');
INSERT INTO Artiste (idArtiste, nom, idSpectacle) VALUES ('18643180-3fdc-4d36-9a65-8575896d699b', 'Ms. Marisol Davis V', 'a8a17322-13a1-4772-ad5d-b496462869d9');
INSERT INTO Artiste (idArtiste, nom, idSpectacle) VALUES ('6e086bee-cdb0-4102-8133-ed493ab2c994', 'Marcelino Bayer', 'a8a17322-13a1-4772-ad5d-b496462869d9');
INSERT INTO Spectacle (idSpectacle, titre, description, urlVideo, horairePrevionnel, idSoiree) VALUES ('70b41d29-96c3-4343-9461-508422249eb0', 'Spectacle 120', 'Nihil rerum rerum consequatur odit velit qui eius.', 'video_spectacle_120.mp4', '2023-09-26 04:39:38', '5c8014d7-5a9c-463c-8ad6-f15ec060c4de');
INSERT INTO ImgSpectacle (idImg, img, idSpectacle) VALUES (358, 'image_spectacle_120_1.jpg', '70b41d29-96c3-4343-9461-508422249eb0');
INSERT INTO ImgSpectacle (idImg, img, idSpectacle) VALUES (359, 'image_spectacle_120_2.jpg', '70b41d29-96c3-4343-9461-508422249eb0');
INSERT INTO Artiste (idArtiste, nom, idSpectacle) VALUES ('e7ef0739-b233-49df-91c6-295a9973d6a2', 'Hailie Becker', '70b41d29-96c3-4343-9461-508422249eb0');
INSERT INTO Spectacle (idSpectacle, titre, description, urlVideo, horairePrevionnel, idSoiree) VALUES ('152b8605-41a3-4be8-aca2-0cc0d912741b', 'Spectacle 121', 'Ea ipsam est sequi earum minima pariatur.', 'video_spectacle_121.mp4', '2023-08-24 17:53:16', 'b8a178dc-f559-407c-98e4-322a049c5c7c');
INSERT INTO ImgSpectacle (idImg, img, idSpectacle) VALUES (361, 'image_spectacle_121_1.jpg', '152b8605-41a3-4be8-aca2-0cc0d912741b');
INSERT INTO Artiste (idArtiste, nom, idSpectacle) VALUES ('a882d4fc-01ac-4858-99ed-b463a7ded7f5', 'Dorothy Legros', '152b8605-41a3-4be8-aca2-0cc0d912741b');
INSERT INTO Artiste (idArtiste, nom, idSpectacle) VALUES ('a3855c09-b5c2-462f-aa87-a6f1c46e7a8e', 'Olga Lang V', '152b8605-41a3-4be8-aca2-0cc0d912741b');
INSERT INTO Artiste (idArtiste, nom, idSpectacle) VALUES ('cc165235-39ef-47f8-bc30-a6cad69f42ff', 'Dr. Hilario Streich PhD', '152b8605-41a3-4be8-aca2-0cc0d912741b');
INSERT INTO Spectacle (idSpectacle, titre, description, urlVideo, horairePrevionnel, idSoiree) VALUES ('a07e3d5c-e85a-4291-814f-f11c33d60c2c', 'Spectacle 122', 'Fugiat voluptatibus ipsa aut iure magni quia ducimus.', 'video_spectacle_122.mp4', '2023-08-04 15:31:55', 'fa538237-fb15-4882-991b-a03d4fa22454');
INSERT INTO ImgSpectacle (idImg, img, idSpectacle) VALUES (364, 'image_spectacle_122_1.jpg', 'a07e3d5c-e85a-4291-814f-f11c33d60c2c');
INSERT INTO ImgSpectacle (idImg, img, idSpectacle) VALUES (365, 'image_spectacle_122_2.jpg', 'a07e3d5c-e85a-4291-814f-f11c33d60c2c');
INSERT INTO ImgSpectacle (idImg, img, idSpectacle) VALUES (366, 'image_spectacle_122_3.jpg', 'a07e3d5c-e85a-4291-814f-f11c33d60c2c');
INSERT INTO Artiste (idArtiste, nom, idSpectacle) VALUES ('f7937d28-a2c9-424d-8f71-2a81cd83929e', 'Mrs. Callie Cronin', 'a07e3d5c-e85a-4291-814f-f11c33d60c2c');
INSERT INTO Artiste (idArtiste, nom, idSpectacle) VALUES ('a7266a9b-6f68-4027-9832-d9a8a716651a', 'Rowena Hoeger', 'a07e3d5c-e85a-4291-814f-f11c33d60c2c');
INSERT INTO Spectacle (idSpectacle, titre, description, urlVideo, horairePrevionnel, idSoiree) VALUES ('2dfcbeea-9cec-433e-849e-b8fc083337c0', 'Spectacle 123', 'Id ea ea omnis incidunt qui at ut.', 'video_spectacle_123.mp4', '2023-06-23 15:57:40', '0bf3b5d4-8f26-45d0-a8ef-aca55dc66116');
INSERT INTO ImgSpectacle (idImg, img, idSpectacle) VALUES (367, 'image_spectacle_123_1.jpg', '2dfcbeea-9cec-433e-849e-b8fc083337c0');
INSERT INTO Artiste (idArtiste, nom, idSpectacle) VALUES ('fdb6b0b2-ade2-48a2-8168-1de0093ea7af', 'Rickie Schmidt', '2dfcbeea-9cec-433e-849e-b8fc083337c0');
INSERT INTO Artiste (idArtiste, nom, idSpectacle) VALUES ('3408b369-0a04-4671-8c41-2deafdc1009b', 'Ms. Palma Feeney', '2dfcbeea-9cec-433e-849e-b8fc083337c0');
INSERT INTO Artiste (idArtiste, nom, idSpectacle) VALUES ('a3202b66-5d1f-4909-aad2-1b906248f1e7', 'Jodie Hane', '2dfcbeea-9cec-433e-849e-b8fc083337c0');
INSERT INTO Spectacle (idSpectacle, titre, description, urlVideo, horairePrevionnel, idSoiree) VALUES ('227b3991-5146-4009-a736-4bce909e040e', 'Spectacle 124', 'Enim magni eius mollitia quia qui.', 'video_spectacle_124.mp4', '2023-01-20 21:43:30', 'a54312fe-68da-4095-8eef-dd514adcc0ac');
INSERT INTO ImgSpectacle (idImg, img, idSpectacle) VALUES (370, 'image_spectacle_124_1.jpg', '227b3991-5146-4009-a736-4bce909e040e');
INSERT INTO ImgSpectacle (idImg, img, idSpectacle) VALUES (371, 'image_spectacle_124_2.jpg', '227b3991-5146-4009-a736-4bce909e040e');
INSERT INTO Artiste (idArtiste, nom, idSpectacle) VALUES ('148e0006-3998-4daf-b359-1d24a5dab405', 'Janae Bartoletti', '227b3991-5146-4009-a736-4bce909e040e');
INSERT INTO Spectacle (idSpectacle, titre, description, urlVideo, horairePrevionnel, idSoiree) VALUES ('7c1708cc-f3dd-4132-bc73-aef6ae566b47', 'Spectacle 125', 'Quaerat ut commodi doloribus voluptatem.', 'video_spectacle_125.mp4', '2023-06-08 08:34:32', '10ad955f-b673-41ac-83c9-1aa03af52c7f');
INSERT INTO ImgSpectacle (idImg, img, idSpectacle) VALUES (373, 'image_spectacle_125_1.jpg', '7c1708cc-f3dd-4132-bc73-aef6ae566b47');
INSERT INTO ImgSpectacle (idImg, img, idSpectacle) VALUES (374, 'image_spectacle_125_2.jpg', '7c1708cc-f3dd-4132-bc73-aef6ae566b47');
INSERT INTO ImgSpectacle (idImg, img, idSpectacle) VALUES (375, 'image_spectacle_125_3.jpg', '7c1708cc-f3dd-4132-bc73-aef6ae566b47');
INSERT INTO Artiste (idArtiste, nom, idSpectacle) VALUES ('a220f544-d6fc-4c00-ba33-32006e5f3733', 'Lincoln Reynolds', '7c1708cc-f3dd-4132-bc73-aef6ae566b47');
INSERT INTO Artiste (idArtiste, nom, idSpectacle) VALUES ('740bb2b8-287a-4e5d-a9c2-4b9d5ff107f1', 'Velda Heidenreich', '7c1708cc-f3dd-4132-bc73-aef6ae566b47');
INSERT INTO Spectacle (idSpectacle, titre, description, urlVideo, horairePrevionnel, idSoiree) VALUES ('8105877e-df52-4730-8a48-4790ae6ac293', 'Spectacle 126', 'Corrupti numquam ea inventore dolore molestiae alias voluptatem voluptatem.', 'video_spectacle_126.mp4', '2023-07-10 11:58:23', '40cec9e7-bb82-40ac-ac60-ade576a8a600');
INSERT INTO ImgSpectacle (idImg, img, idSpectacle) VALUES (376, 'image_spectacle_126_1.jpg', '8105877e-df52-4730-8a48-4790ae6ac293');
INSERT INTO ImgSpectacle (idImg, img, idSpectacle) VALUES (377, 'image_spectacle_126_2.jpg', '8105877e-df52-4730-8a48-4790ae6ac293');
INSERT INTO Artiste (idArtiste, nom, idSpectacle) VALUES ('d8aae934-3584-47db-b782-dc872a8c5274', 'Miss Stephany Mosciski', '8105877e-df52-4730-8a48-4790ae6ac293');
INSERT INTO Artiste (idArtiste, nom, idSpectacle) VALUES ('54eb88e8-2642-4fd7-a7b4-023be8202469', 'Junior Stracke', '8105877e-df52-4730-8a48-4790ae6ac293');