INSERT INTO Lieu (idLieu, nom, adresse, nbPlacesAssises, nbPlacesDebout, idImg) VALUES ('a5f3ba1d-965e-4ddc-a5de-fcdb2f013cad', 'Bergstrom-Mayer', '304 Annamae Stravenue Apt. 826
Abelberg, PA 36473-6355', 469, 384, 'a5f3ba1d-965e-4ddc-a5de-fcdb2f013cad');
INSERT INTO ImgLieu (idImg, img, idLieu) VALUES (1, 'image_lieu_1_1.jpg', 'a5f3ba1d-965e-4ddc-a5de-fcdb2f013cad');
INSERT INTO ImgLieu (idImg, img, idLieu) VALUES (2, 'image_lieu_1_2.jpg', 'a5f3ba1d-965e-4ddc-a5de-fcdb2f013cad');
INSERT INTO ImgLieu (idImg, img, idLieu) VALUES (3, 'image_lieu_1_3.jpg', 'a5f3ba1d-965e-4ddc-a5de-fcdb2f013cad');
INSERT INTO Lieu (idLieu, nom, adresse, nbPlacesAssises, nbPlacesDebout, idImg) VALUES ('ee257348-78ce-4093-8ddb-37f52704a469', 'Runte-Tillman', '75741 Murphy Valleys
South Hermann, CT 30125', 111, 227, 'ee257348-78ce-4093-8ddb-37f52704a469');
INSERT INTO ImgLieu (idImg, img, idLieu) VALUES (4, 'image_lieu_2_1.jpg', 'ee257348-78ce-4093-8ddb-37f52704a469');
INSERT INTO ImgLieu (idImg, img, idLieu) VALUES (5, 'image_lieu_2_2.jpg', 'ee257348-78ce-4093-8ddb-37f52704a469');
INSERT INTO ImgLieu (idImg, img, idLieu) VALUES (6, 'image_lieu_2_3.jpg', 'ee257348-78ce-4093-8ddb-37f52704a469');
INSERT INTO Lieu (idLieu, nom, adresse, nbPlacesAssises, nbPlacesDebout, idImg) VALUES ('3eb6f9f0-ffe0-4764-9913-6be7340528a3', 'Bogisich, Bahringer and Weimann', '44001 Wunsch Inlet Apt. 112
Boganville, IL 22625', 262, 240, '3eb6f9f0-ffe0-4764-9913-6be7340528a3');
INSERT INTO ImgLieu (idImg, img, idLieu) VALUES (7, 'image_lieu_3_1.jpg', '3eb6f9f0-ffe0-4764-9913-6be7340528a3');
INSERT INTO ImgLieu (idImg, img, idLieu) VALUES (8, 'image_lieu_3_2.jpg', '3eb6f9f0-ffe0-4764-9913-6be7340528a3');
INSERT INTO ImgLieu (idImg, img, idLieu) VALUES (9, 'image_lieu_3_3.jpg', '3eb6f9f0-ffe0-4764-9913-6be7340528a3');
INSERT INTO Lieu (idLieu, nom, adresse, nbPlacesAssises, nbPlacesDebout, idImg) VALUES ('7443231d-737d-41ad-a981-f60451fb8926', 'McLaughlin, Boyer and Kohler', '23756 Laisha Falls Suite 365
Reingerfurt, LA 36754-5086', 364, 397, '7443231d-737d-41ad-a981-f60451fb8926');
INSERT INTO ImgLieu (idImg, img, idLieu) VALUES (10, 'image_lieu_4_1.jpg', '7443231d-737d-41ad-a981-f60451fb8926');
INSERT INTO ImgLieu (idImg, img, idLieu) VALUES (11, 'image_lieu_4_2.jpg', '7443231d-737d-41ad-a981-f60451fb8926');
INSERT INTO ImgLieu (idImg, img, idLieu) VALUES (12, 'image_lieu_4_3.jpg', '7443231d-737d-41ad-a981-f60451fb8926');
INSERT INTO Lieu (idLieu, nom, adresse, nbPlacesAssises, nbPlacesDebout, idImg) VALUES ('2ca05b52-56c5-40c8-b3a8-4b699be79b26', 'Considine, Dare and Farrell', '365 Schroeder Club
New Marcellaland, IL 14002-8189', 317, 327, '2ca05b52-56c5-40c8-b3a8-4b699be79b26');
INSERT INTO ImgLieu (idImg, img, idLieu) VALUES (13, 'image_lieu_5_1.jpg', '2ca05b52-56c5-40c8-b3a8-4b699be79b26');
INSERT INTO ImgLieu (idImg, img, idLieu) VALUES (14, 'image_lieu_5_2.jpg', '2ca05b52-56c5-40c8-b3a8-4b699be79b26');
INSERT INTO ImgLieu (idImg, img, idLieu) VALUES (15, 'image_lieu_5_3.jpg', '2ca05b52-56c5-40c8-b3a8-4b699be79b26');
INSERT INTO Soiree (idSoiree, nom, theme, date, horaireDebut, tarifNormal, tarifReduit, idLieu) VALUES ('ade24ccb-edb5-4a5b-8c93-38034374fd1d', 'Soirée 1', 'suscipit', '1998-12-24', '07:07:04', 20.93, 46.31, 5);
INSERT INTO Soiree (idSoiree, nom, theme, date, horaireDebut, tarifNormal, tarifReduit, idLieu) VALUES ('ee161c6e-6642-43f6-afa3-55f381c86fea', 'Soirée 2', 'adipisci', '1987-05-11', '09:08:44', 93.07, 11.31, 4);
INSERT INTO Soiree (idSoiree, nom, theme, date, horaireDebut, tarifNormal, tarifReduit, idLieu) VALUES ('872846f4-f18b-4d48-a65e-5d052d6480cc', 'Soirée 3', 'est', '2023-05-26', '10:37:36', 34.18, 24.36, 1);
INSERT INTO Soiree (idSoiree, nom, theme, date, horaireDebut, tarifNormal, tarifReduit, idLieu) VALUES ('5f463266-5bde-4a68-a551-f02aaab42b3f', 'Soirée 4', 'dolorem', '1975-10-13', '08:16:55', 57.12, 34.79, 3);
INSERT INTO Soiree (idSoiree, nom, theme, date, horaireDebut, tarifNormal, tarifReduit, idLieu) VALUES ('0fc96afb-8f14-41cc-beeb-0cc1f167d857', 'Soirée 5', 'perspiciatis', '1988-12-10', '11:52:12', 67.98, 21.31, 3);
INSERT INTO Soiree (idSoiree, nom, theme, date, horaireDebut, tarifNormal, tarifReduit, idLieu) VALUES ('5eee8935-ec16-42af-a816-2b221f88d5bc', 'Soirée 6', 'aut', '2010-01-29', '05:57:29', 55.26, 17.37, 5);
INSERT INTO Soiree (idSoiree, nom, theme, date, horaireDebut, tarifNormal, tarifReduit, idLieu) VALUES ('40f36e6d-d51d-4d3c-bf20-30b6bd3cfe10', 'Soirée 7', 'voluptatem', '2009-12-10', '17:17:25', 74.46, 24.18, 4);
INSERT INTO Soiree (idSoiree, nom, theme, date, horaireDebut, tarifNormal, tarifReduit, idLieu) VALUES ('82bc20ce-fe2b-4090-ac95-df2e0594af5a', 'Soirée 8', 'recusandae', '1983-11-05', '20:03:14', 10.31, 16.85, 4);
INSERT INTO Soiree (idSoiree, nom, theme, date, horaireDebut, tarifNormal, tarifReduit, idLieu) VALUES ('46df68d0-ae6d-44f5-a43b-174f8ceaf8cc', 'Soirée 9', 'explicabo', '1972-06-15', '00:44:12', 99.62, 35.37, 1);
INSERT INTO Soiree (idSoiree, nom, theme, date, horaireDebut, tarifNormal, tarifReduit, idLieu) VALUES ('bbebc347-7551-419c-b894-e6b51db99bac', 'Soirée 10', 'doloribus', '1983-01-31', '23:35:50', 19.89, 20.42, 5);
INSERT INTO Soiree (idSoiree, nom, theme, date, horaireDebut, tarifNormal, tarifReduit, idLieu) VALUES ('56605ef7-a99e-4962-b8d0-6b3784d0ec7f', 'Soirée 11', 'aut', '1971-03-24', '03:31:33', 43.37, 31.34, 1);
INSERT INTO Soiree (idSoiree, nom, theme, date, horaireDebut, tarifNormal, tarifReduit, idLieu) VALUES ('b698adb3-1172-410c-a3fb-ad9604a573b6', 'Soirée 12', 'perspiciatis', '2009-04-21', '17:27:22', 38.24, 43.73, 5);
INSERT INTO Soiree (idSoiree, nom, theme, date, horaireDebut, tarifNormal, tarifReduit, idLieu) VALUES ('25f3aac1-1acf-4f72-be6c-9f6c75e6b0cf', 'Soirée 13', 'officia', '1998-12-21', '20:11:12', 37.86, 48.06, 2);
INSERT INTO Soiree (idSoiree, nom, theme, date, horaireDebut, tarifNormal, tarifReduit, idLieu) VALUES ('697e31da-e8c3-44ea-9c2a-8281dc41b665', 'Soirée 14', 'veritatis', '1979-05-25', '05:15:24', 60.31, 35.62, 2);
INSERT INTO Soiree (idSoiree, nom, theme, date, horaireDebut, tarifNormal, tarifReduit, idLieu) VALUES ('dce49154-40db-48c0-b483-f24220932415', 'Soirée 15', 'tempora', '2020-05-06', '22:08:22', 34.08, 40.77, 3);
INSERT INTO Soiree (idSoiree, nom, theme, date, horaireDebut, tarifNormal, tarifReduit, idLieu) VALUES ('91368bea-3559-4de3-a799-f5bf94e43ca8', 'Soirée 16', 'eum', '2000-06-14', '01:05:15', 50.91, 15.68, 5);
INSERT INTO Soiree (idSoiree, nom, theme, date, horaireDebut, tarifNormal, tarifReduit, idLieu) VALUES ('7d8baf1e-a5fd-484e-a861-3fc849feaee6', 'Soirée 17', 'fuga', '1995-07-15', '09:06:16', 30.63, 44.24, 2);
INSERT INTO Soiree (idSoiree, nom, theme, date, horaireDebut, tarifNormal, tarifReduit, idLieu) VALUES ('b63f9784-31b4-4624-b960-7d2d1d7cce73', 'Soirée 18', 'voluptatibus', '2012-02-10', '00:33:41', 63.16, 37.16, 1);
INSERT INTO Soiree (idSoiree, nom, theme, date, horaireDebut, tarifNormal, tarifReduit, idLieu) VALUES ('c6ad380e-b2f7-422d-82d9-fdaaee496ef6', 'Soirée 19', 'nihil', '1970-11-29', '23:09:51', 56.54, 12.42, 3);
INSERT INTO Soiree (idSoiree, nom, theme, date, horaireDebut, tarifNormal, tarifReduit, idLieu) VALUES ('a53184d8-b5bc-4724-b382-268e8adc1bd8', 'Soirée 20', 'velit', '1975-07-15', '10:39:26', 67.21, 28.17, 5);
INSERT INTO Soiree (idSoiree, nom, theme, date, horaireDebut, tarifNormal, tarifReduit, idLieu) VALUES ('b35ae647-613d-4a82-af0a-b63517ac001e', 'Soirée 21', 'omnis', '1988-12-30', '23:13:31', 63.53, 24.87, 2);
INSERT INTO Soiree (idSoiree, nom, theme, date, horaireDebut, tarifNormal, tarifReduit, idLieu) VALUES ('6f1f61c0-10e3-48e8-a758-b55acb652e54', 'Soirée 22', 'non', '2019-10-03', '18:01:30', 77.9, 40.6, 3);
INSERT INTO Soiree (idSoiree, nom, theme, date, horaireDebut, tarifNormal, tarifReduit, idLieu) VALUES ('20f44286-59e2-4c53-ab34-d4c1b048fa65', 'Soirée 23', 'maxime', '2017-07-27', '23:00:21', 71.15, 30.51, 5);
INSERT INTO Soiree (idSoiree, nom, theme, date, horaireDebut, tarifNormal, tarifReduit, idLieu) VALUES ('36e860ab-15b9-4d19-8c97-f42e2541246c', 'Soirée 24', 'omnis', '2005-09-30', '08:22:48', 91.02, 6.97, 3);
INSERT INTO Soiree (idSoiree, nom, theme, date, horaireDebut, tarifNormal, tarifReduit, idLieu) VALUES ('9f3c0b74-a057-4bbe-aa21-fef2f048c13c', 'Soirée 25', 'ipsa', '2023-10-10', '22:56:30', 21.16, 17.32, 5);
INSERT INTO Soiree (idSoiree, nom, theme, date, horaireDebut, tarifNormal, tarifReduit, idLieu) VALUES ('570bf0a0-e610-4d9f-bdc2-e65952bd60e1', 'Soirée 26', 'eos', '1991-01-07', '22:26:14', 13.13, 43.36, 5);
INSERT INTO Soiree (idSoiree, nom, theme, date, horaireDebut, tarifNormal, tarifReduit, idLieu) VALUES ('a31225f5-1324-4dfc-b18e-97326a910c36', 'Soirée 27', 'incidunt', '2011-10-07', '19:10:59', 78.76, 6.77, 4);
INSERT INTO Soiree (idSoiree, nom, theme, date, horaireDebut, tarifNormal, tarifReduit, idLieu) VALUES ('9d33f2db-2ce3-4134-998a-f30a1daf6226', 'Soirée 28', 'repudiandae', '1998-03-21', '22:41:20', 92.26, 22.16, 4);
INSERT INTO Soiree (idSoiree, nom, theme, date, horaireDebut, tarifNormal, tarifReduit, idLieu) VALUES ('8155c790-90a2-4d05-986d-e901f80b33a6', 'Soirée 29', 'nihil', '2008-03-03', '17:56:17', 56.74, 41.42, 2);
INSERT INTO Soiree (idSoiree, nom, theme, date, horaireDebut, tarifNormal, tarifReduit, idLieu) VALUES ('e2be4496-da01-4ded-b716-20dc37503607', 'Soirée 30', 'dolores', '2007-05-29', '06:53:44', 53.43, 33.54, 4);
INSERT INTO Soiree (idSoiree, nom, theme, date, horaireDebut, tarifNormal, tarifReduit, idLieu) VALUES ('af3f7ad9-eaf4-43dc-aac0-863fec3b5b62', 'Soirée 31', 'eos', '1979-05-18', '11:16:22', 48.32, 29.07, 2);
INSERT INTO Soiree (idSoiree, nom, theme, date, horaireDebut, tarifNormal, tarifReduit, idLieu) VALUES ('67336184-96c0-4ceb-a591-247f86966614', 'Soirée 32', 'nulla', '2014-08-07', '17:27:19', 45.46, 38.61, 4);
INSERT INTO Soiree (idSoiree, nom, theme, date, horaireDebut, tarifNormal, tarifReduit, idLieu) VALUES ('c890eb79-cec9-42b2-a8bf-579aadf03374', 'Soirée 33', 'suscipit', '1984-10-08', '09:12:37', 13.15, 28.08, 4);
INSERT INTO Soiree (idSoiree, nom, theme, date, horaireDebut, tarifNormal, tarifReduit, idLieu) VALUES ('f49f0305-5ae6-44d5-bd38-c022beb46f9a', 'Soirée 34', 'rerum', '2014-07-26', '17:18:18', 25.85, 39.32, 4);
INSERT INTO Soiree (idSoiree, nom, theme, date, horaireDebut, tarifNormal, tarifReduit, idLieu) VALUES ('85eba97f-2c50-4861-8f42-6ca008243c13', 'Soirée 35', 'nihil', '1970-04-03', '06:12:14', 97.66, 26.91, 2);
INSERT INTO Soiree (idSoiree, nom, theme, date, horaireDebut, tarifNormal, tarifReduit, idLieu) VALUES ('39573ec0-2234-425b-aa30-f337245615cb', 'Soirée 36', 'veritatis', '1974-03-16', '12:01:00', 34.5, 9.99, 1);
INSERT INTO Soiree (idSoiree, nom, theme, date, horaireDebut, tarifNormal, tarifReduit, idLieu) VALUES ('92b60e88-48f3-4dd5-82e6-1a0abfe5d4e5', 'Soirée 37', 'ut', '2000-10-04', '10:15:41', 43.03, 34.2, 2);
INSERT INTO Soiree (idSoiree, nom, theme, date, horaireDebut, tarifNormal, tarifReduit, idLieu) VALUES ('cb132e02-78c0-4ebd-b34b-f2a38e67c325', 'Soirée 38', 'possimus', '1992-10-25', '07:50:30', 92.79, 35.33, 1);
INSERT INTO Soiree (idSoiree, nom, theme, date, horaireDebut, tarifNormal, tarifReduit, idLieu) VALUES ('64c6f8f6-8e6f-42e4-b2b8-cbdb790a1d01', 'Soirée 39', 'ut', '2023-02-09', '19:26:49', 52.49, 41.95, 3);
INSERT INTO Soiree (idSoiree, nom, theme, date, horaireDebut, tarifNormal, tarifReduit, idLieu) VALUES ('bdc70606-affe-4072-80de-4b886b5f3719', 'Soirée 40', 'eum', '2005-08-12', '05:27:05', 80.36, 16.64, 2);
INSERT INTO Soiree (idSoiree, nom, theme, date, horaireDebut, tarifNormal, tarifReduit, idLieu) VALUES ('fc717efb-9534-4500-9518-1a6dcfccc74e', 'Soirée 41', 'ut', '1979-09-06', '00:10:19', 63.03, 20.86, 2);
INSERT INTO Soiree (idSoiree, nom, theme, date, horaireDebut, tarifNormal, tarifReduit, idLieu) VALUES ('07b3d56e-ee41-4a24-b6d6-305a20bb1025', 'Soirée 42', 'natus', '2018-12-28', '17:15:19', 73.99, 47.22, 1);
INSERT INTO Spectacle (idSpectacle, titre, description, urlVideo, horairePrevionnel, idSoiree, idImg) VALUES ('63cd47c5-28c2-4d4a-aae4-c9275bf5644b', 'Spectacle 1', 'Provident ad numquam dolorem dolor blanditiis.', 'video_spectacle_1.mp4', '2023-04-03 10:48:37', '07b3d56e-ee41-4a24-b6d6-305a20bb1025', 33);
INSERT INTO Artiste (idArtiste, nom, idSpectacle) VALUES ('220ea79c-b563-4d05-a723-7465bd3ea181', 'Miss Letitia Marvin III', '63cd47c5-28c2-4d4a-aae4-c9275bf5644b');
INSERT INTO Artiste (idArtiste, nom, idSpectacle) VALUES ('956e2c45-3e67-4e04-9de6-5d6db2b09add', 'Forrest McDermott', '63cd47c5-28c2-4d4a-aae4-c9275bf5644b');
INSERT INTO Artiste (idArtiste, nom, idSpectacle) VALUES ('82c8d941-647d-4022-86ff-43b99bc219ba', 'Enrico Schaden', '63cd47c5-28c2-4d4a-aae4-c9275bf5644b');
INSERT INTO ImgSpectacle (idImg, img, idSpectacle) VALUES (1, 'image_spectacle_1_1.jpg', '63cd47c5-28c2-4d4a-aae4-c9275bf5644b');
INSERT INTO Spectacle (idSpectacle, titre, description, urlVideo, horairePrevionnel, idSoiree, idImg) VALUES ('a29fc891-3275-4236-99cf-25dc9a14531f', 'Spectacle 2', 'Officia deserunt animi id consequuntur in et ea.', 'video_spectacle_2.mp4', '2023-01-05 01:39:49', '07b3d56e-ee41-4a24-b6d6-305a20bb1025', 54);
INSERT INTO Artiste (idArtiste, nom, idSpectacle) VALUES ('b7cb4a24-d4aa-411d-9ae9-b387c2dcdd67', 'Tessie Kassulke', 'a29fc891-3275-4236-99cf-25dc9a14531f');
INSERT INTO Artiste (idArtiste, nom, idSpectacle) VALUES ('ba66f333-1491-40e7-a769-fa3715db939d', 'Stanford Kessler', 'a29fc891-3275-4236-99cf-25dc9a14531f');
INSERT INTO ImgSpectacle (idImg, img, idSpectacle) VALUES (4, 'image_spectacle_2_1.jpg', 'a29fc891-3275-4236-99cf-25dc9a14531f');
INSERT INTO ImgSpectacle (idImg, img, idSpectacle) VALUES (5, 'image_spectacle_2_2.jpg', 'a29fc891-3275-4236-99cf-25dc9a14531f');
INSERT INTO ImgSpectacle (idImg, img, idSpectacle) VALUES (6, 'image_spectacle_2_3.jpg', 'a29fc891-3275-4236-99cf-25dc9a14531f');
INSERT INTO Spectacle (idSpectacle, titre, description, urlVideo, horairePrevionnel, idSoiree, idImg) VALUES ('8aac9f98-3754-4aba-940c-393f79fd83a6', 'Spectacle 3', 'Vel eaque ducimus reiciendis et et et ea.', 'video_spectacle_3.mp4', '2023-10-07 14:55:50', '07b3d56e-ee41-4a24-b6d6-305a20bb1025', 66);
INSERT INTO Artiste (idArtiste, nom, idSpectacle) VALUES ('0ac270c0-0b55-4ae7-913d-d21fe8cf4752', 'Colten Buckridge', '8aac9f98-3754-4aba-940c-393f79fd83a6');
INSERT INTO Artiste (idArtiste, nom, idSpectacle) VALUES ('65ffc290-b21a-4d4e-a2c7-c5883f8450b1', 'Milton Toy', '8aac9f98-3754-4aba-940c-393f79fd83a6');
INSERT INTO Artiste (idArtiste, nom, idSpectacle) VALUES ('08f19088-d67f-49dd-8b32-62a5d2ebf672', 'Judd Kirlin DDS', '8aac9f98-3754-4aba-940c-393f79fd83a6');
INSERT INTO ImgSpectacle (idImg, img, idSpectacle) VALUES (7, 'image_spectacle_3_1.jpg', '8aac9f98-3754-4aba-940c-393f79fd83a6');
INSERT INTO ImgSpectacle (idImg, img, idSpectacle) VALUES (8, 'image_spectacle_3_2.jpg', '8aac9f98-3754-4aba-940c-393f79fd83a6');
INSERT INTO Spectacle (idSpectacle, titre, description, urlVideo, horairePrevionnel, idSoiree, idImg) VALUES ('63a3123e-fc83-454e-9861-2becb305498c', 'Spectacle 4', 'Aperiam iusto ab dolores quidem fuga.', 'video_spectacle_4.mp4', '2023-08-17 22:13:28', '07b3d56e-ee41-4a24-b6d6-305a20bb1025', 14);
INSERT INTO Artiste (idArtiste, nom, idSpectacle) VALUES ('2441c99f-48d9-4976-ab35-5acc851a3cb8', 'Joe Pacocha', '63a3123e-fc83-454e-9861-2becb305498c');
INSERT INTO Artiste (idArtiste, nom, idSpectacle) VALUES ('736a81d6-0641-46df-b7f0-7092ccaf819e', 'Prof. Wyman Gutmann II', '63a3123e-fc83-454e-9861-2becb305498c');
INSERT INTO ImgSpectacle (idImg, img, idSpectacle) VALUES (10, 'image_spectacle_4_1.jpg', '63a3123e-fc83-454e-9861-2becb305498c');
INSERT INTO Spectacle (idSpectacle, titre, description, urlVideo, horairePrevionnel, idSoiree, idImg) VALUES ('7e8167e4-ea49-4f83-8d45-95030e2cf203', 'Spectacle 5', 'Ut quis provident iusto aut est quam fugit.', 'video_spectacle_5.mp4', '2023-04-19 14:21:29', '07b3d56e-ee41-4a24-b6d6-305a20bb1025', 265);
INSERT INTO Artiste (idArtiste, nom, idSpectacle) VALUES ('ce46ff69-99c1-402f-b350-fcad0d386b7a', 'Trent O'Kon', '7e8167e4-ea49-4f83-8d45-95030e2cf203');
INSERT INTO Artiste (idArtiste, nom, idSpectacle) VALUES ('7b2e6026-bd33-4b18-8a31-d472ff438cbe', 'Filomena Stark', '7e8167e4-ea49-4f83-8d45-95030e2cf203');
INSERT INTO ImgSpectacle (idImg, img, idSpectacle) VALUES (13, 'image_spectacle_5_1.jpg', '7e8167e4-ea49-4f83-8d45-95030e2cf203');
INSERT INTO ImgSpectacle (idImg, img, idSpectacle) VALUES (14, 'image_spectacle_5_2.jpg', '7e8167e4-ea49-4f83-8d45-95030e2cf203');
INSERT INTO Spectacle (idSpectacle, titre, description, urlVideo, horairePrevionnel, idSoiree, idImg) VALUES ('a3a521a2-bb77-4bc1-9ae4-f3fc6e5fca3b', 'Spectacle 6', 'Minus sed voluptates aut fugiat iusto minima nisi.', 'video_spectacle_6.mp4', '2023-10-24 17:31:30', '07b3d56e-ee41-4a24-b6d6-305a20bb1025', 320);
INSERT INTO Artiste (idArtiste, nom, idSpectacle) VALUES ('65fd92b0-4ead-4aa5-8a1e-90c8107d642e', 'Dr. Ulices Strosin DDS', 'a3a521a2-bb77-4bc1-9ae4-f3fc6e5fca3b');
INSERT INTO Artiste (idArtiste, nom, idSpectacle) VALUES ('011b651f-12e5-4757-ba2f-1aaed7de8e55', 'Prof. Estelle Konopelski', 'a3a521a2-bb77-4bc1-9ae4-f3fc6e5fca3b');
INSERT INTO ImgSpectacle (idImg, img, idSpectacle) VALUES (16, 'image_spectacle_6_1.jpg', 'a3a521a2-bb77-4bc1-9ae4-f3fc6e5fca3b');
INSERT INTO ImgSpectacle (idImg, img, idSpectacle) VALUES (17, 'image_spectacle_6_2.jpg', 'a3a521a2-bb77-4bc1-9ae4-f3fc6e5fca3b');
INSERT INTO Spectacle (idSpectacle, titre, description, urlVideo, horairePrevionnel, idSoiree, idImg) VALUES ('9a0a7753-06ac-4441-970a-9147de2fcd52', 'Spectacle 7', 'Et quam magnam necessitatibus sequi laudantium qui sint porro.', 'video_spectacle_7.mp4', '2023-06-18 15:43:00', '07b3d56e-ee41-4a24-b6d6-305a20bb1025', 213);
INSERT INTO Artiste (idArtiste, nom, idSpectacle) VALUES ('df1f4987-e6e6-4782-9b0d-822b2dff4fc6', 'Prof. Bell Langworth II', '9a0a7753-06ac-4441-970a-9147de2fcd52');
INSERT INTO Artiste (idArtiste, nom, idSpectacle) VALUES ('f4d5fd3e-9a2f-4e56-9706-a4f2fe9dc34a', 'Prof. Shyanne Sauer', '9a0a7753-06ac-4441-970a-9147de2fcd52');
INSERT INTO ImgSpectacle (idImg, img, idSpectacle) VALUES (19, 'image_spectacle_7_1.jpg', '9a0a7753-06ac-4441-970a-9147de2fcd52');
INSERT INTO ImgSpectacle (idImg, img, idSpectacle) VALUES (20, 'image_spectacle_7_2.jpg', '9a0a7753-06ac-4441-970a-9147de2fcd52');
INSERT INTO ImgSpectacle (idImg, img, idSpectacle) VALUES (21, 'image_spectacle_7_3.jpg', '9a0a7753-06ac-4441-970a-9147de2fcd52');
INSERT INTO Spectacle (idSpectacle, titre, description, urlVideo, horairePrevionnel, idSoiree, idImg) VALUES ('1b3b0d2a-3776-47aa-9172-94520cc1a674', 'Spectacle 8', 'Occaecati itaque quo molestias quo voluptate consequuntur in.', 'video_spectacle_8.mp4', '2023-09-28 15:38:18', '07b3d56e-ee41-4a24-b6d6-305a20bb1025', 373);
INSERT INTO Artiste (idArtiste, nom, idSpectacle) VALUES ('1e3b66dc-3adb-43c9-af40-3db06c0bcb88', 'Miss Lolita Gottlieb IV', '1b3b0d2a-3776-47aa-9172-94520cc1a674');
INSERT INTO ImgSpectacle (idImg, img, idSpectacle) VALUES (22, 'image_spectacle_8_1.jpg', '1b3b0d2a-3776-47aa-9172-94520cc1a674');
INSERT INTO Spectacle (idSpectacle, titre, description, urlVideo, horairePrevionnel, idSoiree, idImg) VALUES ('2350304a-f27e-4b2b-84b1-83aeb2a826ee', 'Spectacle 9', 'Veritatis odit vel voluptatem ut.', 'video_spectacle_9.mp4', '2023-09-18 19:35:25', '07b3d56e-ee41-4a24-b6d6-305a20bb1025', 177);
INSERT INTO Artiste (idArtiste, nom, idSpectacle) VALUES ('ca98167d-2810-4720-ae03-9cc55a7efafc', 'Braxton Kub', '2350304a-f27e-4b2b-84b1-83aeb2a826ee');
INSERT INTO ImgSpectacle (idImg, img, idSpectacle) VALUES (25, 'image_spectacle_9_1.jpg', '2350304a-f27e-4b2b-84b1-83aeb2a826ee');
INSERT INTO ImgSpectacle (idImg, img, idSpectacle) VALUES (26, 'image_spectacle_9_2.jpg', '2350304a-f27e-4b2b-84b1-83aeb2a826ee');
INSERT INTO Spectacle (idSpectacle, titre, description, urlVideo, horairePrevionnel, idSoiree, idImg) VALUES ('83f37ddf-184c-4c2f-995b-8ee97b81b538', 'Spectacle 10', 'Sed voluptatibus vel rerum eum est.', 'video_spectacle_10.mp4', '2023-05-11 12:36:58', '07b3d56e-ee41-4a24-b6d6-305a20bb1025', 210);
INSERT INTO Artiste (idArtiste, nom, idSpectacle) VALUES ('a72b1691-8cb1-4a78-9e88-8c81d37cc9e9', 'Mrs. Lulu Rodriguez MD', '83f37ddf-184c-4c2f-995b-8ee97b81b538');
INSERT INTO ImgSpectacle (idImg, img, idSpectacle) VALUES (28, 'image_spectacle_10_1.jpg', '83f37ddf-184c-4c2f-995b-8ee97b81b538');
INSERT INTO Spectacle (idSpectacle, titre, description, urlVideo, horairePrevionnel, idSoiree, idImg) VALUES ('0caa171c-c6fb-4d65-88ac-425617174bb0', 'Spectacle 11', 'Autem itaque saepe voluptate laborum qui.', 'video_spectacle_11.mp4', '2023-01-16 13:30:57', '07b3d56e-ee41-4a24-b6d6-305a20bb1025', 134);
INSERT INTO Artiste (idArtiste, nom, idSpectacle) VALUES ('0e6e9dde-838a-4dfd-8355-2d883e45c8e5', 'Theresia Lubowitz', '0caa171c-c6fb-4d65-88ac-425617174bb0');
INSERT INTO Artiste (idArtiste, nom, idSpectacle) VALUES ('927b4547-e63e-4b6f-97fb-820a8138ece4', 'Beryl Barton', '0caa171c-c6fb-4d65-88ac-425617174bb0');
INSERT INTO Artiste (idArtiste, nom, idSpectacle) VALUES ('dde0ebce-8245-41d6-adf1-d0967ecf3e1f', 'Skylar Bahringer IV', '0caa171c-c6fb-4d65-88ac-425617174bb0');
INSERT INTO ImgSpectacle (idImg, img, idSpectacle) VALUES (31, 'image_spectacle_11_1.jpg', '0caa171c-c6fb-4d65-88ac-425617174bb0');
INSERT INTO Spectacle (idSpectacle, titre, description, urlVideo, horairePrevionnel, idSoiree, idImg) VALUES ('1960be1f-1b5b-474b-9e00-b2600f19aa50', 'Spectacle 12', 'Impedit nihil qui dolores.', 'video_spectacle_12.mp4', '2023-01-15 06:01:19', '07b3d56e-ee41-4a24-b6d6-305a20bb1025', 197);
INSERT INTO Artiste (idArtiste, nom, idSpectacle) VALUES ('06932b4c-b970-4d0e-998a-f4b90deb2234', 'Ova Schiller', '1960be1f-1b5b-474b-9e00-b2600f19aa50');
INSERT INTO Artiste (idArtiste, nom, idSpectacle) VALUES ('c0910660-f6dd-4d60-a76c-8677fd61a128', 'Otis Hyatt', '1960be1f-1b5b-474b-9e00-b2600f19aa50');
INSERT INTO Artiste (idArtiste, nom, idSpectacle) VALUES ('267a4f4e-1cf3-4843-bf3e-ef56c1d4ca06', 'Alvah Bergstrom III', '1960be1f-1b5b-474b-9e00-b2600f19aa50');
INSERT INTO ImgSpectacle (idImg, img, idSpectacle) VALUES (34, 'image_spectacle_12_1.jpg', '1960be1f-1b5b-474b-9e00-b2600f19aa50');
INSERT INTO ImgSpectacle (idImg, img, idSpectacle) VALUES (35, 'image_spectacle_12_2.jpg', '1960be1f-1b5b-474b-9e00-b2600f19aa50');
INSERT INTO ImgSpectacle (idImg, img, idSpectacle) VALUES (36, 'image_spectacle_12_3.jpg', '1960be1f-1b5b-474b-9e00-b2600f19aa50');
INSERT INTO Spectacle (idSpectacle, titre, description, urlVideo, horairePrevionnel, idSoiree, idImg) VALUES ('c73e6a4c-d49a-457f-adbd-b6121f051d46', 'Spectacle 13', 'Ut sunt numquam mollitia maxime nesciunt.', 'video_spectacle_13.mp4', '2023-01-30 17:22:18', '07b3d56e-ee41-4a24-b6d6-305a20bb1025', 99);
INSERT INTO Artiste (idArtiste, nom, idSpectacle) VALUES ('260f772a-7ff5-4cc8-bdc9-b6b7b1279f5a', 'Phyllis Muller PhD', 'c73e6a4c-d49a-457f-adbd-b6121f051d46');
INSERT INTO Artiste (idArtiste, nom, idSpectacle) VALUES ('f70b72e1-31ea-4b0d-8d6b-53537c0cc5cf', 'Dominic Kiehn', 'c73e6a4c-d49a-457f-adbd-b6121f051d46');
INSERT INTO ImgSpectacle (idImg, img, idSpectacle) VALUES (37, 'image_spectacle_13_1.jpg', 'c73e6a4c-d49a-457f-adbd-b6121f051d46');
INSERT INTO Spectacle (idSpectacle, titre, description, urlVideo, horairePrevionnel, idSoiree, idImg) VALUES ('f916a0b5-266e-41d1-8725-b9a8f30a8d5f', 'Spectacle 14', 'Non quo dolor qui quis omnis ullam.', 'video_spectacle_14.mp4', '2023-04-07 21:20:23', '07b3d56e-ee41-4a24-b6d6-305a20bb1025', 243);
INSERT INTO Artiste (idArtiste, nom, idSpectacle) VALUES ('184643b4-2e3a-4b22-8955-280bae6ed3e9', 'Kaylee Kub', 'f916a0b5-266e-41d1-8725-b9a8f30a8d5f');
INSERT INTO ImgSpectacle (idImg, img, idSpectacle) VALUES (40, 'image_spectacle_14_1.jpg', 'f916a0b5-266e-41d1-8725-b9a8f30a8d5f');
INSERT INTO ImgSpectacle (idImg, img, idSpectacle) VALUES (41, 'image_spectacle_14_2.jpg', 'f916a0b5-266e-41d1-8725-b9a8f30a8d5f');
INSERT INTO Spectacle (idSpectacle, titre, description, urlVideo, horairePrevionnel, idSoiree, idImg) VALUES ('125081ac-561f-4caa-9244-763797bd4e9b', 'Spectacle 15', 'Itaque est non eos consequuntur ipsam temporibus debitis sed.', 'video_spectacle_15.mp4', '2023-02-05 14:06:52', '07b3d56e-ee41-4a24-b6d6-305a20bb1025', 114);
INSERT INTO Artiste (idArtiste, nom, idSpectacle) VALUES ('ff49bae6-d7da-4e8f-843d-626a0004d2b8', 'Ernie Robel MD', '125081ac-561f-4caa-9244-763797bd4e9b');
INSERT INTO Artiste (idArtiste, nom, idSpectacle) VALUES ('5a4a7d46-a337-451e-8f84-2d0121733014', 'Miss Janet Dickens', '125081ac-561f-4caa-9244-763797bd4e9b');
INSERT INTO Artiste (idArtiste, nom, idSpectacle) VALUES ('60c76612-7637-480d-8ea4-5e9e0811d80e', 'Ms. Jena Kihn', '125081ac-561f-4caa-9244-763797bd4e9b');
INSERT INTO ImgSpectacle (idImg, img, idSpectacle) VALUES (43, 'image_spectacle_15_1.jpg', '125081ac-561f-4caa-9244-763797bd4e9b');
INSERT INTO ImgSpectacle (idImg, img, idSpectacle) VALUES (44, 'image_spectacle_15_2.jpg', '125081ac-561f-4caa-9244-763797bd4e9b');
INSERT INTO ImgSpectacle (idImg, img, idSpectacle) VALUES (45, 'image_spectacle_15_3.jpg', '125081ac-561f-4caa-9244-763797bd4e9b');
INSERT INTO Spectacle (idSpectacle, titre, description, urlVideo, horairePrevionnel, idSoiree, idImg) VALUES ('5c101fa9-ee39-4665-aa90-f8ffd7875e63', 'Spectacle 16', 'Ea et blanditiis tempora quis fuga dolore itaque.', 'video_spectacle_16.mp4', '2023-01-06 14:04:23', '07b3d56e-ee41-4a24-b6d6-305a20bb1025', 284);
INSERT INTO Artiste (idArtiste, nom, idSpectacle) VALUES ('7e775f3b-b3b9-48b9-b40d-7620c3b50007', 'Jedediah Schroeder', '5c101fa9-ee39-4665-aa90-f8ffd7875e63');
INSERT INTO Artiste (idArtiste, nom, idSpectacle) VALUES ('9008cd90-e7e4-47b2-b837-1b51ac16a70b', 'Hildegard Hansen', '5c101fa9-ee39-4665-aa90-f8ffd7875e63');
INSERT INTO Artiste (idArtiste, nom, idSpectacle) VALUES ('581836e4-6caa-4b67-8f1c-bec0dd758170', 'Meda Stracke PhD', '5c101fa9-ee39-4665-aa90-f8ffd7875e63');
INSERT INTO ImgSpectacle (idImg, img, idSpectacle) VALUES (46, 'image_spectacle_16_1.jpg', '5c101fa9-ee39-4665-aa90-f8ffd7875e63');
INSERT INTO Spectacle (idSpectacle, titre, description, urlVideo, horairePrevionnel, idSoiree, idImg) VALUES ('f314e1c0-0746-4673-8e70-4f607933031e', 'Spectacle 17', 'Animi est omnis dolor eaque magni.', 'video_spectacle_17.mp4', '2023-01-09 03:04:49', '07b3d56e-ee41-4a24-b6d6-305a20bb1025', 305);
INSERT INTO Artiste (idArtiste, nom, idSpectacle) VALUES ('b31d58ba-ec1d-4560-b960-0ef7bb9abb9f', 'Ms. Dora Hoeger', 'f314e1c0-0746-4673-8e70-4f607933031e');
INSERT INTO Artiste (idArtiste, nom, idSpectacle) VALUES ('18697dea-0b41-42f3-9aff-7a984052d51e', 'Leonie Adams', 'f314e1c0-0746-4673-8e70-4f607933031e');
INSERT INTO Artiste (idArtiste, nom, idSpectacle) VALUES ('ce592280-3b80-4c26-b503-285f818ffddf', 'Sidney Ledner', 'f314e1c0-0746-4673-8e70-4f607933031e');
INSERT INTO ImgSpectacle (idImg, img, idSpectacle) VALUES (49, 'image_spectacle_17_1.jpg', 'f314e1c0-0746-4673-8e70-4f607933031e');
INSERT INTO ImgSpectacle (idImg, img, idSpectacle) VALUES (50, 'image_spectacle_17_2.jpg', 'f314e1c0-0746-4673-8e70-4f607933031e');
INSERT INTO Spectacle (idSpectacle, titre, description, urlVideo, horairePrevionnel, idSoiree, idImg) VALUES ('7c93c663-17c7-454c-9748-30dad0f7f317', 'Spectacle 18', 'Suscipit architecto quod magnam maiores animi.', 'video_spectacle_18.mp4', '2023-07-18 17:56:01', '07b3d56e-ee41-4a24-b6d6-305a20bb1025', 322);
INSERT INTO Artiste (idArtiste, nom, idSpectacle) VALUES ('e2527fe0-96ec-4e4a-a68d-0a238bd49791', 'Kenny Langosh', '7c93c663-17c7-454c-9748-30dad0f7f317');
INSERT INTO ImgSpectacle (idImg, img, idSpectacle) VALUES (52, 'image_spectacle_18_1.jpg', '7c93c663-17c7-454c-9748-30dad0f7f317');
INSERT INTO Spectacle (idSpectacle, titre, description, urlVideo, horairePrevionnel, idSoiree, idImg) VALUES ('aad47c46-a240-4562-a9aa-5395e090d491', 'Spectacle 19', 'Et quod ut et excepturi cupiditate et sint.', 'video_spectacle_19.mp4', '2023-10-05 08:46:32', '07b3d56e-ee41-4a24-b6d6-305a20bb1025', 263);
INSERT INTO Artiste (idArtiste, nom, idSpectacle) VALUES ('431f1770-3dbb-4ba9-a9be-2c12519ef1c1', 'Lemuel Pouros', 'aad47c46-a240-4562-a9aa-5395e090d491');
INSERT INTO Artiste (idArtiste, nom, idSpectacle) VALUES ('c6df3a11-5cf9-4e0e-9f28-7197d7986449', 'Haylee Corkery', 'aad47c46-a240-4562-a9aa-5395e090d491');
INSERT INTO ImgSpectacle (idImg, img, idSpectacle) VALUES (55, 'image_spectacle_19_1.jpg', 'aad47c46-a240-4562-a9aa-5395e090d491');
INSERT INTO ImgSpectacle (idImg, img, idSpectacle) VALUES (56, 'image_spectacle_19_2.jpg', 'aad47c46-a240-4562-a9aa-5395e090d491');
INSERT INTO Spectacle (idSpectacle, titre, description, urlVideo, horairePrevionnel, idSoiree, idImg) VALUES ('b3891f50-6d75-45b5-aa6e-1665af294ee3', 'Spectacle 20', 'Omnis repellat quas et.', 'video_spectacle_20.mp4', '2023-09-10 14:51:02', '07b3d56e-ee41-4a24-b6d6-305a20bb1025', 295);
INSERT INTO Artiste (idArtiste, nom, idSpectacle) VALUES ('257d82c5-b7f0-4c01-8e99-be64f9393910', 'Onie Purdy', 'b3891f50-6d75-45b5-aa6e-1665af294ee3');
INSERT INTO Artiste (idArtiste, nom, idSpectacle) VALUES ('b61439f6-9282-4085-8fb1-a80246397c91', 'Mr. Rhett Moen DVM', 'b3891f50-6d75-45b5-aa6e-1665af294ee3');
INSERT INTO Artiste (idArtiste, nom, idSpectacle) VALUES ('ca2ff897-41cf-4da3-8d16-dd33624ebfd1', 'Mr. Angus Rodriguez III', 'b3891f50-6d75-45b5-aa6e-1665af294ee3');
INSERT INTO ImgSpectacle (idImg, img, idSpectacle) VALUES (58, 'image_spectacle_20_1.jpg', 'b3891f50-6d75-45b5-aa6e-1665af294ee3');
INSERT INTO ImgSpectacle (idImg, img, idSpectacle) VALUES (59, 'image_spectacle_20_2.jpg', 'b3891f50-6d75-45b5-aa6e-1665af294ee3');
INSERT INTO ImgSpectacle (idImg, img, idSpectacle) VALUES (60, 'image_spectacle_20_3.jpg', 'b3891f50-6d75-45b5-aa6e-1665af294ee3');
INSERT INTO Spectacle (idSpectacle, titre, description, urlVideo, horairePrevionnel, idSoiree, idImg) VALUES ('52e3fe15-93e6-4647-8837-6e6eab721584', 'Spectacle 21', 'Quibusdam quibusdam rerum voluptatem.', 'video_spectacle_21.mp4', '2023-03-22 00:05:01', '07b3d56e-ee41-4a24-b6d6-305a20bb1025', 173);
INSERT INTO Artiste (idArtiste, nom, idSpectacle) VALUES ('ab1a94f7-c0c9-488a-96c5-c8e83d0e602c', 'Gonzalo Bernier DDS', '52e3fe15-93e6-4647-8837-6e6eab721584');
INSERT INTO Artiste (idArtiste, nom, idSpectacle) VALUES ('fb663aad-6185-4f13-a1a7-3d98bee33dc9', 'Prof. Ellsworth Feil', '52e3fe15-93e6-4647-8837-6e6eab721584');
INSERT INTO Artiste (idArtiste, nom, idSpectacle) VALUES ('c9992774-df3b-4a86-9a07-b16e49dbea3d', 'Dr. Rod Dietrich DDS', '52e3fe15-93e6-4647-8837-6e6eab721584');
INSERT INTO ImgSpectacle (idImg, img, idSpectacle) VALUES (61, 'image_spectacle_21_1.jpg', '52e3fe15-93e6-4647-8837-6e6eab721584');
INSERT INTO ImgSpectacle (idImg, img, idSpectacle) VALUES (62, 'image_spectacle_21_2.jpg', '52e3fe15-93e6-4647-8837-6e6eab721584');
INSERT INTO Spectacle (idSpectacle, titre, description, urlVideo, horairePrevionnel, idSoiree, idImg) VALUES ('9a20ede2-dbc3-435a-9675-407fbbab819e', 'Spectacle 22', 'Et enim beatae et distinctio.', 'video_spectacle_22.mp4', '2023-01-05 06:04:05', '07b3d56e-ee41-4a24-b6d6-305a20bb1025', 307);
INSERT INTO Artiste (idArtiste, nom, idSpectacle) VALUES ('5f8352ca-5469-466b-9081-5f75bf7be4e9', 'Dr. Mafalda Kris Jr.', '9a20ede2-dbc3-435a-9675-407fbbab819e');
INSERT INTO Artiste (idArtiste, nom, idSpectacle) VALUES ('bd352ce9-5a5e-4c66-b7da-6194e494ce95', 'Alena McClure', '9a20ede2-dbc3-435a-9675-407fbbab819e');
INSERT INTO Artiste (idArtiste, nom, idSpectacle) VALUES ('acbd7f9a-6ca3-47e1-9092-4b181a52a2a7', 'Prof. Tad Johnston', '9a20ede2-dbc3-435a-9675-407fbbab819e');
INSERT INTO ImgSpectacle (idImg, img, idSpectacle) VALUES (64, 'image_spectacle_22_1.jpg', '9a20ede2-dbc3-435a-9675-407fbbab819e');
INSERT INTO ImgSpectacle (idImg, img, idSpectacle) VALUES (65, 'image_spectacle_22_2.jpg', '9a20ede2-dbc3-435a-9675-407fbbab819e');
INSERT INTO ImgSpectacle (idImg, img, idSpectacle) VALUES (66, 'image_spectacle_22_3.jpg', '9a20ede2-dbc3-435a-9675-407fbbab819e');
INSERT INTO Spectacle (idSpectacle, titre, description, urlVideo, horairePrevionnel, idSoiree, idImg) VALUES ('d971794b-7e15-4357-b1f0-c3d4c538e6df', 'Spectacle 23', 'Aspernatur officia aut qui qui.', 'video_spectacle_23.mp4', '2023-10-08 14:54:23', '07b3d56e-ee41-4a24-b6d6-305a20bb1025', 237);
INSERT INTO Artiste (idArtiste, nom, idSpectacle) VALUES ('12c8f856-e907-44af-ace2-b5a7bf2c7821', 'Jimmie Glover I', 'd971794b-7e15-4357-b1f0-c3d4c538e6df');
INSERT INTO Artiste (idArtiste, nom, idSpectacle) VALUES ('5a2c0318-2452-45e7-9a9c-6194270d35ed', 'Germaine Mann', 'd971794b-7e15-4357-b1f0-c3d4c538e6df');
INSERT INTO ImgSpectacle (idImg, img, idSpectacle) VALUES (67, 'image_spectacle_23_1.jpg', 'd971794b-7e15-4357-b1f0-c3d4c538e6df');
INSERT INTO Spectacle (idSpectacle, titre, description, urlVideo, horairePrevionnel, idSoiree, idImg) VALUES ('5dffee5a-f939-49f6-be20-2819cd614d57', 'Spectacle 24', 'Nihil delectus iure sed rerum ducimus.', 'video_spectacle_24.mp4', '2023-10-10 19:58:16', '07b3d56e-ee41-4a24-b6d6-305a20bb1025', 289);
INSERT INTO Artiste (idArtiste, nom, idSpectacle) VALUES ('25dc1bd1-77c7-4b6b-bd89-e063ba807ff3', 'Ms. Myrtle Torp II', '5dffee5a-f939-49f6-be20-2819cd614d57');
INSERT INTO Artiste (idArtiste, nom, idSpectacle) VALUES ('a6634e52-ac56-4f1c-a531-eb96472a07e7', 'Ignatius Hauck', '5dffee5a-f939-49f6-be20-2819cd614d57');
INSERT INTO ImgSpectacle (idImg, img, idSpectacle) VALUES (70, 'image_spectacle_24_1.jpg', '5dffee5a-f939-49f6-be20-2819cd614d57');
INSERT INTO ImgSpectacle (idImg, img, idSpectacle) VALUES (71, 'image_spectacle_24_2.jpg', '5dffee5a-f939-49f6-be20-2819cd614d57');
INSERT INTO Spectacle (idSpectacle, titre, description, urlVideo, horairePrevionnel, idSoiree, idImg) VALUES ('9a9ec526-1666-4b74-bbd8-571c68b648ee', 'Spectacle 25', 'Tempora quia voluptatem aut dignissimos autem non.', 'video_spectacle_25.mp4', '2023-03-16 18:12:31', '07b3d56e-ee41-4a24-b6d6-305a20bb1025', 300);
INSERT INTO Artiste (idArtiste, nom, idSpectacle) VALUES ('e217aa20-6ee3-4091-98c8-fc2b09af28b0', 'Dr. Kacey Turner', '9a9ec526-1666-4b74-bbd8-571c68b648ee');
INSERT INTO Artiste (idArtiste, nom, idSpectacle) VALUES ('6486e59e-1f8c-4f0d-807c-a59a1f437d76', 'Mr. Arnulfo Lubowitz III', '9a9ec526-1666-4b74-bbd8-571c68b648ee');
INSERT INTO ImgSpectacle (idImg, img, idSpectacle) VALUES (73, 'image_spectacle_25_1.jpg', '9a9ec526-1666-4b74-bbd8-571c68b648ee');
INSERT INTO Spectacle (idSpectacle, titre, description, urlVideo, horairePrevionnel, idSoiree, idImg) VALUES ('8d237f43-6eee-43d6-aa64-c00f9599c521', 'Spectacle 26', 'Numquam dignissimos unde alias neque quis eligendi.', 'video_spectacle_26.mp4', '2023-08-18 09:41:51', '07b3d56e-ee41-4a24-b6d6-305a20bb1025', 199);
INSERT INTO Artiste (idArtiste, nom, idSpectacle) VALUES ('0371dc94-f2ae-48b7-a01b-20276426ec82', 'Ms. Meggie Kub', '8d237f43-6eee-43d6-aa64-c00f9599c521');
INSERT INTO Artiste (idArtiste, nom, idSpectacle) VALUES ('4ba57492-4fb9-48d5-9c3e-52744b6731b6', 'Domenico Schultz', '8d237f43-6eee-43d6-aa64-c00f9599c521');
INSERT INTO ImgSpectacle (idImg, img, idSpectacle) VALUES (76, 'image_spectacle_26_1.jpg', '8d237f43-6eee-43d6-aa64-c00f9599c521');
INSERT INTO Spectacle (idSpectacle, titre, description, urlVideo, horairePrevionnel, idSoiree, idImg) VALUES ('4311514e-2388-4052-b8df-aef1fac824c7', 'Spectacle 27', 'Magni labore excepturi illum vel eos repellat.', 'video_spectacle_27.mp4', '2023-06-18 04:56:02', '07b3d56e-ee41-4a24-b6d6-305a20bb1025', 167);
INSERT INTO Artiste (idArtiste, nom, idSpectacle) VALUES ('a7a64bdf-bfa7-43ed-a584-33e5597f1443', 'Kamryn Herzog', '4311514e-2388-4052-b8df-aef1fac824c7');
INSERT INTO ImgSpectacle (idImg, img, idSpectacle) VALUES (79, 'image_spectacle_27_1.jpg', '4311514e-2388-4052-b8df-aef1fac824c7');
INSERT INTO Spectacle (idSpectacle, titre, description, urlVideo, horairePrevionnel, idSoiree, idImg) VALUES ('486bb461-21cd-4431-82dc-d13e43322bbd', 'Spectacle 28', 'Beatae et quo quibusdam.', 'video_spectacle_28.mp4', '2023-10-16 08:42:45', '07b3d56e-ee41-4a24-b6d6-305a20bb1025', 86);
INSERT INTO Artiste (idArtiste, nom, idSpectacle) VALUES ('1aee8b69-9e96-4a9f-b443-435498ea5954', 'Mr. Saige Hessel III', '486bb461-21cd-4431-82dc-d13e43322bbd');
INSERT INTO ImgSpectacle (idImg, img, idSpectacle) VALUES (82, 'image_spectacle_28_1.jpg', '486bb461-21cd-4431-82dc-d13e43322bbd');
INSERT INTO ImgSpectacle (idImg, img, idSpectacle) VALUES (83, 'image_spectacle_28_2.jpg', '486bb461-21cd-4431-82dc-d13e43322bbd');
INSERT INTO ImgSpectacle (idImg, img, idSpectacle) VALUES (84, 'image_spectacle_28_3.jpg', '486bb461-21cd-4431-82dc-d13e43322bbd');
INSERT INTO Spectacle (idSpectacle, titre, description, urlVideo, horairePrevionnel, idSoiree, idImg) VALUES ('bcce5254-ef9d-4c91-875a-2d39c805856a', 'Spectacle 29', 'Ut numquam laboriosam iure unde.', 'video_spectacle_29.mp4', '2023-08-09 08:42:21', '07b3d56e-ee41-4a24-b6d6-305a20bb1025', 111);
INSERT INTO Artiste (idArtiste, nom, idSpectacle) VALUES ('3f253f9b-c581-4ccf-b413-3158264e95d4', 'Mitchel Gerlach', 'bcce5254-ef9d-4c91-875a-2d39c805856a');
INSERT INTO Artiste (idArtiste, nom, idSpectacle) VALUES ('82e7c09b-a6a1-4b96-bbd2-41fa44cb64ac', 'Earline Jacobs', 'bcce5254-ef9d-4c91-875a-2d39c805856a');
INSERT INTO Artiste (idArtiste, nom, idSpectacle) VALUES ('2c704d7b-5ada-4958-9b7b-b10c7bedc672', 'Mrs. Rebeka Will', 'bcce5254-ef9d-4c91-875a-2d39c805856a');
INSERT INTO ImgSpectacle (idImg, img, idSpectacle) VALUES (85, 'image_spectacle_29_1.jpg', 'bcce5254-ef9d-4c91-875a-2d39c805856a');
INSERT INTO ImgSpectacle (idImg, img, idSpectacle) VALUES (86, 'image_spectacle_29_2.jpg', 'bcce5254-ef9d-4c91-875a-2d39c805856a');
INSERT INTO ImgSpectacle (idImg, img, idSpectacle) VALUES (87, 'image_spectacle_29_3.jpg', 'bcce5254-ef9d-4c91-875a-2d39c805856a');
INSERT INTO Spectacle (idSpectacle, titre, description, urlVideo, horairePrevionnel, idSoiree, idImg) VALUES ('4e64394e-cd05-4746-b38b-879757975f9a', 'Spectacle 30', 'Eum esse expedita earum velit harum similique id.', 'video_spectacle_30.mp4', '2023-01-25 11:48:09', '07b3d56e-ee41-4a24-b6d6-305a20bb1025', 131);
INSERT INTO Artiste (idArtiste, nom, idSpectacle) VALUES ('c286af15-c361-4693-949b-ae68e4cb8bd8', 'Roselyn Konopelski', '4e64394e-cd05-4746-b38b-879757975f9a');
INSERT INTO Artiste (idArtiste, nom, idSpectacle) VALUES ('11ad4bdf-4b7f-44d6-92fd-8011df705b87', 'Erika Gerlach', '4e64394e-cd05-4746-b38b-879757975f9a');
INSERT INTO Artiste (idArtiste, nom, idSpectacle) VALUES ('4d4a9ae9-a5a7-48dd-b46e-ed6e533952e5', 'Hettie Kreiger', '4e64394e-cd05-4746-b38b-879757975f9a');
INSERT INTO ImgSpectacle (idImg, img, idSpectacle) VALUES (88, 'image_spectacle_30_1.jpg', '4e64394e-cd05-4746-b38b-879757975f9a');
INSERT INTO Spectacle (idSpectacle, titre, description, urlVideo, horairePrevionnel, idSoiree, idImg) VALUES ('56c1611c-ee8e-4563-9422-0a6d032da3b7', 'Spectacle 31', 'At animi voluptatem eos non est maxime in consequatur.', 'video_spectacle_31.mp4', '2023-06-21 19:43:44', '07b3d56e-ee41-4a24-b6d6-305a20bb1025', 19);
INSERT INTO Artiste (idArtiste, nom, idSpectacle) VALUES ('efae83f1-7735-49d0-a4ea-ef018a3dd3f8', 'Edythe Goyette', '56c1611c-ee8e-4563-9422-0a6d032da3b7');
INSERT INTO Artiste (idArtiste, nom, idSpectacle) VALUES ('b826754f-e8b6-4cfe-acb8-ba5fa0a5596e', 'Michael Cole', '56c1611c-ee8e-4563-9422-0a6d032da3b7');
INSERT INTO Artiste (idArtiste, nom, idSpectacle) VALUES ('5dc52983-468d-4ea2-b45e-3dd5db44d909', 'Raina Kub', '56c1611c-ee8e-4563-9422-0a6d032da3b7');
INSERT INTO ImgSpectacle (idImg, img, idSpectacle) VALUES (91, 'image_spectacle_31_1.jpg', '56c1611c-ee8e-4563-9422-0a6d032da3b7');
INSERT INTO ImgSpectacle (idImg, img, idSpectacle) VALUES (92, 'image_spectacle_31_2.jpg', '56c1611c-ee8e-4563-9422-0a6d032da3b7');
INSERT INTO ImgSpectacle (idImg, img, idSpectacle) VALUES (93, 'image_spectacle_31_3.jpg', '56c1611c-ee8e-4563-9422-0a6d032da3b7');
INSERT INTO Spectacle (idSpectacle, titre, description, urlVideo, horairePrevionnel, idSoiree, idImg) VALUES ('7194b0ed-8d31-4ea7-8e39-a06413623c9d', 'Spectacle 32', 'Nesciunt consectetur ratione natus.', 'video_spectacle_32.mp4', '2023-01-06 11:38:01', '07b3d56e-ee41-4a24-b6d6-305a20bb1025', 246);
INSERT INTO Artiste (idArtiste, nom, idSpectacle) VALUES ('21dbac3d-4dde-4611-9454-643157d18060', 'Dr. Ward Bergstrom', '7194b0ed-8d31-4ea7-8e39-a06413623c9d');
INSERT INTO ImgSpectacle (idImg, img, idSpectacle) VALUES (94, 'image_spectacle_32_1.jpg', '7194b0ed-8d31-4ea7-8e39-a06413623c9d');
INSERT INTO ImgSpectacle (idImg, img, idSpectacle) VALUES (95, 'image_spectacle_32_2.jpg', '7194b0ed-8d31-4ea7-8e39-a06413623c9d');
INSERT INTO ImgSpectacle (idImg, img, idSpectacle) VALUES (96, 'image_spectacle_32_3.jpg', '7194b0ed-8d31-4ea7-8e39-a06413623c9d');
INSERT INTO Spectacle (idSpectacle, titre, description, urlVideo, horairePrevionnel, idSoiree, idImg) VALUES ('3be039e3-5b55-419a-8fa3-0420f7163cc1', 'Spectacle 33', 'Quibusdam nostrum assumenda voluptatem nulla qui veniam.', 'video_spectacle_33.mp4', '2023-05-22 06:31:16', '07b3d56e-ee41-4a24-b6d6-305a20bb1025', 232);
INSERT INTO Artiste (idArtiste, nom, idSpectacle) VALUES ('96a55754-cd7a-4fa4-bf67-904b1bab8bd1', 'Prof. Kaela Huel PhD', '3be039e3-5b55-419a-8fa3-0420f7163cc1');
INSERT INTO Artiste (idArtiste, nom, idSpectacle) VALUES ('de5df746-5cfe-41eb-8840-fc0c699324d3', 'Madge Torphy V', '3be039e3-5b55-419a-8fa3-0420f7163cc1');
INSERT INTO Artiste (idArtiste, nom, idSpectacle) VALUES ('c32f662a-074e-4800-837d-85def6cbf872', 'Ms. Neoma Rau V', '3be039e3-5b55-419a-8fa3-0420f7163cc1');
INSERT INTO ImgSpectacle (idImg, img, idSpectacle) VALUES (97, 'image_spectacle_33_1.jpg', '3be039e3-5b55-419a-8fa3-0420f7163cc1');
INSERT INTO Spectacle (idSpectacle, titre, description, urlVideo, horairePrevionnel, idSoiree, idImg) VALUES ('05fbb2cf-010e-4200-af40-f1826af240af', 'Spectacle 34', 'Rerum magni nulla consequatur cum quod perferendis consequatur.', 'video_spectacle_34.mp4', '2023-09-26 03:47:42', '07b3d56e-ee41-4a24-b6d6-305a20bb1025', 131);
INSERT INTO Artiste (idArtiste, nom, idSpectacle) VALUES ('bf5491b7-d7e3-4b15-85f0-214a0525a59b', 'Prof. Amparo Halvorson I', '05fbb2cf-010e-4200-af40-f1826af240af');
INSERT INTO ImgSpectacle (idImg, img, idSpectacle) VALUES (100, 'image_spectacle_34_1.jpg', '05fbb2cf-010e-4200-af40-f1826af240af');
INSERT INTO ImgSpectacle (idImg, img, idSpectacle) VALUES (101, 'image_spectacle_34_2.jpg', '05fbb2cf-010e-4200-af40-f1826af240af');
INSERT INTO Spectacle (idSpectacle, titre, description, urlVideo, horairePrevionnel, idSoiree, idImg) VALUES ('f631581f-b03f-4090-9552-cd35349d8321', 'Spectacle 35', 'Quam eum incidunt quia amet expedita sit dolores.', 'video_spectacle_35.mp4', '2023-09-19 05:38:13', '07b3d56e-ee41-4a24-b6d6-305a20bb1025', 184);
INSERT INTO Artiste (idArtiste, nom, idSpectacle) VALUES ('4b2776f1-70b8-452c-af59-5febaa19dc28', 'Clifton Brekke', 'f631581f-b03f-4090-9552-cd35349d8321');
INSERT INTO Artiste (idArtiste, nom, idSpectacle) VALUES ('3df2d8d6-f103-4bb6-af0f-933530411871', 'Damion Ritchie', 'f631581f-b03f-4090-9552-cd35349d8321');
INSERT INTO ImgSpectacle (idImg, img, idSpectacle) VALUES (103, 'image_spectacle_35_1.jpg', 'f631581f-b03f-4090-9552-cd35349d8321');
INSERT INTO Spectacle (idSpectacle, titre, description, urlVideo, horairePrevionnel, idSoiree, idImg) VALUES ('7e2de403-7214-4ea9-aa5b-8c29bed63aba', 'Spectacle 36', 'Rerum minus deleniti labore dolorem aliquid.', 'video_spectacle_36.mp4', '2023-02-23 02:56:59', '07b3d56e-ee41-4a24-b6d6-305a20bb1025', 360);
INSERT INTO Artiste (idArtiste, nom, idSpectacle) VALUES ('da4bf81c-0794-423b-a5b5-99c7250dd3bf', 'Chesley Davis', '7e2de403-7214-4ea9-aa5b-8c29bed63aba');
INSERT INTO ImgSpectacle (idImg, img, idSpectacle) VALUES (106, 'image_spectacle_36_1.jpg', '7e2de403-7214-4ea9-aa5b-8c29bed63aba');
INSERT INTO ImgSpectacle (idImg, img, idSpectacle) VALUES (107, 'image_spectacle_36_2.jpg', '7e2de403-7214-4ea9-aa5b-8c29bed63aba');
INSERT INTO Spectacle (idSpectacle, titre, description, urlVideo, horairePrevionnel, idSoiree, idImg) VALUES ('67018d18-3cf6-4af0-b337-ee0e04a5f5c3', 'Spectacle 37', 'Est ipsam quibusdam impedit eum qui libero dolorum.', 'video_spectacle_37.mp4', '2023-02-04 09:12:40', '07b3d56e-ee41-4a24-b6d6-305a20bb1025', 198);
INSERT INTO Artiste (idArtiste, nom, idSpectacle) VALUES ('c89d7fc8-b7f6-4e44-b4bc-fef72981444b', 'Rocky Raynor', '67018d18-3cf6-4af0-b337-ee0e04a5f5c3');
INSERT INTO ImgSpectacle (idImg, img, idSpectacle) VALUES (109, 'image_spectacle_37_1.jpg', '67018d18-3cf6-4af0-b337-ee0e04a5f5c3');
INSERT INTO Spectacle (idSpectacle, titre, description, urlVideo, horairePrevionnel, idSoiree, idImg) VALUES ('c0d200b9-7534-4af0-90fb-a5c6b9e57e0e', 'Spectacle 38', 'Quasi occaecati sunt eum aut.', 'video_spectacle_38.mp4', '2023-01-11 00:59:17', '07b3d56e-ee41-4a24-b6d6-305a20bb1025', 372);
INSERT INTO Artiste (idArtiste, nom, idSpectacle) VALUES ('11aee531-145d-4246-a8fb-5329214517d3', 'Torrey Konopelski', 'c0d200b9-7534-4af0-90fb-a5c6b9e57e0e');
INSERT INTO Artiste (idArtiste, nom, idSpectacle) VALUES ('8ff37975-2b3c-402c-b816-45b5feab143e', 'Austyn Emmerich', 'c0d200b9-7534-4af0-90fb-a5c6b9e57e0e');
INSERT INTO ImgSpectacle (idImg, img, idSpectacle) VALUES (112, 'image_spectacle_38_1.jpg', 'c0d200b9-7534-4af0-90fb-a5c6b9e57e0e');
INSERT INTO Spectacle (idSpectacle, titre, description, urlVideo, horairePrevionnel, idSoiree, idImg) VALUES ('a2d76295-2b5a-4bf8-908f-393ea04ac351', 'Spectacle 39', 'Harum illo tempore aut voluptas recusandae nesciunt cupiditate.', 'video_spectacle_39.mp4', '2023-04-27 14:35:52', '07b3d56e-ee41-4a24-b6d6-305a20bb1025', 307);
INSERT INTO Artiste (idArtiste, nom, idSpectacle) VALUES ('3d5ad9f8-3f9d-401c-a0e6-c8ea314791c9', 'Amy Morissette', 'a2d76295-2b5a-4bf8-908f-393ea04ac351');
INSERT INTO Artiste (idArtiste, nom, idSpectacle) VALUES ('20141093-0bdb-4aca-ade1-43a46d00d1bc', 'Hugh McDermott', 'a2d76295-2b5a-4bf8-908f-393ea04ac351');
INSERT INTO Artiste (idArtiste, nom, idSpectacle) VALUES ('1bead556-c094-453f-a0ee-e16756578b80', 'Wendy Collier', 'a2d76295-2b5a-4bf8-908f-393ea04ac351');
INSERT INTO ImgSpectacle (idImg, img, idSpectacle) VALUES (115, 'image_spectacle_39_1.jpg', 'a2d76295-2b5a-4bf8-908f-393ea04ac351');
INSERT INTO Spectacle (idSpectacle, titre, description, urlVideo, horairePrevionnel, idSoiree, idImg) VALUES ('e5ab84de-860c-4be6-9941-0153e968958d', 'Spectacle 40', 'Rem et consequatur sit voluptatem dolores possimus et sed.', 'video_spectacle_40.mp4', '2023-09-07 14:59:42', '07b3d56e-ee41-4a24-b6d6-305a20bb1025', 338);
INSERT INTO Artiste (idArtiste, nom, idSpectacle) VALUES ('d7c8f0ce-97de-469c-bd90-a65fae949019', 'Prof. Stone Weimann IV', 'e5ab84de-860c-4be6-9941-0153e968958d');
INSERT INTO ImgSpectacle (idImg, img, idSpectacle) VALUES (118, 'image_spectacle_40_1.jpg', 'e5ab84de-860c-4be6-9941-0153e968958d');
INSERT INTO Spectacle (idSpectacle, titre, description, urlVideo, horairePrevionnel, idSoiree, idImg) VALUES ('5b41f833-fe3a-4f42-83e5-ae248226691f', 'Spectacle 41', 'Autem ad illum reprehenderit est non.', 'video_spectacle_41.mp4', '2023-06-03 12:18:30', '07b3d56e-ee41-4a24-b6d6-305a20bb1025', 105);
INSERT INTO Artiste (idArtiste, nom, idSpectacle) VALUES ('2e5659c5-a2c6-449f-a81b-fea470d83d29', 'Dr. Javonte Nikolaus', '5b41f833-fe3a-4f42-83e5-ae248226691f');
INSERT INTO ImgSpectacle (idImg, img, idSpectacle) VALUES (121, 'image_spectacle_41_1.jpg', '5b41f833-fe3a-4f42-83e5-ae248226691f');
INSERT INTO ImgSpectacle (idImg, img, idSpectacle) VALUES (122, 'image_spectacle_41_2.jpg', '5b41f833-fe3a-4f42-83e5-ae248226691f');
INSERT INTO Spectacle (idSpectacle, titre, description, urlVideo, horairePrevionnel, idSoiree, idImg) VALUES ('79adf7f5-774e-4521-9cd5-0cc9695a9441', 'Spectacle 42', 'Ducimus quidem id possimus voluptas.', 'video_spectacle_42.mp4', '2023-07-27 07:25:36', '07b3d56e-ee41-4a24-b6d6-305a20bb1025', 368);
INSERT INTO Artiste (idArtiste, nom, idSpectacle) VALUES ('ad95320f-494e-4d53-9e82-7aa4439b3e01', 'Dr. Dangelo Greenfelder', '79adf7f5-774e-4521-9cd5-0cc9695a9441');
INSERT INTO ImgSpectacle (idImg, img, idSpectacle) VALUES (124, 'image_spectacle_42_1.jpg', '79adf7f5-774e-4521-9cd5-0cc9695a9441');
INSERT INTO ImgSpectacle (idImg, img, idSpectacle) VALUES (125, 'image_spectacle_42_2.jpg', '79adf7f5-774e-4521-9cd5-0cc9695a9441');
INSERT INTO ImgSpectacle (idImg, img, idSpectacle) VALUES (126, 'image_spectacle_42_3.jpg', '79adf7f5-774e-4521-9cd5-0cc9695a9441');
INSERT INTO Spectacle (idSpectacle, titre, description, urlVideo, horairePrevionnel, idSoiree, idImg) VALUES ('271faa81-ae46-4f38-b147-b18805989ab9', 'Spectacle 43', 'In qui sit omnis quia et.', 'video_spectacle_43.mp4', '2023-01-27 12:49:56', '07b3d56e-ee41-4a24-b6d6-305a20bb1025', 144);
INSERT INTO Artiste (idArtiste, nom, idSpectacle) VALUES ('1697fb9e-1408-4905-ad4e-fa4b98242d45', 'Kiana Spencer', '271faa81-ae46-4f38-b147-b18805989ab9');
INSERT INTO ImgSpectacle (idImg, img, idSpectacle) VALUES (127, 'image_spectacle_43_1.jpg', '271faa81-ae46-4f38-b147-b18805989ab9');
INSERT INTO Spectacle (idSpectacle, titre, description, urlVideo, horairePrevionnel, idSoiree, idImg) VALUES ('0de74787-86f4-4411-9741-56be2e47c6c5', 'Spectacle 44', 'Quo facilis facilis magni et veniam dolorem.', 'video_spectacle_44.mp4', '2023-04-08 13:24:33', '07b3d56e-ee41-4a24-b6d6-305a20bb1025', 290);
INSERT INTO Artiste (idArtiste, nom, idSpectacle) VALUES ('450e0bfb-a14a-4b0d-bb89-507f0a83c36f', 'Zackery Sauer DVM', '0de74787-86f4-4411-9741-56be2e47c6c5');
INSERT INTO Artiste (idArtiste, nom, idSpectacle) VALUES ('a663c94e-7484-4546-b887-0bab4479f6a8', 'Bethel Kassulke', '0de74787-86f4-4411-9741-56be2e47c6c5');
INSERT INTO Artiste (idArtiste, nom, idSpectacle) VALUES ('d513e606-14a7-4d79-bd04-a18ad718f42c', 'Gaetano Moore V', '0de74787-86f4-4411-9741-56be2e47c6c5');
INSERT INTO ImgSpectacle (idImg, img, idSpectacle) VALUES (130, 'image_spectacle_44_1.jpg', '0de74787-86f4-4411-9741-56be2e47c6c5');
INSERT INTO ImgSpectacle (idImg, img, idSpectacle) VALUES (131, 'image_spectacle_44_2.jpg', '0de74787-86f4-4411-9741-56be2e47c6c5');
INSERT INTO ImgSpectacle (idImg, img, idSpectacle) VALUES (132, 'image_spectacle_44_3.jpg', '0de74787-86f4-4411-9741-56be2e47c6c5');
INSERT INTO Spectacle (idSpectacle, titre, description, urlVideo, horairePrevionnel, idSoiree, idImg) VALUES ('775a47aa-6e7a-4530-bd93-fea14e47c07a', 'Spectacle 45', 'Maxime et saepe blanditiis qui.', 'video_spectacle_45.mp4', '2023-05-02 21:57:54', '07b3d56e-ee41-4a24-b6d6-305a20bb1025', 228);
INSERT INTO Artiste (idArtiste, nom, idSpectacle) VALUES ('57ebfa28-4ee6-4ba9-b6cd-e08338dfb295', 'Jayda Harris', '775a47aa-6e7a-4530-bd93-fea14e47c07a');
INSERT INTO ImgSpectacle (idImg, img, idSpectacle) VALUES (133, 'image_spectacle_45_1.jpg', '775a47aa-6e7a-4530-bd93-fea14e47c07a');
INSERT INTO Spectacle (idSpectacle, titre, description, urlVideo, horairePrevionnel, idSoiree, idImg) VALUES ('7907ce94-e6e3-40a4-b911-551a00d1d046', 'Spectacle 46', 'Perferendis nam delectus ea aut mollitia fugiat.', 'video_spectacle_46.mp4', '2023-03-25 15:34:10', '07b3d56e-ee41-4a24-b6d6-305a20bb1025', 257);
INSERT INTO Artiste (idArtiste, nom, idSpectacle) VALUES ('1ed4eb68-c781-4d87-9995-1545b48077e7', 'Prof. Aidan Cummings MD', '7907ce94-e6e3-40a4-b911-551a00d1d046');
INSERT INTO Artiste (idArtiste, nom, idSpectacle) VALUES ('64b22720-dff0-447a-b2e6-40f9aac05c6f', 'Dandre Keebler', '7907ce94-e6e3-40a4-b911-551a00d1d046');
INSERT INTO ImgSpectacle (idImg, img, idSpectacle) VALUES (136, 'image_spectacle_46_1.jpg', '7907ce94-e6e3-40a4-b911-551a00d1d046');
INSERT INTO Spectacle (idSpectacle, titre, description, urlVideo, horairePrevionnel, idSoiree, idImg) VALUES ('a7ced901-5b31-49cb-bbce-ef90cbc8f6e1', 'Spectacle 47', 'Fugiat vel error rerum cumque rerum voluptas aut.', 'video_spectacle_47.mp4', '2023-09-24 16:33:50', '07b3d56e-ee41-4a24-b6d6-305a20bb1025', 277);
INSERT INTO Artiste (idArtiste, nom, idSpectacle) VALUES ('32a47e72-82bf-4dcc-a1ec-4d2adb2de9c4', 'Viviane Ullrich', 'a7ced901-5b31-49cb-bbce-ef90cbc8f6e1');
INSERT INTO Artiste (idArtiste, nom, idSpectacle) VALUES ('25db3a29-8767-431b-8e79-1cf3aefcff18', 'Gertrude Ryan', 'a7ced901-5b31-49cb-bbce-ef90cbc8f6e1');
INSERT INTO ImgSpectacle (idImg, img, idSpectacle) VALUES (139, 'image_spectacle_47_1.jpg', 'a7ced901-5b31-49cb-bbce-ef90cbc8f6e1');
INSERT INTO Spectacle (idSpectacle, titre, description, urlVideo, horairePrevionnel, idSoiree, idImg) VALUES ('44bb260b-6888-45b4-b45e-26107ce5c20a', 'Spectacle 48', 'Consectetur itaque non et est.', 'video_spectacle_48.mp4', '2023-06-29 20:46:56', '07b3d56e-ee41-4a24-b6d6-305a20bb1025', 59);
INSERT INTO Artiste (idArtiste, nom, idSpectacle) VALUES ('865b78a2-ffd7-4656-8597-c02d0633b8a5', 'Vallie Green II', '44bb260b-6888-45b4-b45e-26107ce5c20a');
INSERT INTO Artiste (idArtiste, nom, idSpectacle) VALUES ('345622a8-f494-4626-8c26-ba84e327f7ec', 'Gene Pouros', '44bb260b-6888-45b4-b45e-26107ce5c20a');
INSERT INTO ImgSpectacle (idImg, img, idSpectacle) VALUES (142, 'image_spectacle_48_1.jpg', '44bb260b-6888-45b4-b45e-26107ce5c20a');
INSERT INTO ImgSpectacle (idImg, img, idSpectacle) VALUES (143, 'image_spectacle_48_2.jpg', '44bb260b-6888-45b4-b45e-26107ce5c20a');
INSERT INTO Spectacle (idSpectacle, titre, description, urlVideo, horairePrevionnel, idSoiree, idImg) VALUES ('a0952f00-4b4e-4f6e-bcd3-92af95e6e3a1', 'Spectacle 49', 'Quibusdam reiciendis dolorem eveniet qui qui.', 'video_spectacle_49.mp4', '2023-08-16 03:26:24', '07b3d56e-ee41-4a24-b6d6-305a20bb1025', 341);
INSERT INTO Artiste (idArtiste, nom, idSpectacle) VALUES ('c21bbb8e-de2d-4e93-9cc5-0e452e17b094', 'Jennie Towne', 'a0952f00-4b4e-4f6e-bcd3-92af95e6e3a1');
INSERT INTO Artiste (idArtiste, nom, idSpectacle) VALUES ('5fe7b57a-7ae0-4769-b2ba-9b181a1890de', 'Prof. Bettie Hammes', 'a0952f00-4b4e-4f6e-bcd3-92af95e6e3a1');
INSERT INTO Artiste (idArtiste, nom, idSpectacle) VALUES ('9e8b9ec7-ece0-4e4c-a042-43b63f2dc4b2', 'Albertha Weber', 'a0952f00-4b4e-4f6e-bcd3-92af95e6e3a1');
INSERT INTO ImgSpectacle (idImg, img, idSpectacle) VALUES (145, 'image_spectacle_49_1.jpg', 'a0952f00-4b4e-4f6e-bcd3-92af95e6e3a1');
INSERT INTO ImgSpectacle (idImg, img, idSpectacle) VALUES (146, 'image_spectacle_49_2.jpg', 'a0952f00-4b4e-4f6e-bcd3-92af95e6e3a1');
INSERT INTO Spectacle (idSpectacle, titre, description, urlVideo, horairePrevionnel, idSoiree, idImg) VALUES ('b99d688c-a9fe-4cc8-abf7-d9eeff56da67', 'Spectacle 50', 'Error rem iure dolorum exercitationem porro eum sapiente.', 'video_spectacle_50.mp4', '2023-10-01 16:10:52', '07b3d56e-ee41-4a24-b6d6-305a20bb1025', 186);
INSERT INTO Artiste (idArtiste, nom, idSpectacle) VALUES ('c21eb306-29e9-40c8-9c9b-37dee2adbf9a', 'Miss Althea Wilderman', 'b99d688c-a9fe-4cc8-abf7-d9eeff56da67');
INSERT INTO Artiste (idArtiste, nom, idSpectacle) VALUES ('a191a423-9e96-4607-aa0b-ae974da7aeff', 'Maude Bahringer', 'b99d688c-a9fe-4cc8-abf7-d9eeff56da67');
INSERT INTO ImgSpectacle (idImg, img, idSpectacle) VALUES (148, 'image_spectacle_50_1.jpg', 'b99d688c-a9fe-4cc8-abf7-d9eeff56da67');
INSERT INTO ImgSpectacle (idImg, img, idSpectacle) VALUES (149, 'image_spectacle_50_2.jpg', 'b99d688c-a9fe-4cc8-abf7-d9eeff56da67');
INSERT INTO Spectacle (idSpectacle, titre, description, urlVideo, horairePrevionnel, idSoiree, idImg) VALUES ('7262e5ff-0a33-40a7-93ab-d716151124b2', 'Spectacle 51', 'Sed autem ea rem voluptas eum voluptatem facere ut.', 'video_spectacle_51.mp4', '2023-09-14 19:19:52', '07b3d56e-ee41-4a24-b6d6-305a20bb1025', 59);
INSERT INTO Artiste (idArtiste, nom, idSpectacle) VALUES ('803f7991-6a67-4cb0-8d40-ed75d7e4ca16', 'Stefanie Hilpert', '7262e5ff-0a33-40a7-93ab-d716151124b2');
INSERT INTO ImgSpectacle (idImg, img, idSpectacle) VALUES (151, 'image_spectacle_51_1.jpg', '7262e5ff-0a33-40a7-93ab-d716151124b2');
INSERT INTO ImgSpectacle (idImg, img, idSpectacle) VALUES (152, 'image_spectacle_51_2.jpg', '7262e5ff-0a33-40a7-93ab-d716151124b2');
INSERT INTO Spectacle (idSpectacle, titre, description, urlVideo, horairePrevionnel, idSoiree, idImg) VALUES ('f3eb4db0-b94a-4ce3-937d-cc41059b49cc', 'Spectacle 52', 'Et in aspernatur necessitatibus fuga sunt.', 'video_spectacle_52.mp4', '2023-10-17 08:17:29', '07b3d56e-ee41-4a24-b6d6-305a20bb1025', 78);
INSERT INTO Artiste (idArtiste, nom, idSpectacle) VALUES ('59f284d4-7105-4462-98b2-69bdda30d529', 'Prof. Freeman Douglas', 'f3eb4db0-b94a-4ce3-937d-cc41059b49cc');
INSERT INTO ImgSpectacle (idImg, img, idSpectacle) VALUES (154, 'image_spectacle_52_1.jpg', 'f3eb4db0-b94a-4ce3-937d-cc41059b49cc');
INSERT INTO Spectacle (idSpectacle, titre, description, urlVideo, horairePrevionnel, idSoiree, idImg) VALUES ('5a96b249-f305-4b1b-b90a-635c21679975', 'Spectacle 53', 'Sed in sed voluptas aut consequuntur necessitatibus magnam.', 'video_spectacle_53.mp4', '2023-06-21 21:07:04', '07b3d56e-ee41-4a24-b6d6-305a20bb1025', 290);
INSERT INTO Artiste (idArtiste, nom, idSpectacle) VALUES ('f15a41aa-1696-477d-9276-1b66b9181412', 'Nickolas McDermott', '5a96b249-f305-4b1b-b90a-635c21679975');
INSERT INTO Artiste (idArtiste, nom, idSpectacle) VALUES ('7be57bfa-7175-4726-afe5-fa26fd95e1ad', 'Jimmy Wintheiser', '5a96b249-f305-4b1b-b90a-635c21679975');
INSERT INTO Artiste (idArtiste, nom, idSpectacle) VALUES ('c846a273-e70b-4100-8c91-4a9e89455da5', 'Edwina Crooks', '5a96b249-f305-4b1b-b90a-635c21679975');
INSERT INTO ImgSpectacle (idImg, img, idSpectacle) VALUES (157, 'image_spectacle_53_1.jpg', '5a96b249-f305-4b1b-b90a-635c21679975');
INSERT INTO Spectacle (idSpectacle, titre, description, urlVideo, horairePrevionnel, idSoiree, idImg) VALUES ('18e27414-aa74-43a5-824a-833f02a94a89', 'Spectacle 54', 'Numquam quidem quidem autem animi hic.', 'video_spectacle_54.mp4', '2023-05-13 15:42:00', '07b3d56e-ee41-4a24-b6d6-305a20bb1025', 286);
INSERT INTO Artiste (idArtiste, nom, idSpectacle) VALUES ('ba41e04f-1e78-464e-adc6-20ddd589bfe2', 'Kimberly Jones', '18e27414-aa74-43a5-824a-833f02a94a89');
INSERT INTO Artiste (idArtiste, nom, idSpectacle) VALUES ('ad81db1b-edfa-43ce-a9dd-895e2a67fef3', 'Mrs. Lucinda Langworth', '18e27414-aa74-43a5-824a-833f02a94a89');
INSERT INTO ImgSpectacle (idImg, img, idSpectacle) VALUES (160, 'image_spectacle_54_1.jpg', '18e27414-aa74-43a5-824a-833f02a94a89');
INSERT INTO ImgSpectacle (idImg, img, idSpectacle) VALUES (161, 'image_spectacle_54_2.jpg', '18e27414-aa74-43a5-824a-833f02a94a89');
INSERT INTO ImgSpectacle (idImg, img, idSpectacle) VALUES (162, 'image_spectacle_54_3.jpg', '18e27414-aa74-43a5-824a-833f02a94a89');
INSERT INTO Spectacle (idSpectacle, titre, description, urlVideo, horairePrevionnel, idSoiree, idImg) VALUES ('1e0d09dc-4083-4cfb-b5b2-0588e05ef6a8', 'Spectacle 55', 'Est magnam dicta nesciunt ipsa voluptatum quo.', 'video_spectacle_55.mp4', '2023-07-23 05:55:16', '07b3d56e-ee41-4a24-b6d6-305a20bb1025', 174);
INSERT INTO Artiste (idArtiste, nom, idSpectacle) VALUES ('485c3f20-e1d5-47f3-850e-7ce274ead700', 'Dr. Amber Volkman', '1e0d09dc-4083-4cfb-b5b2-0588e05ef6a8');
INSERT INTO ImgSpectacle (idImg, img, idSpectacle) VALUES (163, 'image_spectacle_55_1.jpg', '1e0d09dc-4083-4cfb-b5b2-0588e05ef6a8');
INSERT INTO Spectacle (idSpectacle, titre, description, urlVideo, horairePrevionnel, idSoiree, idImg) VALUES ('f5fc8a72-a9f8-4398-b2d1-dbdc0d435398', 'Spectacle 56', 'Ipsum dolore aut tenetur exercitationem.', 'video_spectacle_56.mp4', '2023-09-01 02:33:44', '07b3d56e-ee41-4a24-b6d6-305a20bb1025', 77);
INSERT INTO Artiste (idArtiste, nom, idSpectacle) VALUES ('97905e4c-516b-4599-be84-4367a60c2ffe', 'Malachi Rosenbaum', 'f5fc8a72-a9f8-4398-b2d1-dbdc0d435398');
INSERT INTO Artiste (idArtiste, nom, idSpectacle) VALUES ('140c1cb4-e80a-47f0-af38-3785ece8270d', 'Ozella Boyle', 'f5fc8a72-a9f8-4398-b2d1-dbdc0d435398');
INSERT INTO Artiste (idArtiste, nom, idSpectacle) VALUES ('d30f6bd0-9b21-48e9-b924-a100f3adc9a7', 'Rudy Bruen', 'f5fc8a72-a9f8-4398-b2d1-dbdc0d435398');
INSERT INTO ImgSpectacle (idImg, img, idSpectacle) VALUES (166, 'image_spectacle_56_1.jpg', 'f5fc8a72-a9f8-4398-b2d1-dbdc0d435398');
INSERT INTO ImgSpectacle (idImg, img, idSpectacle) VALUES (167, 'image_spectacle_56_2.jpg', 'f5fc8a72-a9f8-4398-b2d1-dbdc0d435398');
INSERT INTO ImgSpectacle (idImg, img, idSpectacle) VALUES (168, 'image_spectacle_56_3.jpg', 'f5fc8a72-a9f8-4398-b2d1-dbdc0d435398');
INSERT INTO Spectacle (idSpectacle, titre, description, urlVideo, horairePrevionnel, idSoiree, idImg) VALUES ('b6e9bc8c-2b77-4243-9afb-eaff40a0953d', 'Spectacle 57', 'Cumque ipsa eius maiores.', 'video_spectacle_57.mp4', '2023-08-25 07:40:14', '07b3d56e-ee41-4a24-b6d6-305a20bb1025', 310);
INSERT INTO Artiste (idArtiste, nom, idSpectacle) VALUES ('a9a8565f-a28c-48e1-8540-abd26172143d', 'Faustino Rempel', 'b6e9bc8c-2b77-4243-9afb-eaff40a0953d');
INSERT INTO Artiste (idArtiste, nom, idSpectacle) VALUES ('6d44a876-2c06-45c9-a6c9-d0835319ed8c', 'Mr. Ambrose Brown PhD', 'b6e9bc8c-2b77-4243-9afb-eaff40a0953d');
INSERT INTO Artiste (idArtiste, nom, idSpectacle) VALUES ('ed5d1367-afc1-456d-8e76-bd85c0e460ec', 'Fausto Kovacek Sr.', 'b6e9bc8c-2b77-4243-9afb-eaff40a0953d');
INSERT INTO ImgSpectacle (idImg, img, idSpectacle) VALUES (169, 'image_spectacle_57_1.jpg', 'b6e9bc8c-2b77-4243-9afb-eaff40a0953d');
INSERT INTO ImgSpectacle (idImg, img, idSpectacle) VALUES (170, 'image_spectacle_57_2.jpg', 'b6e9bc8c-2b77-4243-9afb-eaff40a0953d');
INSERT INTO Spectacle (idSpectacle, titre, description, urlVideo, horairePrevionnel, idSoiree, idImg) VALUES ('92ead601-edec-499c-9325-eb460156b57c', 'Spectacle 58', 'Vitae id eos eveniet quas dolorum iure.', 'video_spectacle_58.mp4', '2023-07-13 03:19:54', '07b3d56e-ee41-4a24-b6d6-305a20bb1025', 258);
INSERT INTO Artiste (idArtiste, nom, idSpectacle) VALUES ('ba3f5439-3d02-45c3-913f-4b46b607e290', 'Gerry Hackett', '92ead601-edec-499c-9325-eb460156b57c');
INSERT INTO Artiste (idArtiste, nom, idSpectacle) VALUES ('5260bd87-e56c-404d-9449-dfd10f5b1a5b', 'Dr. Mortimer Harris', '92ead601-edec-499c-9325-eb460156b57c');
INSERT INTO ImgSpectacle (idImg, img, idSpectacle) VALUES (172, 'image_spectacle_58_1.jpg', '92ead601-edec-499c-9325-eb460156b57c');
INSERT INTO ImgSpectacle (idImg, img, idSpectacle) VALUES (173, 'image_spectacle_58_2.jpg', '92ead601-edec-499c-9325-eb460156b57c');
INSERT INTO Spectacle (idSpectacle, titre, description, urlVideo, horairePrevionnel, idSoiree, idImg) VALUES ('b26a8b55-cc48-4165-9dde-3b2e2de3ea57', 'Spectacle 59', 'Non quas voluptatem quia ex.', 'video_spectacle_59.mp4', '2023-01-22 12:52:35', '07b3d56e-ee41-4a24-b6d6-305a20bb1025', 131);
INSERT INTO Artiste (idArtiste, nom, idSpectacle) VALUES ('2a07f5a6-903f-42a6-8716-da65b4cc7cb1', 'Pattie Walker', 'b26a8b55-cc48-4165-9dde-3b2e2de3ea57');
INSERT INTO Artiste (idArtiste, nom, idSpectacle) VALUES ('f3ee7499-7145-4e14-82ad-1347d3bcb021', 'Dr. Tremaine Crist I', 'b26a8b55-cc48-4165-9dde-3b2e2de3ea57');
INSERT INTO Artiste (idArtiste, nom, idSpectacle) VALUES ('c8fdc78b-ee70-400f-8148-5bd216edc2d6', 'Eloy Gaylord', 'b26a8b55-cc48-4165-9dde-3b2e2de3ea57');
INSERT INTO ImgSpectacle (idImg, img, idSpectacle) VALUES (175, 'image_spectacle_59_1.jpg', 'b26a8b55-cc48-4165-9dde-3b2e2de3ea57');
INSERT INTO ImgSpectacle (idImg, img, idSpectacle) VALUES (176, 'image_spectacle_59_2.jpg', 'b26a8b55-cc48-4165-9dde-3b2e2de3ea57');
INSERT INTO ImgSpectacle (idImg, img, idSpectacle) VALUES (177, 'image_spectacle_59_3.jpg', 'b26a8b55-cc48-4165-9dde-3b2e2de3ea57');
INSERT INTO Spectacle (idSpectacle, titre, description, urlVideo, horairePrevionnel, idSoiree, idImg) VALUES ('44f98504-b081-45e3-9d43-edb3978c3027', 'Spectacle 60', 'Molestiae tempore inventore qui ut aliquam quam voluptatum.', 'video_spectacle_60.mp4', '2023-09-16 07:48:15', '07b3d56e-ee41-4a24-b6d6-305a20bb1025', 200);
INSERT INTO Artiste (idArtiste, nom, idSpectacle) VALUES ('e16f9da0-ce13-4644-8445-89783f80edc2', 'Mr. Eduardo Gleason Sr.', '44f98504-b081-45e3-9d43-edb3978c3027');
INSERT INTO Artiste (idArtiste, nom, idSpectacle) VALUES ('2c47de35-ea52-4271-8f4a-306670854fd7', 'Dr. Susan Kunde', '44f98504-b081-45e3-9d43-edb3978c3027');
INSERT INTO ImgSpectacle (idImg, img, idSpectacle) VALUES (178, 'image_spectacle_60_1.jpg', '44f98504-b081-45e3-9d43-edb3978c3027');
INSERT INTO ImgSpectacle (idImg, img, idSpectacle) VALUES (179, 'image_spectacle_60_2.jpg', '44f98504-b081-45e3-9d43-edb3978c3027');
INSERT INTO ImgSpectacle (idImg, img, idSpectacle) VALUES (180, 'image_spectacle_60_3.jpg', '44f98504-b081-45e3-9d43-edb3978c3027');
INSERT INTO Spectacle (idSpectacle, titre, description, urlVideo, horairePrevionnel, idSoiree, idImg) VALUES ('634457dd-ad41-4a70-ba96-53601284e541', 'Spectacle 61', 'Aut sed tempora et est in.', 'video_spectacle_61.mp4', '2023-09-10 03:38:18', '07b3d56e-ee41-4a24-b6d6-305a20bb1025', 15);
INSERT INTO Artiste (idArtiste, nom, idSpectacle) VALUES ('3cd65c8c-42ea-411d-af0f-121d1997999e', 'Zachariah Schaden', '634457dd-ad41-4a70-ba96-53601284e541');
INSERT INTO Artiste (idArtiste, nom, idSpectacle) VALUES ('b34d8bbf-f473-4e38-825b-34e862ed8e66', 'Rozella Marvin', '634457dd-ad41-4a70-ba96-53601284e541');
INSERT INTO ImgSpectacle (idImg, img, idSpectacle) VALUES (181, 'image_spectacle_61_1.jpg', '634457dd-ad41-4a70-ba96-53601284e541');
INSERT INTO ImgSpectacle (idImg, img, idSpectacle) VALUES (182, 'image_spectacle_61_2.jpg', '634457dd-ad41-4a70-ba96-53601284e541');
INSERT INTO ImgSpectacle (idImg, img, idSpectacle) VALUES (183, 'image_spectacle_61_3.jpg', '634457dd-ad41-4a70-ba96-53601284e541');
INSERT INTO Spectacle (idSpectacle, titre, description, urlVideo, horairePrevionnel, idSoiree, idImg) VALUES ('8360c483-b2b1-40a4-ba27-f10eec179045', 'Spectacle 62', 'Est eius iure similique voluptas et delectus odio.', 'video_spectacle_62.mp4', '2023-09-11 03:59:16', '07b3d56e-ee41-4a24-b6d6-305a20bb1025', 315);
INSERT INTO Artiste (idArtiste, nom, idSpectacle) VALUES ('f9df7507-ab9f-4005-b8a9-d7e83f7737a8', 'Dale Kshlerin', '8360c483-b2b1-40a4-ba27-f10eec179045');
INSERT INTO ImgSpectacle (idImg, img, idSpectacle) VALUES (184, 'image_spectacle_62_1.jpg', '8360c483-b2b1-40a4-ba27-f10eec179045');
INSERT INTO ImgSpectacle (idImg, img, idSpectacle) VALUES (185, 'image_spectacle_62_2.jpg', '8360c483-b2b1-40a4-ba27-f10eec179045');
INSERT INTO Spectacle (idSpectacle, titre, description, urlVideo, horairePrevionnel, idSoiree, idImg) VALUES ('c40ac9f7-9ee2-49eb-81db-d915a3d2abcb', 'Spectacle 63', 'Quaerat et aspernatur atque et porro fugiat repellat.', 'video_spectacle_63.mp4', '2023-07-27 02:12:20', '07b3d56e-ee41-4a24-b6d6-305a20bb1025', 98);
INSERT INTO Artiste (idArtiste, nom, idSpectacle) VALUES ('b6de771d-45f7-4575-a559-d19856f7d754', 'Arnaldo Nader', 'c40ac9f7-9ee2-49eb-81db-d915a3d2abcb');
INSERT INTO Artiste (idArtiste, nom, idSpectacle) VALUES ('36032434-cff9-4728-b95c-636605bc3216', 'Skylar Spencer DDS', 'c40ac9f7-9ee2-49eb-81db-d915a3d2abcb');
INSERT INTO ImgSpectacle (idImg, img, idSpectacle) VALUES (187, 'image_spectacle_63_1.jpg', 'c40ac9f7-9ee2-49eb-81db-d915a3d2abcb');
INSERT INTO ImgSpectacle (idImg, img, idSpectacle) VALUES (188, 'image_spectacle_63_2.jpg', 'c40ac9f7-9ee2-49eb-81db-d915a3d2abcb');
INSERT INTO Spectacle (idSpectacle, titre, description, urlVideo, horairePrevionnel, idSoiree, idImg) VALUES ('6782d5ef-3c5a-46ce-80c9-d00d2dfeaf4c', 'Spectacle 64', 'Aut aut sint tempora ab non delectus aut.', 'video_spectacle_64.mp4', '2023-10-09 20:33:28', '07b3d56e-ee41-4a24-b6d6-305a20bb1025', 147);
INSERT INTO Artiste (idArtiste, nom, idSpectacle) VALUES ('be043537-14b1-48ba-b1ff-930cfde99640', 'Shania Sauer', '6782d5ef-3c5a-46ce-80c9-d00d2dfeaf4c');
INSERT INTO Artiste (idArtiste, nom, idSpectacle) VALUES ('d1412fb5-80b7-4e99-949d-ed4021bda3ba', 'Prof. Lurline Hackett III', '6782d5ef-3c5a-46ce-80c9-d00d2dfeaf4c');
INSERT INTO Artiste (idArtiste, nom, idSpectacle) VALUES ('a3b384d4-7be3-45db-916c-4bd10fa6d515', 'Marjory Harris IV', '6782d5ef-3c5a-46ce-80c9-d00d2dfeaf4c');
INSERT INTO ImgSpectacle (idImg, img, idSpectacle) VALUES (190, 'image_spectacle_64_1.jpg', '6782d5ef-3c5a-46ce-80c9-d00d2dfeaf4c');
INSERT INTO ImgSpectacle (idImg, img, idSpectacle) VALUES (191, 'image_spectacle_64_2.jpg', '6782d5ef-3c5a-46ce-80c9-d00d2dfeaf4c');
INSERT INTO Spectacle (idSpectacle, titre, description, urlVideo, horairePrevionnel, idSoiree, idImg) VALUES ('df5b92de-d8eb-489f-847e-d8f29084ad98', 'Spectacle 65', 'Quam deserunt ipsam quisquam esse nisi nam.', 'video_spectacle_65.mp4', '2023-02-26 05:38:06', '07b3d56e-ee41-4a24-b6d6-305a20bb1025', 250);
INSERT INTO Artiste (idArtiste, nom, idSpectacle) VALUES ('75e29c63-4a7b-4285-91a0-eea425562029', 'Austin Kovacek', 'df5b92de-d8eb-489f-847e-d8f29084ad98');
INSERT INTO Artiste (idArtiste, nom, idSpectacle) VALUES ('13209986-df20-45c3-926f-617d59a86504', 'Miss Augustine Marquardt', 'df5b92de-d8eb-489f-847e-d8f29084ad98');
INSERT INTO ImgSpectacle (idImg, img, idSpectacle) VALUES (193, 'image_spectacle_65_1.jpg', 'df5b92de-d8eb-489f-847e-d8f29084ad98');
INSERT INTO ImgSpectacle (idImg, img, idSpectacle) VALUES (194, 'image_spectacle_65_2.jpg', 'df5b92de-d8eb-489f-847e-d8f29084ad98');
INSERT INTO ImgSpectacle (idImg, img, idSpectacle) VALUES (195, 'image_spectacle_65_3.jpg', 'df5b92de-d8eb-489f-847e-d8f29084ad98');
INSERT INTO Spectacle (idSpectacle, titre, description, urlVideo, horairePrevionnel, idSoiree, idImg) VALUES ('466da7c9-c659-4928-8a9c-ed148a623020', 'Spectacle 66', 'Provident tempora tempora tempore ex culpa voluptatum.', 'video_spectacle_66.mp4', '2023-09-25 03:11:13', '07b3d56e-ee41-4a24-b6d6-305a20bb1025', 213);
INSERT INTO Artiste (idArtiste, nom, idSpectacle) VALUES ('9ae65d3e-5dbd-4ebf-b8e0-96f4cae743ac', 'Ms. Elisa Abernathy', '466da7c9-c659-4928-8a9c-ed148a623020');
INSERT INTO Artiste (idArtiste, nom, idSpectacle) VALUES ('dc7a1db7-95fc-4ac2-bb7b-e4d11b21e9de', 'Richie Bernhard', '466da7c9-c659-4928-8a9c-ed148a623020');
INSERT INTO ImgSpectacle (idImg, img, idSpectacle) VALUES (196, 'image_spectacle_66_1.jpg', '466da7c9-c659-4928-8a9c-ed148a623020');
INSERT INTO ImgSpectacle (idImg, img, idSpectacle) VALUES (197, 'image_spectacle_66_2.jpg', '466da7c9-c659-4928-8a9c-ed148a623020');
INSERT INTO ImgSpectacle (idImg, img, idSpectacle) VALUES (198, 'image_spectacle_66_3.jpg', '466da7c9-c659-4928-8a9c-ed148a623020');
INSERT INTO Spectacle (idSpectacle, titre, description, urlVideo, horairePrevionnel, idSoiree, idImg) VALUES ('e1c5217e-a8b5-4028-8795-26b087cb5206', 'Spectacle 67', 'Est est odit asperiores nulla quia.', 'video_spectacle_67.mp4', '2023-07-23 11:58:57', '07b3d56e-ee41-4a24-b6d6-305a20bb1025', 16);
INSERT INTO Artiste (idArtiste, nom, idSpectacle) VALUES ('0c433745-e0ce-41f0-8ccd-983902f58625', 'Ofelia Kreiger', 'e1c5217e-a8b5-4028-8795-26b087cb5206');
INSERT INTO ImgSpectacle (idImg, img, idSpectacle) VALUES (199, 'image_spectacle_67_1.jpg', 'e1c5217e-a8b5-4028-8795-26b087cb5206');
INSERT INTO ImgSpectacle (idImg, img, idSpectacle) VALUES (200, 'image_spectacle_67_2.jpg', 'e1c5217e-a8b5-4028-8795-26b087cb5206');
INSERT INTO Spectacle (idSpectacle, titre, description, urlVideo, horairePrevionnel, idSoiree, idImg) VALUES ('5534ebf0-b1b8-4bab-93ae-2a6f336815d2', 'Spectacle 68', 'Non maxime eius iure earum.', 'video_spectacle_68.mp4', '2023-04-04 04:45:55', '07b3d56e-ee41-4a24-b6d6-305a20bb1025', 205);
INSERT INTO Artiste (idArtiste, nom, idSpectacle) VALUES ('c9c9ef84-9fe7-484f-9fad-007e8b9db230', 'Anita Buckridge', '5534ebf0-b1b8-4bab-93ae-2a6f336815d2');
INSERT INTO Artiste (idArtiste, nom, idSpectacle) VALUES ('30df1f11-2c06-4dc6-aab0-02f1f86062e5', 'Mrs. Felipa DuBuque', '5534ebf0-b1b8-4bab-93ae-2a6f336815d2');
INSERT INTO ImgSpectacle (idImg, img, idSpectacle) VALUES (202, 'image_spectacle_68_1.jpg', '5534ebf0-b1b8-4bab-93ae-2a6f336815d2');
INSERT INTO ImgSpectacle (idImg, img, idSpectacle) VALUES (203, 'image_spectacle_68_2.jpg', '5534ebf0-b1b8-4bab-93ae-2a6f336815d2');
INSERT INTO ImgSpectacle (idImg, img, idSpectacle) VALUES (204, 'image_spectacle_68_3.jpg', '5534ebf0-b1b8-4bab-93ae-2a6f336815d2');
INSERT INTO Spectacle (idSpectacle, titre, description, urlVideo, horairePrevionnel, idSoiree, idImg) VALUES ('7f7df89a-5d68-4cd8-8198-d7ddc371ce54', 'Spectacle 69', 'Animi voluptate est non qui.', 'video_spectacle_69.mp4', '2023-09-04 20:05:41', '07b3d56e-ee41-4a24-b6d6-305a20bb1025', 85);
INSERT INTO Artiste (idArtiste, nom, idSpectacle) VALUES ('551e028a-1458-4973-9e75-1dcdc29e7dfe', 'Mr. Barry Champlin', '7f7df89a-5d68-4cd8-8198-d7ddc371ce54');
INSERT INTO ImgSpectacle (idImg, img, idSpectacle) VALUES (205, 'image_spectacle_69_1.jpg', '7f7df89a-5d68-4cd8-8198-d7ddc371ce54');
INSERT INTO Spectacle (idSpectacle, titre, description, urlVideo, horairePrevionnel, idSoiree, idImg) VALUES ('b8e6ee8c-4e2f-4fbe-beb7-60e370702e9c', 'Spectacle 70', 'Voluptatibus accusamus omnis consectetur tenetur eligendi sapiente.', 'video_spectacle_70.mp4', '2023-04-07 13:31:00', '07b3d56e-ee41-4a24-b6d6-305a20bb1025', 109);
INSERT INTO Artiste (idArtiste, nom, idSpectacle) VALUES ('c80e3cdf-8f48-4f33-b50d-f69b455b28e6', 'Jayne Koss', 'b8e6ee8c-4e2f-4fbe-beb7-60e370702e9c');
INSERT INTO Artiste (idArtiste, nom, idSpectacle) VALUES ('799cd386-e678-4f90-92f9-030b8983299f', 'Celestino Adams', 'b8e6ee8c-4e2f-4fbe-beb7-60e370702e9c');
INSERT INTO Artiste (idArtiste, nom, idSpectacle) VALUES ('c282a092-4c12-4840-b196-8e826dc53873', 'Arlie Towne', 'b8e6ee8c-4e2f-4fbe-beb7-60e370702e9c');
INSERT INTO ImgSpectacle (idImg, img, idSpectacle) VALUES (208, 'image_spectacle_70_1.jpg', 'b8e6ee8c-4e2f-4fbe-beb7-60e370702e9c');
INSERT INTO ImgSpectacle (idImg, img, idSpectacle) VALUES (209, 'image_spectacle_70_2.jpg', 'b8e6ee8c-4e2f-4fbe-beb7-60e370702e9c');
INSERT INTO ImgSpectacle (idImg, img, idSpectacle) VALUES (210, 'image_spectacle_70_3.jpg', 'b8e6ee8c-4e2f-4fbe-beb7-60e370702e9c');
INSERT INTO Spectacle (idSpectacle, titre, description, urlVideo, horairePrevionnel, idSoiree, idImg) VALUES ('dc032887-2675-4d20-9f63-75645a32fdda', 'Spectacle 71', 'Harum nesciunt debitis et consequatur necessitatibus.', 'video_spectacle_71.mp4', '2023-06-21 06:19:49', '07b3d56e-ee41-4a24-b6d6-305a20bb1025', 210);
INSERT INTO Artiste (idArtiste, nom, idSpectacle) VALUES ('774ae253-c88c-435a-9fa9-7bf096814931', 'Moshe Hintz MD', 'dc032887-2675-4d20-9f63-75645a32fdda');
INSERT INTO Artiste (idArtiste, nom, idSpectacle) VALUES ('10aa4efd-e828-4eef-948f-d746957c4ca2', 'Dr. Murphy Balistreri Jr.', 'dc032887-2675-4d20-9f63-75645a32fdda');
INSERT INTO Artiste (idArtiste, nom, idSpectacle) VALUES ('9665c817-cc22-4bd0-9fbe-083679f20ebe', 'Prof. Tianna Kozey PhD', 'dc032887-2675-4d20-9f63-75645a32fdda');
INSERT INTO ImgSpectacle (idImg, img, idSpectacle) VALUES (211, 'image_spectacle_71_1.jpg', 'dc032887-2675-4d20-9f63-75645a32fdda');
INSERT INTO ImgSpectacle (idImg, img, idSpectacle) VALUES (212, 'image_spectacle_71_2.jpg', 'dc032887-2675-4d20-9f63-75645a32fdda');
INSERT INTO ImgSpectacle (idImg, img, idSpectacle) VALUES (213, 'image_spectacle_71_3.jpg', 'dc032887-2675-4d20-9f63-75645a32fdda');
INSERT INTO Spectacle (idSpectacle, titre, description, urlVideo, horairePrevionnel, idSoiree, idImg) VALUES ('97a573fc-f755-4bdb-84d7-8cff07ba7fc1', 'Spectacle 72', 'Qui voluptatem temporibus perspiciatis aut est ut tempore.', 'video_spectacle_72.mp4', '2023-05-26 18:09:26', '07b3d56e-ee41-4a24-b6d6-305a20bb1025', 213);
INSERT INTO Artiste (idArtiste, nom, idSpectacle) VALUES ('e913f111-645e-4ac4-9ab7-f637a500d0bf', 'Prof. Frankie Mitchell DDS', '97a573fc-f755-4bdb-84d7-8cff07ba7fc1');
INSERT INTO Artiste (idArtiste, nom, idSpectacle) VALUES ('93821852-0aec-43ff-af42-a4f0d4554e33', 'Timmothy Thompson', '97a573fc-f755-4bdb-84d7-8cff07ba7fc1');
INSERT INTO Artiste (idArtiste, nom, idSpectacle) VALUES ('10ab33e5-5414-40fd-b3d9-12adc2b90519', 'Dorian Effertz', '97a573fc-f755-4bdb-84d7-8cff07ba7fc1');
INSERT INTO ImgSpectacle (idImg, img, idSpectacle) VALUES (214, 'image_spectacle_72_1.jpg', '97a573fc-f755-4bdb-84d7-8cff07ba7fc1');
INSERT INTO ImgSpectacle (idImg, img, idSpectacle) VALUES (215, 'image_spectacle_72_2.jpg', '97a573fc-f755-4bdb-84d7-8cff07ba7fc1');
INSERT INTO ImgSpectacle (idImg, img, idSpectacle) VALUES (216, 'image_spectacle_72_3.jpg', '97a573fc-f755-4bdb-84d7-8cff07ba7fc1');
INSERT INTO Spectacle (idSpectacle, titre, description, urlVideo, horairePrevionnel, idSoiree, idImg) VALUES ('a4b4a8af-392d-45b5-bc33-90329929f3d5', 'Spectacle 73', 'Doloremque quia excepturi praesentium voluptatem quia esse.', 'video_spectacle_73.mp4', '2023-02-12 23:54:05', '07b3d56e-ee41-4a24-b6d6-305a20bb1025', 277);
INSERT INTO Artiste (idArtiste, nom, idSpectacle) VALUES ('9e628729-672a-4415-96a1-64b858fe0726', 'Mrs. Sincere Kovacek DDS', 'a4b4a8af-392d-45b5-bc33-90329929f3d5');
INSERT INTO ImgSpectacle (idImg, img, idSpectacle) VALUES (217, 'image_spectacle_73_1.jpg', 'a4b4a8af-392d-45b5-bc33-90329929f3d5');
INSERT INTO ImgSpectacle (idImg, img, idSpectacle) VALUES (218, 'image_spectacle_73_2.jpg', 'a4b4a8af-392d-45b5-bc33-90329929f3d5');
INSERT INTO Spectacle (idSpectacle, titre, description, urlVideo, horairePrevionnel, idSoiree, idImg) VALUES ('f17f695d-bfa7-4ba3-a78f-c2c920536dee', 'Spectacle 74', 'Quam placeat amet ea non accusantium autem eius.', 'video_spectacle_74.mp4', '2023-08-17 12:20:13', '07b3d56e-ee41-4a24-b6d6-305a20bb1025', 1);
INSERT INTO Artiste (idArtiste, nom, idSpectacle) VALUES ('20fba681-04ea-49be-80bd-0b7c1faf4acd', 'Gerardo Runolfsson', 'f17f695d-bfa7-4ba3-a78f-c2c920536dee');
INSERT INTO ImgSpectacle (idImg, img, idSpectacle) VALUES (220, 'image_spectacle_74_1.jpg', 'f17f695d-bfa7-4ba3-a78f-c2c920536dee');
INSERT INTO ImgSpectacle (idImg, img, idSpectacle) VALUES (221, 'image_spectacle_74_2.jpg', 'f17f695d-bfa7-4ba3-a78f-c2c920536dee');
INSERT INTO ImgSpectacle (idImg, img, idSpectacle) VALUES (222, 'image_spectacle_74_3.jpg', 'f17f695d-bfa7-4ba3-a78f-c2c920536dee');
INSERT INTO Spectacle (idSpectacle, titre, description, urlVideo, horairePrevionnel, idSoiree, idImg) VALUES ('c1322c1a-242f-4444-9ce7-10e1dc52800d', 'Spectacle 75', 'Necessitatibus sunt optio aut aut qui eos culpa.', 'video_spectacle_75.mp4', '2023-09-17 22:28:26', '07b3d56e-ee41-4a24-b6d6-305a20bb1025', 292);
INSERT INTO Artiste (idArtiste, nom, idSpectacle) VALUES ('06c99fbf-dcf2-45f6-b4bb-d4f31069d17c', 'Dr. Billy Walker', 'c1322c1a-242f-4444-9ce7-10e1dc52800d');
INSERT INTO Artiste (idArtiste, nom, idSpectacle) VALUES ('3a3190e9-f927-4685-b04c-7e90822afce0', 'Jerrold Kozey', 'c1322c1a-242f-4444-9ce7-10e1dc52800d');
INSERT INTO ImgSpectacle (idImg, img, idSpectacle) VALUES (223, 'image_spectacle_75_1.jpg', 'c1322c1a-242f-4444-9ce7-10e1dc52800d');
INSERT INTO ImgSpectacle (idImg, img, idSpectacle) VALUES (224, 'image_spectacle_75_2.jpg', 'c1322c1a-242f-4444-9ce7-10e1dc52800d');
INSERT INTO ImgSpectacle (idImg, img, idSpectacle) VALUES (225, 'image_spectacle_75_3.jpg', 'c1322c1a-242f-4444-9ce7-10e1dc52800d');
INSERT INTO Spectacle (idSpectacle, titre, description, urlVideo, horairePrevionnel, idSoiree, idImg) VALUES ('320c8078-dedc-40b8-9861-c3c997ce70d0', 'Spectacle 76', 'Quaerat nesciunt voluptatibus quo consequatur et iure.', 'video_spectacle_76.mp4', '2023-09-14 17:41:10', '07b3d56e-ee41-4a24-b6d6-305a20bb1025', 153);
INSERT INTO Artiste (idArtiste, nom, idSpectacle) VALUES ('eca78cbe-86dc-48b4-8c3c-41129ad7ee1a', 'Gwendolyn Flatley', '320c8078-dedc-40b8-9861-c3c997ce70d0');
INSERT INTO Artiste (idArtiste, nom, idSpectacle) VALUES ('c436fa27-dbd3-40b8-bfc2-dd6c5f6a773b', 'Eloise Runte', '320c8078-dedc-40b8-9861-c3c997ce70d0');
INSERT INTO ImgSpectacle (idImg, img, idSpectacle) VALUES (226, 'image_spectacle_76_1.jpg', '320c8078-dedc-40b8-9861-c3c997ce70d0');
INSERT INTO ImgSpectacle (idImg, img, idSpectacle) VALUES (227, 'image_spectacle_76_2.jpg', '320c8078-dedc-40b8-9861-c3c997ce70d0');
INSERT INTO ImgSpectacle (idImg, img, idSpectacle) VALUES (228, 'image_spectacle_76_3.jpg', '320c8078-dedc-40b8-9861-c3c997ce70d0');
INSERT INTO Spectacle (idSpectacle, titre, description, urlVideo, horairePrevionnel, idSoiree, idImg) VALUES ('90802c97-c63b-43f6-8643-34ccef463e21', 'Spectacle 77', 'Omnis fugiat tempore omnis nam sint et.', 'video_spectacle_77.mp4', '2023-04-13 08:36:26', '07b3d56e-ee41-4a24-b6d6-305a20bb1025', 39);
INSERT INTO Artiste (idArtiste, nom, idSpectacle) VALUES ('8659d849-6c5b-44d7-a94a-54c5325f255a', 'Dr. Jack Barton', '90802c97-c63b-43f6-8643-34ccef463e21');
INSERT INTO Artiste (idArtiste, nom, idSpectacle) VALUES ('73d391cf-dce6-4581-a619-4455f56e3cbc', 'Mr. Tyrique Raynor DVM', '90802c97-c63b-43f6-8643-34ccef463e21');
INSERT INTO ImgSpectacle (idImg, img, idSpectacle) VALUES (229, 'image_spectacle_77_1.jpg', '90802c97-c63b-43f6-8643-34ccef463e21');
INSERT INTO ImgSpectacle (idImg, img, idSpectacle) VALUES (230, 'image_spectacle_77_2.jpg', '90802c97-c63b-43f6-8643-34ccef463e21');
INSERT INTO ImgSpectacle (idImg, img, idSpectacle) VALUES (231, 'image_spectacle_77_3.jpg', '90802c97-c63b-43f6-8643-34ccef463e21');
INSERT INTO Spectacle (idSpectacle, titre, description, urlVideo, horairePrevionnel, idSoiree, idImg) VALUES ('d4d45185-bfb8-423d-9b27-904158837008', 'Spectacle 78', 'Quasi aut est nihil dicta ut.', 'video_spectacle_78.mp4', '2023-07-22 08:31:16', '07b3d56e-ee41-4a24-b6d6-305a20bb1025', 180);
INSERT INTO Artiste (idArtiste, nom, idSpectacle) VALUES ('701b657f-9b29-4ce9-b900-3047a8eb078f', 'Maia Medhurst', 'd4d45185-bfb8-423d-9b27-904158837008');
INSERT INTO Artiste (idArtiste, nom, idSpectacle) VALUES ('f341892c-e744-468f-9b3e-ae9cc54ab9e5', 'Emmanuel Heidenreich', 'd4d45185-bfb8-423d-9b27-904158837008');
INSERT INTO ImgSpectacle (idImg, img, idSpectacle) VALUES (232, 'image_spectacle_78_1.jpg', 'd4d45185-bfb8-423d-9b27-904158837008');
INSERT INTO ImgSpectacle (idImg, img, idSpectacle) VALUES (233, 'image_spectacle_78_2.jpg', 'd4d45185-bfb8-423d-9b27-904158837008');
INSERT INTO Spectacle (idSpectacle, titre, description, urlVideo, horairePrevionnel, idSoiree, idImg) VALUES ('1d60d489-3af2-4873-899a-c6ee50cdcefa', 'Spectacle 79', 'Mollitia exercitationem voluptatem eum.', 'video_spectacle_79.mp4', '2023-09-22 03:54:54', '07b3d56e-ee41-4a24-b6d6-305a20bb1025', 56);
INSERT INTO Artiste (idArtiste, nom, idSpectacle) VALUES ('b11f9c06-00a8-40d7-ab0c-80e2001a96e6', 'Oliver Bruen II', '1d60d489-3af2-4873-899a-c6ee50cdcefa');
INSERT INTO Artiste (idArtiste, nom, idSpectacle) VALUES ('c35317ce-6a28-4484-a2cc-7411acf9681a', 'Mrs. Jacquelyn Bauch', '1d60d489-3af2-4873-899a-c6ee50cdcefa');
INSERT INTO Artiste (idArtiste, nom, idSpectacle) VALUES ('40c48f58-02b6-4afd-bca6-eee41974d373', 'Genoveva Gulgowski MD', '1d60d489-3af2-4873-899a-c6ee50cdcefa');
INSERT INTO ImgSpectacle (idImg, img, idSpectacle) VALUES (235, 'image_spectacle_79_1.jpg', '1d60d489-3af2-4873-899a-c6ee50cdcefa');
INSERT INTO Spectacle (idSpectacle, titre, description, urlVideo, horairePrevionnel, idSoiree, idImg) VALUES ('41ba4340-88d5-4f05-8192-1a6d20c838a3', 'Spectacle 80', 'Natus natus placeat id recusandae molestiae pariatur.', 'video_spectacle_80.mp4', '2023-10-08 15:36:09', '07b3d56e-ee41-4a24-b6d6-305a20bb1025', 58);
INSERT INTO Artiste (idArtiste, nom, idSpectacle) VALUES ('11819a79-a61d-49c7-b90e-d08b2043a675', 'Mr. Hayden Strosin II', '41ba4340-88d5-4f05-8192-1a6d20c838a3');
INSERT INTO ImgSpectacle (idImg, img, idSpectacle) VALUES (238, 'image_spectacle_80_1.jpg', '41ba4340-88d5-4f05-8192-1a6d20c838a3');
INSERT INTO Spectacle (idSpectacle, titre, description, urlVideo, horairePrevionnel, idSoiree, idImg) VALUES ('4ef5650b-ce1b-43c7-be00-d866b699f5e6', 'Spectacle 81', 'Quia odit reprehenderit perferendis voluptatem.', 'video_spectacle_81.mp4', '2023-04-03 02:52:23', '07b3d56e-ee41-4a24-b6d6-305a20bb1025', 14);
INSERT INTO Artiste (idArtiste, nom, idSpectacle) VALUES ('a71de4af-d226-4630-8b5f-dc6c8afa246a', 'Karl Sipes', '4ef5650b-ce1b-43c7-be00-d866b699f5e6');
INSERT INTO Artiste (idArtiste, nom, idSpectacle) VALUES ('74635766-0946-446b-b086-5222f18cd5f6', 'Sheridan Pacocha', '4ef5650b-ce1b-43c7-be00-d866b699f5e6');
INSERT INTO Artiste (idArtiste, nom, idSpectacle) VALUES ('b450eb83-543d-48f2-abc5-98b95c9bad05', 'Mr. Aidan Collier', '4ef5650b-ce1b-43c7-be00-d866b699f5e6');
INSERT INTO ImgSpectacle (idImg, img, idSpectacle) VALUES (241, 'image_spectacle_81_1.jpg', '4ef5650b-ce1b-43c7-be00-d866b699f5e6');
INSERT INTO ImgSpectacle (idImg, img, idSpectacle) VALUES (242, 'image_spectacle_81_2.jpg', '4ef5650b-ce1b-43c7-be00-d866b699f5e6');
INSERT INTO ImgSpectacle (idImg, img, idSpectacle) VALUES (243, 'image_spectacle_81_3.jpg', '4ef5650b-ce1b-43c7-be00-d866b699f5e6');
INSERT INTO Spectacle (idSpectacle, titre, description, urlVideo, horairePrevionnel, idSoiree, idImg) VALUES ('cb4e3e10-f542-4eb3-9f08-9f24d438ed4c', 'Spectacle 82', 'Id sunt sunt optio voluptates et qui.', 'video_spectacle_82.mp4', '2023-10-21 06:48:29', '07b3d56e-ee41-4a24-b6d6-305a20bb1025', 237);
INSERT INTO Artiste (idArtiste, nom, idSpectacle) VALUES ('0c5c3fa3-a88a-4b55-a2f3-3af0d4d406b7', 'Katlynn Hermann', 'cb4e3e10-f542-4eb3-9f08-9f24d438ed4c');
INSERT INTO ImgSpectacle (idImg, img, idSpectacle) VALUES (244, 'image_spectacle_82_1.jpg', 'cb4e3e10-f542-4eb3-9f08-9f24d438ed4c');
INSERT INTO Spectacle (idSpectacle, titre, description, urlVideo, horairePrevionnel, idSoiree, idImg) VALUES ('ae42e98b-cdb5-45be-b8b5-9a092eadadc5', 'Spectacle 83', 'Quia consectetur et a fugit facere omnis quae.', 'video_spectacle_83.mp4', '2023-03-20 05:51:01', '07b3d56e-ee41-4a24-b6d6-305a20bb1025', 208);
INSERT INTO Artiste (idArtiste, nom, idSpectacle) VALUES ('4f3e2514-e9c0-43cd-9a7b-a56c01336814', 'Octavia Mueller', 'ae42e98b-cdb5-45be-b8b5-9a092eadadc5');
INSERT INTO Artiste (idArtiste, nom, idSpectacle) VALUES ('95ad808d-9fbd-4302-9bd8-5eac183217f6', 'Dr. Chelsea Mertz V', 'ae42e98b-cdb5-45be-b8b5-9a092eadadc5');
INSERT INTO Artiste (idArtiste, nom, idSpectacle) VALUES ('b767a774-88f7-49bc-87e3-a882d3ec35bc', 'Maia Steuber', 'ae42e98b-cdb5-45be-b8b5-9a092eadadc5');
INSERT INTO ImgSpectacle (idImg, img, idSpectacle) VALUES (247, 'image_spectacle_83_1.jpg', 'ae42e98b-cdb5-45be-b8b5-9a092eadadc5');
INSERT INTO Spectacle (idSpectacle, titre, description, urlVideo, horairePrevionnel, idSoiree, idImg) VALUES ('45d85498-e8db-4d69-8daa-e222cc45d67b', 'Spectacle 84', 'Voluptas cupiditate quae sit iusto ipsa sunt praesentium.', 'video_spectacle_84.mp4', '2023-01-03 23:35:02', '07b3d56e-ee41-4a24-b6d6-305a20bb1025', 245);
INSERT INTO Artiste (idArtiste, nom, idSpectacle) VALUES ('9c6e8dba-d585-451d-834c-305451ea6d0b', 'Dr. Madyson Abshire', '45d85498-e8db-4d69-8daa-e222cc45d67b');
INSERT INTO ImgSpectacle (idImg, img, idSpectacle) VALUES (250, 'image_spectacle_84_1.jpg', '45d85498-e8db-4d69-8daa-e222cc45d67b');
INSERT INTO ImgSpectacle (idImg, img, idSpectacle) VALUES (251, 'image_spectacle_84_2.jpg', '45d85498-e8db-4d69-8daa-e222cc45d67b');
INSERT INTO Spectacle (idSpectacle, titre, description, urlVideo, horairePrevionnel, idSoiree, idImg) VALUES ('406f9183-bd27-4bc9-8b13-a0f39a39031c', 'Spectacle 85', 'Tempore nihil necessitatibus esse et natus molestiae repudiandae.', 'video_spectacle_85.mp4', '2023-10-06 21:58:01', '07b3d56e-ee41-4a24-b6d6-305a20bb1025', 220);
INSERT INTO Artiste (idArtiste, nom, idSpectacle) VALUES ('b5853154-d846-4aab-b86d-cafbf88fb3bc', 'Loraine Nolan', '406f9183-bd27-4bc9-8b13-a0f39a39031c');
INSERT INTO Artiste (idArtiste, nom, idSpectacle) VALUES ('b002dbf2-3770-4ace-b6f9-cef91f4a13a5', 'Onie Larkin DVM', '406f9183-bd27-4bc9-8b13-a0f39a39031c');
INSERT INTO ImgSpectacle (idImg, img, idSpectacle) VALUES (253, 'image_spectacle_85_1.jpg', '406f9183-bd27-4bc9-8b13-a0f39a39031c');
INSERT INTO ImgSpectacle (idImg, img, idSpectacle) VALUES (254, 'image_spectacle_85_2.jpg', '406f9183-bd27-4bc9-8b13-a0f39a39031c');
INSERT INTO ImgSpectacle (idImg, img, idSpectacle) VALUES (255, 'image_spectacle_85_3.jpg', '406f9183-bd27-4bc9-8b13-a0f39a39031c');
INSERT INTO Spectacle (idSpectacle, titre, description, urlVideo, horairePrevionnel, idSoiree, idImg) VALUES ('0125150a-21a3-46e2-a2cb-4963411927bb', 'Spectacle 86', 'Quas minima voluptates distinctio autem ullam velit nulla.', 'video_spectacle_86.mp4', '2023-07-21 18:05:31', '07b3d56e-ee41-4a24-b6d6-305a20bb1025', 367);
INSERT INTO Artiste (idArtiste, nom, idSpectacle) VALUES ('fe5a4f6d-6e4b-4665-9580-0227ba7e33c7', 'Celestine Von', '0125150a-21a3-46e2-a2cb-4963411927bb');
INSERT INTO ImgSpectacle (idImg, img, idSpectacle) VALUES (256, 'image_spectacle_86_1.jpg', '0125150a-21a3-46e2-a2cb-4963411927bb');
INSERT INTO ImgSpectacle (idImg, img, idSpectacle) VALUES (257, 'image_spectacle_86_2.jpg', '0125150a-21a3-46e2-a2cb-4963411927bb');
INSERT INTO ImgSpectacle (idImg, img, idSpectacle) VALUES (258, 'image_spectacle_86_3.jpg', '0125150a-21a3-46e2-a2cb-4963411927bb');
INSERT INTO Spectacle (idSpectacle, titre, description, urlVideo, horairePrevionnel, idSoiree, idImg) VALUES ('769ff14b-149d-451b-baef-168e77b3a00c', 'Spectacle 87', 'Sed sed enim molestiae eos nobis enim fugiat.', 'video_spectacle_87.mp4', '2023-02-21 18:38:29', '07b3d56e-ee41-4a24-b6d6-305a20bb1025', 290);
INSERT INTO Artiste (idArtiste, nom, idSpectacle) VALUES ('41c6a107-3d77-4ba0-b1ee-34f51dbeb442', 'Carmel Medhurst', '769ff14b-149d-451b-baef-168e77b3a00c');
INSERT INTO Artiste (idArtiste, nom, idSpectacle) VALUES ('9bbe0936-06b9-4a4f-bb29-e0e56b458dbe', 'Mr. Chad Walter', '769ff14b-149d-451b-baef-168e77b3a00c');
INSERT INTO ImgSpectacle (idImg, img, idSpectacle) VALUES (259, 'image_spectacle_87_1.jpg', '769ff14b-149d-451b-baef-168e77b3a00c');
INSERT INTO ImgSpectacle (idImg, img, idSpectacle) VALUES (260, 'image_spectacle_87_2.jpg', '769ff14b-149d-451b-baef-168e77b3a00c');
INSERT INTO ImgSpectacle (idImg, img, idSpectacle) VALUES (261, 'image_spectacle_87_3.jpg', '769ff14b-149d-451b-baef-168e77b3a00c');
INSERT INTO Spectacle (idSpectacle, titre, description, urlVideo, horairePrevionnel, idSoiree, idImg) VALUES ('aa3b902f-fa61-4271-8f45-75889c96f45e', 'Spectacle 88', 'Tempora veritatis qui qui quis.', 'video_spectacle_88.mp4', '2023-02-16 21:30:15', '07b3d56e-ee41-4a24-b6d6-305a20bb1025', 60);
INSERT INTO Artiste (idArtiste, nom, idSpectacle) VALUES ('adbf9ecf-2d2e-44cd-98f8-68454c409365', 'Ora Monahan', 'aa3b902f-fa61-4271-8f45-75889c96f45e');
INSERT INTO Artiste (idArtiste, nom, idSpectacle) VALUES ('7655489a-5bf0-489e-a151-37ad81347a25', 'Douglas Muller', 'aa3b902f-fa61-4271-8f45-75889c96f45e');
INSERT INTO ImgSpectacle (idImg, img, idSpectacle) VALUES (262, 'image_spectacle_88_1.jpg', 'aa3b902f-fa61-4271-8f45-75889c96f45e');
INSERT INTO Spectacle (idSpectacle, titre, description, urlVideo, horairePrevionnel, idSoiree, idImg) VALUES ('e19d4e3d-f100-4168-9721-669d9e3defa7', 'Spectacle 89', 'Id eum assumenda natus cumque autem enim ipsam ipsam.', 'video_spectacle_89.mp4', '2023-04-26 16:30:01', '07b3d56e-ee41-4a24-b6d6-305a20bb1025', 341);
INSERT INTO Artiste (idArtiste, nom, idSpectacle) VALUES ('8fc0fa29-dc3c-406e-bef3-7b3ec2aa68ec', 'Mrs. Ursula DuBuque', 'e19d4e3d-f100-4168-9721-669d9e3defa7');
INSERT INTO Artiste (idArtiste, nom, idSpectacle) VALUES ('ae745c22-e16a-45e9-9f9a-25de7aef69f8', 'Alessia Stamm', 'e19d4e3d-f100-4168-9721-669d9e3defa7');
INSERT INTO Artiste (idArtiste, nom, idSpectacle) VALUES ('916c9af4-308b-45d7-a7e2-a348db281e65', 'Meaghan Lang', 'e19d4e3d-f100-4168-9721-669d9e3defa7');
INSERT INTO ImgSpectacle (idImg, img, idSpectacle) VALUES (265, 'image_spectacle_89_1.jpg', 'e19d4e3d-f100-4168-9721-669d9e3defa7');
INSERT INTO Spectacle (idSpectacle, titre, description, urlVideo, horairePrevionnel, idSoiree, idImg) VALUES ('78b3516c-07b1-4f94-84e5-35e96e0e709a', 'Spectacle 90', 'Error dolore et et quasi.', 'video_spectacle_90.mp4', '2023-03-30 15:14:28', '07b3d56e-ee41-4a24-b6d6-305a20bb1025', 267);
INSERT INTO Artiste (idArtiste, nom, idSpectacle) VALUES ('648dbf73-e1bb-4e4b-92c1-613d1b146fa4', 'Cory Tillman', '78b3516c-07b1-4f94-84e5-35e96e0e709a');
INSERT INTO Artiste (idArtiste, nom, idSpectacle) VALUES ('e3712cc6-9444-4a8b-b96b-1d637faf144b', 'Prof. Terrance Larkin', '78b3516c-07b1-4f94-84e5-35e96e0e709a');
INSERT INTO ImgSpectacle (idImg, img, idSpectacle) VALUES (268, 'image_spectacle_90_1.jpg', '78b3516c-07b1-4f94-84e5-35e96e0e709a');
INSERT INTO Spectacle (idSpectacle, titre, description, urlVideo, horairePrevionnel, idSoiree, idImg) VALUES ('189d4cfa-ca05-425d-be0a-f7f83961b39d', 'Spectacle 91', 'Accusantium error earum assumenda pariatur labore.', 'video_spectacle_91.mp4', '2023-02-11 05:47:14', '07b3d56e-ee41-4a24-b6d6-305a20bb1025', 335);
INSERT INTO Artiste (idArtiste, nom, idSpectacle) VALUES ('0d2104fe-57cb-4934-a1c4-9e6edd39bde6', 'Izabella Cassin', '189d4cfa-ca05-425d-be0a-f7f83961b39d');
INSERT INTO Artiste (idArtiste, nom, idSpectacle) VALUES ('c7abdfa6-c9d9-45f3-9fd3-c35b2bc849dc', 'Derick Leuschke', '189d4cfa-ca05-425d-be0a-f7f83961b39d');
INSERT INTO ImgSpectacle (idImg, img, idSpectacle) VALUES (271, 'image_spectacle_91_1.jpg', '189d4cfa-ca05-425d-be0a-f7f83961b39d');
INSERT INTO ImgSpectacle (idImg, img, idSpectacle) VALUES (272, 'image_spectacle_91_2.jpg', '189d4cfa-ca05-425d-be0a-f7f83961b39d');
INSERT INTO Spectacle (idSpectacle, titre, description, urlVideo, horairePrevionnel, idSoiree, idImg) VALUES ('6d1a3f0c-75b0-483b-849c-f6f4d8135ba6', 'Spectacle 92', 'Vel nam ad ut ipsum est eaque quaerat accusamus.', 'video_spectacle_92.mp4', '2023-03-22 09:45:47', '07b3d56e-ee41-4a24-b6d6-305a20bb1025', 7);
INSERT INTO Artiste (idArtiste, nom, idSpectacle) VALUES ('d1847f46-9de5-4bde-afff-228777a9c1c7', 'Fiona Boyle', '6d1a3f0c-75b0-483b-849c-f6f4d8135ba6');
INSERT INTO Artiste (idArtiste, nom, idSpectacle) VALUES ('9d7dc1de-6032-469b-80b1-39f0ebf9f59a', 'Cooper Kautzer III', '6d1a3f0c-75b0-483b-849c-f6f4d8135ba6');
INSERT INTO Artiste (idArtiste, nom, idSpectacle) VALUES ('56bdc881-dea2-4a56-ab5a-0a69453a2879', 'Damon Johns', '6d1a3f0c-75b0-483b-849c-f6f4d8135ba6');
INSERT INTO ImgSpectacle (idImg, img, idSpectacle) VALUES (274, 'image_spectacle_92_1.jpg', '6d1a3f0c-75b0-483b-849c-f6f4d8135ba6');
INSERT INTO ImgSpectacle (idImg, img, idSpectacle) VALUES (275, 'image_spectacle_92_2.jpg', '6d1a3f0c-75b0-483b-849c-f6f4d8135ba6');
INSERT INTO Spectacle (idSpectacle, titre, description, urlVideo, horairePrevionnel, idSoiree, idImg) VALUES ('33c94d0a-115e-4442-ab31-dbddca4b8abe', 'Spectacle 93', 'Et quia dolor et aut.', 'video_spectacle_93.mp4', '2023-08-23 18:04:54', '07b3d56e-ee41-4a24-b6d6-305a20bb1025', 303);
INSERT INTO Artiste (idArtiste, nom, idSpectacle) VALUES ('0be1fb1a-0fa2-47bf-97a9-56f61b7d92db', 'Elvera Powlowski PhD', '33c94d0a-115e-4442-ab31-dbddca4b8abe');
INSERT INTO ImgSpectacle (idImg, img, idSpectacle) VALUES (277, 'image_spectacle_93_1.jpg', '33c94d0a-115e-4442-ab31-dbddca4b8abe');
INSERT INTO ImgSpectacle (idImg, img, idSpectacle) VALUES (278, 'image_spectacle_93_2.jpg', '33c94d0a-115e-4442-ab31-dbddca4b8abe');
INSERT INTO ImgSpectacle (idImg, img, idSpectacle) VALUES (279, 'image_spectacle_93_3.jpg', '33c94d0a-115e-4442-ab31-dbddca4b8abe');
INSERT INTO Spectacle (idSpectacle, titre, description, urlVideo, horairePrevionnel, idSoiree, idImg) VALUES ('c2c9c8d2-1020-40dd-aa5c-4d76bc15ae98', 'Spectacle 94', 'Blanditiis sapiente rerum quia aliquam magni enim.', 'video_spectacle_94.mp4', '2023-06-07 14:03:55', '07b3d56e-ee41-4a24-b6d6-305a20bb1025', 102);
INSERT INTO Artiste (idArtiste, nom, idSpectacle) VALUES ('4fe182ce-590d-4cd0-8911-361d2c17235a', 'Milton Aufderhar', 'c2c9c8d2-1020-40dd-aa5c-4d76bc15ae98');
INSERT INTO Artiste (idArtiste, nom, idSpectacle) VALUES ('58308b2f-6b83-4957-b5e8-0a9e37febd80', 'Mason Boyer', 'c2c9c8d2-1020-40dd-aa5c-4d76bc15ae98');
INSERT INTO Artiste (idArtiste, nom, idSpectacle) VALUES ('84bcf905-a168-4b7c-a9eb-d74c66054684', 'Mrs. Rosalia Schultz PhD', 'c2c9c8d2-1020-40dd-aa5c-4d76bc15ae98');
INSERT INTO ImgSpectacle (idImg, img, idSpectacle) VALUES (280, 'image_spectacle_94_1.jpg', 'c2c9c8d2-1020-40dd-aa5c-4d76bc15ae98');
INSERT INTO Spectacle (idSpectacle, titre, description, urlVideo, horairePrevionnel, idSoiree, idImg) VALUES ('e85049d4-3aff-4c8e-91f6-1a2415a8efae', 'Spectacle 95', 'Beatae voluptas laboriosam quis necessitatibus aspernatur nostrum unde fugit.', 'video_spectacle_95.mp4', '2023-10-20 07:48:28', '07b3d56e-ee41-4a24-b6d6-305a20bb1025', 335);
INSERT INTO Artiste (idArtiste, nom, idSpectacle) VALUES ('49dfc54d-4489-408e-9321-750e1d724b81', 'Heather Luettgen DDS', 'e85049d4-3aff-4c8e-91f6-1a2415a8efae');
INSERT INTO ImgSpectacle (idImg, img, idSpectacle) VALUES (283, 'image_spectacle_95_1.jpg', 'e85049d4-3aff-4c8e-91f6-1a2415a8efae');
INSERT INTO Spectacle (idSpectacle, titre, description, urlVideo, horairePrevionnel, idSoiree, idImg) VALUES ('11a790ce-d6d7-4149-ad63-d890d63143d2', 'Spectacle 96', 'Sed eius natus eum necessitatibus qui optio dolore mollitia.', 'video_spectacle_96.mp4', '2023-02-11 00:10:58', '07b3d56e-ee41-4a24-b6d6-305a20bb1025', 188);
INSERT INTO Artiste (idArtiste, nom, idSpectacle) VALUES ('38b00a1a-22b8-40a6-8a55-074c98921fbe', 'Dr. Fatima Hegmann', '11a790ce-d6d7-4149-ad63-d890d63143d2');
INSERT INTO ImgSpectacle (idImg, img, idSpectacle) VALUES (286, 'image_spectacle_96_1.jpg', '11a790ce-d6d7-4149-ad63-d890d63143d2');
INSERT INTO ImgSpectacle (idImg, img, idSpectacle) VALUES (287, 'image_spectacle_96_2.jpg', '11a790ce-d6d7-4149-ad63-d890d63143d2');
INSERT INTO Spectacle (idSpectacle, titre, description, urlVideo, horairePrevionnel, idSoiree, idImg) VALUES ('a0e72b02-4f7c-4aac-a6f4-d7f30ee5914d', 'Spectacle 97', 'Sed similique inventore voluptas.', 'video_spectacle_97.mp4', '2023-03-25 11:14:08', '07b3d56e-ee41-4a24-b6d6-305a20bb1025', 108);
INSERT INTO Artiste (idArtiste, nom, idSpectacle) VALUES ('b5048ddb-5fc7-40b9-8907-586414b2f6eb', 'Savanna Reilly', 'a0e72b02-4f7c-4aac-a6f4-d7f30ee5914d');
INSERT INTO Artiste (idArtiste, nom, idSpectacle) VALUES ('2ce75558-f56e-4b91-98b5-76ff9694691c', 'Arlie Wolf', 'a0e72b02-4f7c-4aac-a6f4-d7f30ee5914d');
INSERT INTO Artiste (idArtiste, nom, idSpectacle) VALUES ('c48ed087-cc53-47e0-a2f5-43b233cb7b26', 'Prof. Maia Wisoky', 'a0e72b02-4f7c-4aac-a6f4-d7f30ee5914d');
INSERT INTO ImgSpectacle (idImg, img, idSpectacle) VALUES (289, 'image_spectacle_97_1.jpg', 'a0e72b02-4f7c-4aac-a6f4-d7f30ee5914d');
INSERT INTO ImgSpectacle (idImg, img, idSpectacle) VALUES (290, 'image_spectacle_97_2.jpg', 'a0e72b02-4f7c-4aac-a6f4-d7f30ee5914d');
INSERT INTO ImgSpectacle (idImg, img, idSpectacle) VALUES (291, 'image_spectacle_97_3.jpg', 'a0e72b02-4f7c-4aac-a6f4-d7f30ee5914d');
INSERT INTO Spectacle (idSpectacle, titre, description, urlVideo, horairePrevionnel, idSoiree, idImg) VALUES ('9f0f1f7f-5dd2-43d2-97e0-0ce579c2f7a2', 'Spectacle 98', 'Ex fugit atque molestiae doloremque laudantium ad.', 'video_spectacle_98.mp4', '2023-04-15 08:31:57', '07b3d56e-ee41-4a24-b6d6-305a20bb1025', 82);
INSERT INTO Artiste (idArtiste, nom, idSpectacle) VALUES ('911f7ed7-d5ae-4b7c-8194-e83b9e276ff1', 'Dr. Donald Hammes I', '9f0f1f7f-5dd2-43d2-97e0-0ce579c2f7a2');
INSERT INTO Artiste (idArtiste, nom, idSpectacle) VALUES ('1dd228af-3860-4190-be95-78a00bec898e', 'Molly Monahan', '9f0f1f7f-5dd2-43d2-97e0-0ce579c2f7a2');
INSERT INTO ImgSpectacle (idImg, img, idSpectacle) VALUES (292, 'image_spectacle_98_1.jpg', '9f0f1f7f-5dd2-43d2-97e0-0ce579c2f7a2');
INSERT INTO Spectacle (idSpectacle, titre, description, urlVideo, horairePrevionnel, idSoiree, idImg) VALUES ('e3336d61-66dc-427f-8759-441ad2387007', 'Spectacle 99', 'Est non fugit aut sit voluptas accusantium non.', 'video_spectacle_99.mp4', '2023-08-24 08:23:08', '07b3d56e-ee41-4a24-b6d6-305a20bb1025', 61);
INSERT INTO Artiste (idArtiste, nom, idSpectacle) VALUES ('13d0c7c5-85a4-470e-a9e6-77c9c1c1ce5f', 'Tracy Witting', 'e3336d61-66dc-427f-8759-441ad2387007');
INSERT INTO Artiste (idArtiste, nom, idSpectacle) VALUES ('67e92536-aa2e-4651-9803-61dfb18a66a1', 'Dr. Samantha Lakin V', 'e3336d61-66dc-427f-8759-441ad2387007');
INSERT INTO Artiste (idArtiste, nom, idSpectacle) VALUES ('745c6f5d-bf48-4f43-80c7-7b931283a785', 'Kaleigh Hintz', 'e3336d61-66dc-427f-8759-441ad2387007');
INSERT INTO ImgSpectacle (idImg, img, idSpectacle) VALUES (295, 'image_spectacle_99_1.jpg', 'e3336d61-66dc-427f-8759-441ad2387007');
INSERT INTO Spectacle (idSpectacle, titre, description, urlVideo, horairePrevionnel, idSoiree, idImg) VALUES ('d63c5bf2-411d-4c6f-8857-4b389f20a754', 'Spectacle 100', 'Ut quam sed hic temporibus assumenda iure.', 'video_spectacle_100.mp4', '2023-05-25 09:24:07', '07b3d56e-ee41-4a24-b6d6-305a20bb1025', 280);
INSERT INTO Artiste (idArtiste, nom, idSpectacle) VALUES ('0fa23217-5dca-47db-8d5b-6de3d9037294', 'Randi Goldner', 'd63c5bf2-411d-4c6f-8857-4b389f20a754');
INSERT INTO Artiste (idArtiste, nom, idSpectacle) VALUES ('3fec86d5-b6aa-484d-8a8b-2aa479f7f4dd', 'Cedrick Stanton II', 'd63c5bf2-411d-4c6f-8857-4b389f20a754');
INSERT INTO Artiste (idArtiste, nom, idSpectacle) VALUES ('e1c2e12e-d663-4972-9210-b78242fac021', 'Prof. Torey Heathcote I', 'd63c5bf2-411d-4c6f-8857-4b389f20a754');
INSERT INTO ImgSpectacle (idImg, img, idSpectacle) VALUES (298, 'image_spectacle_100_1.jpg', 'd63c5bf2-411d-4c6f-8857-4b389f20a754');
INSERT INTO Spectacle (idSpectacle, titre, description, urlVideo, horairePrevionnel, idSoiree, idImg) VALUES ('2f6ed03c-7cc9-4e3f-8a02-c566ef666e9c', 'Spectacle 101', 'Quo laboriosam et laudantium dignissimos voluptatem.', 'video_spectacle_101.mp4', '2023-02-25 01:50:05', '07b3d56e-ee41-4a24-b6d6-305a20bb1025', 358);
INSERT INTO Artiste (idArtiste, nom, idSpectacle) VALUES ('71c476b4-91fd-43bd-9f20-b632a44591b8', 'Tressie Weber', '2f6ed03c-7cc9-4e3f-8a02-c566ef666e9c');
INSERT INTO Artiste (idArtiste, nom, idSpectacle) VALUES ('e6e592bf-ea6d-498a-a764-9bb1936071c1', 'Tatyana Schmidt', '2f6ed03c-7cc9-4e3f-8a02-c566ef666e9c');
INSERT INTO ImgSpectacle (idImg, img, idSpectacle) VALUES (301, 'image_spectacle_101_1.jpg', '2f6ed03c-7cc9-4e3f-8a02-c566ef666e9c');
INSERT INTO ImgSpectacle (idImg, img, idSpectacle) VALUES (302, 'image_spectacle_101_2.jpg', '2f6ed03c-7cc9-4e3f-8a02-c566ef666e9c');
INSERT INTO ImgSpectacle (idImg, img, idSpectacle) VALUES (303, 'image_spectacle_101_3.jpg', '2f6ed03c-7cc9-4e3f-8a02-c566ef666e9c');
INSERT INTO Spectacle (idSpectacle, titre, description, urlVideo, horairePrevionnel, idSoiree, idImg) VALUES ('5c4aebba-8484-4bf3-b479-343780e58f9f', 'Spectacle 102', 'Animi iusto maxime cum ea laborum quibusdam at.', 'video_spectacle_102.mp4', '2023-08-31 04:41:56', '07b3d56e-ee41-4a24-b6d6-305a20bb1025', 26);
INSERT INTO Artiste (idArtiste, nom, idSpectacle) VALUES ('a8fc1bda-3eda-45e9-b14c-b2e714dc36dd', 'Ceasar Kulas', '5c4aebba-8484-4bf3-b479-343780e58f9f');
INSERT INTO Artiste (idArtiste, nom, idSpectacle) VALUES ('25288998-7bef-4e5d-a80c-93391cad7f4f', 'Thora Yost', '5c4aebba-8484-4bf3-b479-343780e58f9f');
INSERT INTO Artiste (idArtiste, nom, idSpectacle) VALUES ('09efcdd1-99fc-47ad-8548-5325a3eed647', 'Edna Halvorson IV', '5c4aebba-8484-4bf3-b479-343780e58f9f');
INSERT INTO ImgSpectacle (idImg, img, idSpectacle) VALUES (304, 'image_spectacle_102_1.jpg', '5c4aebba-8484-4bf3-b479-343780e58f9f');
INSERT INTO ImgSpectacle (idImg, img, idSpectacle) VALUES (305, 'image_spectacle_102_2.jpg', '5c4aebba-8484-4bf3-b479-343780e58f9f');
INSERT INTO ImgSpectacle (idImg, img, idSpectacle) VALUES (306, 'image_spectacle_102_3.jpg', '5c4aebba-8484-4bf3-b479-343780e58f9f');
INSERT INTO Spectacle (idSpectacle, titre, description, urlVideo, horairePrevionnel, idSoiree, idImg) VALUES ('076c859c-0e69-4079-aa73-d1eb00eecafa', 'Spectacle 103', 'Aut ut aut ut fugit facere aperiam dolor.', 'video_spectacle_103.mp4', '2023-06-29 16:18:32', '07b3d56e-ee41-4a24-b6d6-305a20bb1025', 265);
INSERT INTO Artiste (idArtiste, nom, idSpectacle) VALUES ('d1c6ef42-a2c7-4b9f-9f69-d357c5ca1ac7', 'Destinee Larson', '076c859c-0e69-4079-aa73-d1eb00eecafa');
INSERT INTO ImgSpectacle (idImg, img, idSpectacle) VALUES (307, 'image_spectacle_103_1.jpg', '076c859c-0e69-4079-aa73-d1eb00eecafa');
INSERT INTO ImgSpectacle (idImg, img, idSpectacle) VALUES (308, 'image_spectacle_103_2.jpg', '076c859c-0e69-4079-aa73-d1eb00eecafa');
INSERT INTO Spectacle (idSpectacle, titre, description, urlVideo, horairePrevionnel, idSoiree, idImg) VALUES ('27d5ce1d-5b52-4edf-89f1-cf03b7cc1cef', 'Spectacle 104', 'Necessitatibus et nihil expedita aut perferendis similique molestias.', 'video_spectacle_104.mp4', '2023-06-27 23:29:31', '07b3d56e-ee41-4a24-b6d6-305a20bb1025', 194);
INSERT INTO Artiste (idArtiste, nom, idSpectacle) VALUES ('03e8e6ac-d8d6-4858-8ab0-3cf29de85840', 'Lonny Conroy', '27d5ce1d-5b52-4edf-89f1-cf03b7cc1cef');
INSERT INTO Artiste (idArtiste, nom, idSpectacle) VALUES ('ff4016f7-5d14-48bf-9be7-f88f36b821c8', 'Lea Hirthe', '27d5ce1d-5b52-4edf-89f1-cf03b7cc1cef');
INSERT INTO Artiste (idArtiste, nom, idSpectacle) VALUES ('020781f3-423d-4113-a6f3-59577d82a599', 'Macie Bartoletti', '27d5ce1d-5b52-4edf-89f1-cf03b7cc1cef');
INSERT INTO ImgSpectacle (idImg, img, idSpectacle) VALUES (310, 'image_spectacle_104_1.jpg', '27d5ce1d-5b52-4edf-89f1-cf03b7cc1cef');
INSERT INTO Spectacle (idSpectacle, titre, description, urlVideo, horairePrevionnel, idSoiree, idImg) VALUES ('d77ab261-a245-4853-9ee1-e5f9b6f99ce8', 'Spectacle 105', 'Maiores ut quo optio beatae accusamus autem.', 'video_spectacle_105.mp4', '2023-07-27 11:57:17', '07b3d56e-ee41-4a24-b6d6-305a20bb1025', 255);
INSERT INTO Artiste (idArtiste, nom, idSpectacle) VALUES ('a8604999-7b29-41ac-93de-5670971f0df3', 'Dr. Deonte Gorczany DDS', 'd77ab261-a245-4853-9ee1-e5f9b6f99ce8');
INSERT INTO Artiste (idArtiste, nom, idSpectacle) VALUES ('f928dfbf-177a-496d-ab1d-f00eb9b5b861', 'Mr. Ken Hudson', 'd77ab261-a245-4853-9ee1-e5f9b6f99ce8');
INSERT INTO Artiste (idArtiste, nom, idSpectacle) VALUES ('004d1018-acec-4851-bcdf-d9d77e2ddf93', 'Dr. Monroe Oberbrunner IV', 'd77ab261-a245-4853-9ee1-e5f9b6f99ce8');
INSERT INTO ImgSpectacle (idImg, img, idSpectacle) VALUES (313, 'image_spectacle_105_1.jpg', 'd77ab261-a245-4853-9ee1-e5f9b6f99ce8');
INSERT INTO Spectacle (idSpectacle, titre, description, urlVideo, horairePrevionnel, idSoiree, idImg) VALUES ('6f7b6d3c-86c3-449b-bba7-485e772e74c8', 'Spectacle 106', 'Quia praesentium odit ab.', 'video_spectacle_106.mp4', '2023-07-10 09:50:10', '07b3d56e-ee41-4a24-b6d6-305a20bb1025', 235);
INSERT INTO Artiste (idArtiste, nom, idSpectacle) VALUES ('ef90be3a-7cd8-4bd5-b089-a3e8cf1b9743', 'Arlene Hirthe', '6f7b6d3c-86c3-449b-bba7-485e772e74c8');
INSERT INTO Artiste (idArtiste, nom, idSpectacle) VALUES ('f30db3b3-41e4-4ab0-a096-99887a082e7e', 'Vincenza Crooks', '6f7b6d3c-86c3-449b-bba7-485e772e74c8');
INSERT INTO ImgSpectacle (idImg, img, idSpectacle) VALUES (316, 'image_spectacle_106_1.jpg', '6f7b6d3c-86c3-449b-bba7-485e772e74c8');
INSERT INTO ImgSpectacle (idImg, img, idSpectacle) VALUES (317, 'image_spectacle_106_2.jpg', '6f7b6d3c-86c3-449b-bba7-485e772e74c8');
INSERT INTO Spectacle (idSpectacle, titre, description, urlVideo, horairePrevionnel, idSoiree, idImg) VALUES ('8354f6f4-3cf8-4380-9ec5-bd443c0a9c4c', 'Spectacle 107', 'Ducimus dignissimos sit aperiam.', 'video_spectacle_107.mp4', '2023-03-23 18:02:44', '07b3d56e-ee41-4a24-b6d6-305a20bb1025', 155);
INSERT INTO Artiste (idArtiste, nom, idSpectacle) VALUES ('2c5d5fa1-50b6-4fbd-b527-abe09a99cd5f', 'Dr. Gardner Kemmer V', '8354f6f4-3cf8-4380-9ec5-bd443c0a9c4c');
INSERT INTO Artiste (idArtiste, nom, idSpectacle) VALUES ('0ebeb81b-6d0e-40de-9a7f-e69fec347e9f', 'Dennis Kozey', '8354f6f4-3cf8-4380-9ec5-bd443c0a9c4c');
INSERT INTO ImgSpectacle (idImg, img, idSpectacle) VALUES (319, 'image_spectacle_107_1.jpg', '8354f6f4-3cf8-4380-9ec5-bd443c0a9c4c');
INSERT INTO ImgSpectacle (idImg, img, idSpectacle) VALUES (320, 'image_spectacle_107_2.jpg', '8354f6f4-3cf8-4380-9ec5-bd443c0a9c4c');
INSERT INTO ImgSpectacle (idImg, img, idSpectacle) VALUES (321, 'image_spectacle_107_3.jpg', '8354f6f4-3cf8-4380-9ec5-bd443c0a9c4c');
INSERT INTO Spectacle (idSpectacle, titre, description, urlVideo, horairePrevionnel, idSoiree, idImg) VALUES ('52456903-68e0-4757-b96b-9ba5a5fd7cd8', 'Spectacle 108', 'Assumenda corporis commodi quo quas delectus provident placeat.', 'video_spectacle_108.mp4', '2023-06-08 19:23:33', '07b3d56e-ee41-4a24-b6d6-305a20bb1025', 111);
INSERT INTO Artiste (idArtiste, nom, idSpectacle) VALUES ('011f1da1-4841-4745-a33d-8e09a670118c', 'Bernhard Larkin', '52456903-68e0-4757-b96b-9ba5a5fd7cd8');
INSERT INTO Artiste (idArtiste, nom, idSpectacle) VALUES ('4b58201f-341e-4bab-a6cd-7995a4437879', 'Belle Ruecker PhD', '52456903-68e0-4757-b96b-9ba5a5fd7cd8');
INSERT INTO ImgSpectacle (idImg, img, idSpectacle) VALUES (322, 'image_spectacle_108_1.jpg', '52456903-68e0-4757-b96b-9ba5a5fd7cd8');
INSERT INTO ImgSpectacle (idImg, img, idSpectacle) VALUES (323, 'image_spectacle_108_2.jpg', '52456903-68e0-4757-b96b-9ba5a5fd7cd8');
INSERT INTO ImgSpectacle (idImg, img, idSpectacle) VALUES (324, 'image_spectacle_108_3.jpg', '52456903-68e0-4757-b96b-9ba5a5fd7cd8');
INSERT INTO Spectacle (idSpectacle, titre, description, urlVideo, horairePrevionnel, idSoiree, idImg) VALUES ('135c0af1-abbd-4715-9bc4-6ab119bc899e', 'Spectacle 109', 'Vel autem error est totam repellat quae quidem.', 'video_spectacle_109.mp4', '2023-09-20 08:50:56', '07b3d56e-ee41-4a24-b6d6-305a20bb1025', 147);
INSERT INTO Artiste (idArtiste, nom, idSpectacle) VALUES ('5a344ba7-15a9-4115-a805-5ff5132f4e6c', 'Modesto Steuber I', '135c0af1-abbd-4715-9bc4-6ab119bc899e');
INSERT INTO Artiste (idArtiste, nom, idSpectacle) VALUES ('48e176f8-54a3-4b3b-a184-3f4c3fdd3467', 'Michaela Abbott', '135c0af1-abbd-4715-9bc4-6ab119bc899e');
INSERT INTO Artiste (idArtiste, nom, idSpectacle) VALUES ('53c789bb-8eef-4339-919f-0e611f669a50', 'Prof. Ashley Wolf', '135c0af1-abbd-4715-9bc4-6ab119bc899e');
INSERT INTO ImgSpectacle (idImg, img, idSpectacle) VALUES (325, 'image_spectacle_109_1.jpg', '135c0af1-abbd-4715-9bc4-6ab119bc899e');
INSERT INTO Spectacle (idSpectacle, titre, description, urlVideo, horairePrevionnel, idSoiree, idImg) VALUES ('eecbede1-666a-4097-8f06-035ab2cb675a', 'Spectacle 110', 'Est sapiente et enim rerum accusamus.', 'video_spectacle_110.mp4', '2023-03-29 22:31:21', '07b3d56e-ee41-4a24-b6d6-305a20bb1025', 122);
INSERT INTO Artiste (idArtiste, nom, idSpectacle) VALUES ('f9f85be5-310a-4450-a710-fc97589cda10', 'Prof. Holden Kozey PhD', 'eecbede1-666a-4097-8f06-035ab2cb675a');
INSERT INTO Artiste (idArtiste, nom, idSpectacle) VALUES ('cd8282e2-efc4-4855-9efd-f49db6de0a64', 'Kianna Cummings', 'eecbede1-666a-4097-8f06-035ab2cb675a');
INSERT INTO Artiste (idArtiste, nom, idSpectacle) VALUES ('38740438-807b-48fe-b5d8-ff5c57597498', 'Donnell Hyatt I', 'eecbede1-666a-4097-8f06-035ab2cb675a');
INSERT INTO ImgSpectacle (idImg, img, idSpectacle) VALUES (328, 'image_spectacle_110_1.jpg', 'eecbede1-666a-4097-8f06-035ab2cb675a');
INSERT INTO ImgSpectacle (idImg, img, idSpectacle) VALUES (329, 'image_spectacle_110_2.jpg', 'eecbede1-666a-4097-8f06-035ab2cb675a');
INSERT INTO Spectacle (idSpectacle, titre, description, urlVideo, horairePrevionnel, idSoiree, idImg) VALUES ('9677555c-851e-43b6-b266-c41e56bae64b', 'Spectacle 111', 'Ab natus laudantium excepturi voluptas voluptate accusamus.', 'video_spectacle_111.mp4', '2023-01-14 12:45:41', '07b3d56e-ee41-4a24-b6d6-305a20bb1025', 65);
INSERT INTO Artiste (idArtiste, nom, idSpectacle) VALUES ('f30a80f3-b6e3-4a1a-b07a-aabc560d8bc2', 'Dora Kling', '9677555c-851e-43b6-b266-c41e56bae64b');
INSERT INTO Artiste (idArtiste, nom, idSpectacle) VALUES ('7d9557f0-a10a-4a58-946d-2349dc1742e7', 'Prof. Eli Upton II', '9677555c-851e-43b6-b266-c41e56bae64b');
INSERT INTO ImgSpectacle (idImg, img, idSpectacle) VALUES (331, 'image_spectacle_111_1.jpg', '9677555c-851e-43b6-b266-c41e56bae64b');
INSERT INTO ImgSpectacle (idImg, img, idSpectacle) VALUES (332, 'image_spectacle_111_2.jpg', '9677555c-851e-43b6-b266-c41e56bae64b');
INSERT INTO Spectacle (idSpectacle, titre, description, urlVideo, horairePrevionnel, idSoiree, idImg) VALUES ('893c0baf-432b-4d0b-8c76-dbf472b4fc06', 'Spectacle 112', 'Animi tempora rerum et eum.', 'video_spectacle_112.mp4', '2023-08-26 09:16:55', '07b3d56e-ee41-4a24-b6d6-305a20bb1025', 71);
INSERT INTO Artiste (idArtiste, nom, idSpectacle) VALUES ('e50823f3-439e-4bc0-9c66-2b9b93189d5f', 'Dr. Gwendolyn Wolff', '893c0baf-432b-4d0b-8c76-dbf472b4fc06');
INSERT INTO Artiste (idArtiste, nom, idSpectacle) VALUES ('2cfbcdce-d9ff-412f-8f5d-51895c01061b', 'Suzanne Gleichner', '893c0baf-432b-4d0b-8c76-dbf472b4fc06');
INSERT INTO Artiste (idArtiste, nom, idSpectacle) VALUES ('8266cc7c-e005-4698-93d3-f4fa30865f32', 'Tavares Mohr', '893c0baf-432b-4d0b-8c76-dbf472b4fc06');
INSERT INTO ImgSpectacle (idImg, img, idSpectacle) VALUES (334, 'image_spectacle_112_1.jpg', '893c0baf-432b-4d0b-8c76-dbf472b4fc06');
INSERT INTO ImgSpectacle (idImg, img, idSpectacle) VALUES (335, 'image_spectacle_112_2.jpg', '893c0baf-432b-4d0b-8c76-dbf472b4fc06');
INSERT INTO Spectacle (idSpectacle, titre, description, urlVideo, horairePrevionnel, idSoiree, idImg) VALUES ('a87a5f67-0b4c-40d8-a8fd-90a1e310a0e0', 'Spectacle 113', 'Architecto autem perferendis quas.', 'video_spectacle_113.mp4', '2023-09-05 20:50:16', '07b3d56e-ee41-4a24-b6d6-305a20bb1025', 294);
INSERT INTO Artiste (idArtiste, nom, idSpectacle) VALUES ('119b3aab-f5b9-4e95-b81d-1d8a99ba8951', 'Donnell Rogahn DDS', 'a87a5f67-0b4c-40d8-a8fd-90a1e310a0e0');
INSERT INTO ImgSpectacle (idImg, img, idSpectacle) VALUES (337, 'image_spectacle_113_1.jpg', 'a87a5f67-0b4c-40d8-a8fd-90a1e310a0e0');
INSERT INTO Spectacle (idSpectacle, titre, description, urlVideo, horairePrevionnel, idSoiree, idImg) VALUES ('92a5400d-deb3-451b-899c-6daa9d25535b', 'Spectacle 114', 'Totam omnis et non omnis quibusdam.', 'video_spectacle_114.mp4', '2023-01-25 16:01:11', '07b3d56e-ee41-4a24-b6d6-305a20bb1025', 209);
INSERT INTO Artiste (idArtiste, nom, idSpectacle) VALUES ('4afe5135-13a8-420a-a28a-fef305004079', 'Miss Amanda Gerlach DVM', '92a5400d-deb3-451b-899c-6daa9d25535b');
INSERT INTO Artiste (idArtiste, nom, idSpectacle) VALUES ('e8f28d17-eb07-4c19-b4ea-b82ec121ff6a', 'Miguel Metz', '92a5400d-deb3-451b-899c-6daa9d25535b');
INSERT INTO Artiste (idArtiste, nom, idSpectacle) VALUES ('1cba9f2f-20c3-4a23-8614-6814544e6c3e', 'Prof. Felicity Veum DVM', '92a5400d-deb3-451b-899c-6daa9d25535b');
INSERT INTO ImgSpectacle (idImg, img, idSpectacle) VALUES (340, 'image_spectacle_114_1.jpg', '92a5400d-deb3-451b-899c-6daa9d25535b');
INSERT INTO ImgSpectacle (idImg, img, idSpectacle) VALUES (341, 'image_spectacle_114_2.jpg', '92a5400d-deb3-451b-899c-6daa9d25535b');
INSERT INTO Spectacle (idSpectacle, titre, description, urlVideo, horairePrevionnel, idSoiree, idImg) VALUES ('1c9661aa-5dc2-4959-b0ba-bc78ca7a51d5', 'Spectacle 115', 'Dolore natus ut architecto similique est sed consequatur veniam.', 'video_spectacle_115.mp4', '2023-05-05 01:47:14', '07b3d56e-ee41-4a24-b6d6-305a20bb1025', 25);
INSERT INTO Artiste (idArtiste, nom, idSpectacle) VALUES ('1779f6c2-fe08-4ff7-91e5-e283cd4a062f', 'Helene Schuster Jr.', '1c9661aa-5dc2-4959-b0ba-bc78ca7a51d5');
INSERT INTO ImgSpectacle (idImg, img, idSpectacle) VALUES (343, 'image_spectacle_115_1.jpg', '1c9661aa-5dc2-4959-b0ba-bc78ca7a51d5');
INSERT INTO ImgSpectacle (idImg, img, idSpectacle) VALUES (344, 'image_spectacle_115_2.jpg', '1c9661aa-5dc2-4959-b0ba-bc78ca7a51d5');
INSERT INTO Spectacle (idSpectacle, titre, description, urlVideo, horairePrevionnel, idSoiree, idImg) VALUES ('3bc7dcb7-1be6-4088-ad0c-823f0bc4f640', 'Spectacle 116', 'Ipsam vel ut at voluptatem consequuntur sapiente dolorum dolores.', 'video_spectacle_116.mp4', '2023-03-30 14:14:40', '07b3d56e-ee41-4a24-b6d6-305a20bb1025', 377);
INSERT INTO Artiste (idArtiste, nom, idSpectacle) VALUES ('0b61ce8d-3545-4f5b-bb3d-4ee6908f830a', 'Hyman Schaefer', '3bc7dcb7-1be6-4088-ad0c-823f0bc4f640');
INSERT INTO Artiste (idArtiste, nom, idSpectacle) VALUES ('4711c3ac-be99-4a34-91c9-fe1b5cd59ca8', 'Imogene Rice', '3bc7dcb7-1be6-4088-ad0c-823f0bc4f640');
INSERT INTO ImgSpectacle (idImg, img, idSpectacle) VALUES (346, 'image_spectacle_116_1.jpg', '3bc7dcb7-1be6-4088-ad0c-823f0bc4f640');
INSERT INTO ImgSpectacle (idImg, img, idSpectacle) VALUES (347, 'image_spectacle_116_2.jpg', '3bc7dcb7-1be6-4088-ad0c-823f0bc4f640');
INSERT INTO Spectacle (idSpectacle, titre, description, urlVideo, horairePrevionnel, idSoiree, idImg) VALUES ('1abe49a4-3727-4e53-a8ae-4ffddb732eb0', 'Spectacle 117', 'Aliquam laboriosam adipisci facilis nemo qui nesciunt animi.', 'video_spectacle_117.mp4', '2023-02-10 21:46:52', '07b3d56e-ee41-4a24-b6d6-305a20bb1025', 346);
INSERT INTO Artiste (idArtiste, nom, idSpectacle) VALUES ('a352fcc7-1c29-4077-a31d-5c277b193fa1', 'Miss Ava Reinger I', '1abe49a4-3727-4e53-a8ae-4ffddb732eb0');
INSERT INTO Artiste (idArtiste, nom, idSpectacle) VALUES ('e432a17b-bedf-4479-add0-88df610e68c0', 'Hayley Cartwright', '1abe49a4-3727-4e53-a8ae-4ffddb732eb0');
INSERT INTO Artiste (idArtiste, nom, idSpectacle) VALUES ('300f494a-8eda-479d-905b-17f2d8d28c5a', 'Aimee Rodriguez', '1abe49a4-3727-4e53-a8ae-4ffddb732eb0');
INSERT INTO ImgSpectacle (idImg, img, idSpectacle) VALUES (349, 'image_spectacle_117_1.jpg', '1abe49a4-3727-4e53-a8ae-4ffddb732eb0');
INSERT INTO ImgSpectacle (idImg, img, idSpectacle) VALUES (350, 'image_spectacle_117_2.jpg', '1abe49a4-3727-4e53-a8ae-4ffddb732eb0');
INSERT INTO Spectacle (idSpectacle, titre, description, urlVideo, horairePrevionnel, idSoiree, idImg) VALUES ('80cf940c-63aa-4051-8bf7-da37fd5f2a54', 'Spectacle 118', 'In modi voluptatibus laudantium enim.', 'video_spectacle_118.mp4', '2023-03-10 00:32:12', '07b3d56e-ee41-4a24-b6d6-305a20bb1025', 157);
INSERT INTO Artiste (idArtiste, nom, idSpectacle) VALUES ('9f92e23e-2802-438a-8043-b3ab2649c7d1', 'Prof. Ed Bednar', '80cf940c-63aa-4051-8bf7-da37fd5f2a54');
INSERT INTO Artiste (idArtiste, nom, idSpectacle) VALUES ('ba040039-9722-45f2-98ee-f223ff640b39', 'Ms. Aniya Nicolas DVM', '80cf940c-63aa-4051-8bf7-da37fd5f2a54');
INSERT INTO Artiste (idArtiste, nom, idSpectacle) VALUES ('0971773a-8116-4d83-a68c-db5b74d36a6c', 'Justen Funk', '80cf940c-63aa-4051-8bf7-da37fd5f2a54');
INSERT INTO ImgSpectacle (idImg, img, idSpectacle) VALUES (352, 'image_spectacle_118_1.jpg', '80cf940c-63aa-4051-8bf7-da37fd5f2a54');
INSERT INTO Spectacle (idSpectacle, titre, description, urlVideo, horairePrevionnel, idSoiree, idImg) VALUES ('647149dc-7837-40ee-8144-2b75cde297a8', 'Spectacle 119', 'Dolores magni quo rem sint facere quae voluptatem.', 'video_spectacle_119.mp4', '2023-08-10 01:30:25', '07b3d56e-ee41-4a24-b6d6-305a20bb1025', 346);
INSERT INTO Artiste (idArtiste, nom, idSpectacle) VALUES ('f89f7110-523e-412f-8eed-a12fee1a25c0', 'Rafaela Wiegand', '647149dc-7837-40ee-8144-2b75cde297a8');
INSERT INTO Artiste (idArtiste, nom, idSpectacle) VALUES ('d9ad62a0-b228-4bab-b1cc-e33acaab2d96', 'Ambrose Auer', '647149dc-7837-40ee-8144-2b75cde297a8');
INSERT INTO ImgSpectacle (idImg, img, idSpectacle) VALUES (355, 'image_spectacle_119_1.jpg', '647149dc-7837-40ee-8144-2b75cde297a8');
INSERT INTO ImgSpectacle (idImg, img, idSpectacle) VALUES (356, 'image_spectacle_119_2.jpg', '647149dc-7837-40ee-8144-2b75cde297a8');
INSERT INTO Spectacle (idSpectacle, titre, description, urlVideo, horairePrevionnel, idSoiree, idImg) VALUES ('97bb75e3-9698-444e-b5be-c80e7b3e1dee', 'Spectacle 120', 'Quia est debitis quam.', 'video_spectacle_120.mp4', '2023-01-29 17:39:11', '07b3d56e-ee41-4a24-b6d6-305a20bb1025', 133);
INSERT INTO Artiste (idArtiste, nom, idSpectacle) VALUES ('d191fc65-e701-43cb-979b-d9efcaf90f87', 'Kiel Lemke', '97bb75e3-9698-444e-b5be-c80e7b3e1dee');
INSERT INTO Artiste (idArtiste, nom, idSpectacle) VALUES ('b0493ec9-a6a8-4ed8-8303-356979c93b87', 'Dr. Eli Steuber DDS', '97bb75e3-9698-444e-b5be-c80e7b3e1dee');
INSERT INTO Artiste (idArtiste, nom, idSpectacle) VALUES ('c3ef6e72-0233-4e2e-93f2-450c63cedddc', 'Pascale Grimes', '97bb75e3-9698-444e-b5be-c80e7b3e1dee');
INSERT INTO ImgSpectacle (idImg, img, idSpectacle) VALUES (358, 'image_spectacle_120_1.jpg', '97bb75e3-9698-444e-b5be-c80e7b3e1dee');
INSERT INTO ImgSpectacle (idImg, img, idSpectacle) VALUES (359, 'image_spectacle_120_2.jpg', '97bb75e3-9698-444e-b5be-c80e7b3e1dee');
INSERT INTO ImgSpectacle (idImg, img, idSpectacle) VALUES (360, 'image_spectacle_120_3.jpg', '97bb75e3-9698-444e-b5be-c80e7b3e1dee');
INSERT INTO Spectacle (idSpectacle, titre, description, urlVideo, horairePrevionnel, idSoiree, idImg) VALUES ('42022319-b58a-40bb-bf2f-a7e6a48fc26a', 'Spectacle 121', 'Et non cupiditate laudantium consectetur.', 'video_spectacle_121.mp4', '2023-01-01 18:43:24', '07b3d56e-ee41-4a24-b6d6-305a20bb1025', 248);
INSERT INTO Artiste (idArtiste, nom, idSpectacle) VALUES ('322273a3-6fd4-4e27-b8f2-c25dde4f684d', 'Natalie Connelly MD', '42022319-b58a-40bb-bf2f-a7e6a48fc26a');
INSERT INTO ImgSpectacle (idImg, img, idSpectacle) VALUES (361, 'image_spectacle_121_1.jpg', '42022319-b58a-40bb-bf2f-a7e6a48fc26a');
INSERT INTO Spectacle (idSpectacle, titre, description, urlVideo, horairePrevionnel, idSoiree, idImg) VALUES ('6cad264d-7fb8-4ed7-b3a0-a0cfcacf0bc4', 'Spectacle 122', 'Consequatur voluptatem est cum et inventore.', 'video_spectacle_122.mp4', '2023-01-20 13:35:04', '07b3d56e-ee41-4a24-b6d6-305a20bb1025', 369);
INSERT INTO Artiste (idArtiste, nom, idSpectacle) VALUES ('c2f4fd1e-d012-42f9-be80-a3b827e819db', 'Mavis Wuckert', '6cad264d-7fb8-4ed7-b3a0-a0cfcacf0bc4');
INSERT INTO Artiste (idArtiste, nom, idSpectacle) VALUES ('594e4377-8e97-4f11-85c1-0cb0db1c1d1b', 'Mrs. Ivy Abernathy', '6cad264d-7fb8-4ed7-b3a0-a0cfcacf0bc4');
INSERT INTO ImgSpectacle (idImg, img, idSpectacle) VALUES (364, 'image_spectacle_122_1.jpg', '6cad264d-7fb8-4ed7-b3a0-a0cfcacf0bc4');
INSERT INTO Spectacle (idSpectacle, titre, description, urlVideo, horairePrevionnel, idSoiree, idImg) VALUES ('173194d3-02db-459e-9f52-97aa87cb0651', 'Spectacle 123', 'Sapiente nisi illo commodi explicabo aut veritatis.', 'video_spectacle_123.mp4', '2023-07-08 04:44:59', '07b3d56e-ee41-4a24-b6d6-305a20bb1025', 347);
INSERT INTO Artiste (idArtiste, nom, idSpectacle) VALUES ('a430c494-a907-4c52-98f5-9b1b0509152e', 'Prof. Wiley Bernhard', '173194d3-02db-459e-9f52-97aa87cb0651');
INSERT INTO ImgSpectacle (idImg, img, idSpectacle) VALUES (367, 'image_spectacle_123_1.jpg', '173194d3-02db-459e-9f52-97aa87cb0651');
INSERT INTO ImgSpectacle (idImg, img, idSpectacle) VALUES (368, 'image_spectacle_123_2.jpg', '173194d3-02db-459e-9f52-97aa87cb0651');
INSERT INTO ImgSpectacle (idImg, img, idSpectacle) VALUES (369, 'image_spectacle_123_3.jpg', '173194d3-02db-459e-9f52-97aa87cb0651');
INSERT INTO Spectacle (idSpectacle, titre, description, urlVideo, horairePrevionnel, idSoiree, idImg) VALUES ('9d9e4e5a-4608-43f9-9b3e-e64a217005e9', 'Spectacle 124', 'Voluptates aperiam aperiam at unde et.', 'video_spectacle_124.mp4', '2023-03-20 19:36:47', '07b3d56e-ee41-4a24-b6d6-305a20bb1025', 250);
INSERT INTO Artiste (idArtiste, nom, idSpectacle) VALUES ('f5c5d14e-987a-4e5c-bc39-e877f3dcdd3d', 'Prof. Valentina Hauck Jr.', '9d9e4e5a-4608-43f9-9b3e-e64a217005e9');
INSERT INTO ImgSpectacle (idImg, img, idSpectacle) VALUES (370, 'image_spectacle_124_1.jpg', '9d9e4e5a-4608-43f9-9b3e-e64a217005e9');
INSERT INTO ImgSpectacle (idImg, img, idSpectacle) VALUES (371, 'image_spectacle_124_2.jpg', '9d9e4e5a-4608-43f9-9b3e-e64a217005e9');
INSERT INTO Spectacle (idSpectacle, titre, description, urlVideo, horairePrevionnel, idSoiree, idImg) VALUES ('10b97114-e06c-4494-8897-7cb2bd10f1db', 'Spectacle 125', 'Ut et facilis numquam et.', 'video_spectacle_125.mp4', '2023-10-22 08:38:41', '07b3d56e-ee41-4a24-b6d6-305a20bb1025', 207);
INSERT INTO Artiste (idArtiste, nom, idSpectacle) VALUES ('a82b2b6a-0757-4d51-b80a-066308f03be0', 'Prof. Elmira Thiel', '10b97114-e06c-4494-8897-7cb2bd10f1db');
INSERT INTO ImgSpectacle (idImg, img, idSpectacle) VALUES (373, 'image_spectacle_125_1.jpg', '10b97114-e06c-4494-8897-7cb2bd10f1db');
INSERT INTO ImgSpectacle (idImg, img, idSpectacle) VALUES (374, 'image_spectacle_125_2.jpg', '10b97114-e06c-4494-8897-7cb2bd10f1db');
INSERT INTO Spectacle (idSpectacle, titre, description, urlVideo, horairePrevionnel, idSoiree, idImg) VALUES ('03364f95-55cc-4424-8bf4-e63af94c87dd', 'Spectacle 126', 'Nihil id et unde aut expedita eos eum.', 'video_spectacle_126.mp4', '2023-08-04 11:00:44', '07b3d56e-ee41-4a24-b6d6-305a20bb1025', 346);
INSERT INTO Artiste (idArtiste, nom, idSpectacle) VALUES ('54556c3b-e26c-40ef-b664-b9bb04373a88', 'Prof. Jake Larkin V', '03364f95-55cc-4424-8bf4-e63af94c87dd');
INSERT INTO ImgSpectacle (idImg, img, idSpectacle) VALUES (376, 'image_spectacle_126_1.jpg', '03364f95-55cc-4424-8bf4-e63af94c87dd');
INSERT INTO ImgSpectacle (idImg, img, idSpectacle) VALUES (377, 'image_spectacle_126_2.jpg', '03364f95-55cc-4424-8bf4-e63af94c87dd');
INSERT INTO ImgSpectacle (idImg, img, idSpectacle) VALUES (378, 'image_spectacle_126_3.jpg', '03364f95-55cc-4424-8bf4-e63af94c87dd');