INSERT INTO Lieu (idLieu, nom, adresse, nbPlacesAssises, nbPlacesDebout, idImg) VALUES (1, 'Romaguera, Nikolaus and Zemlak', '26737 McLaughlin Turnpike Suite 647
Bodeberg, WY 94308-1986', 474, 349, 1);
INSERT INTO ImgLieu (idImg, img, idLieu) VALUES (1, 'image_lieu_1_1.jpg', 1);
INSERT INTO ImgLieu (idImg, img, idLieu) VALUES (2, 'image_lieu_1_2.jpg', 1);
INSERT INTO ImgLieu (idImg, img, idLieu) VALUES (3, 'image_lieu_1_3.jpg', 1);
INSERT INTO Lieu (idLieu, nom, adresse, nbPlacesAssises, nbPlacesDebout, idImg) VALUES (2, 'Stiedemann-Barton', '18140 Meaghan Club
North Russel, LA 99696', 199, 145, 2);
INSERT INTO ImgLieu (idImg, img, idLieu) VALUES (4, 'image_lieu_2_1.jpg', 2);
INSERT INTO ImgLieu (idImg, img, idLieu) VALUES (5, 'image_lieu_2_2.jpg', 2);
INSERT INTO ImgLieu (idImg, img, idLieu) VALUES (6, 'image_lieu_2_3.jpg', 2);
INSERT INTO Lieu (idLieu, nom, adresse, nbPlacesAssises, nbPlacesDebout, idImg) VALUES (3, 'Hettinger, Reilly and Emard', '93480 Mathilde Ports
East Earlburgh, MS 49373-6910', 182, 460, 3);
INSERT INTO ImgLieu (idImg, img, idLieu) VALUES (7, 'image_lieu_3_1.jpg', 3);
INSERT INTO ImgLieu (idImg, img, idLieu) VALUES (8, 'image_lieu_3_2.jpg', 3);
INSERT INTO ImgLieu (idImg, img, idLieu) VALUES (9, 'image_lieu_3_3.jpg', 3);
INSERT INTO Lieu (idLieu, nom, adresse, nbPlacesAssises, nbPlacesDebout, idImg) VALUES (4, 'Robel-Nader', '449 Joaquin Landing Apt. 211
East Alfonsoton, NE 63069', 139, 469, 4);
INSERT INTO ImgLieu (idImg, img, idLieu) VALUES (10, 'image_lieu_4_1.jpg', 4);
INSERT INTO ImgLieu (idImg, img, idLieu) VALUES (11, 'image_lieu_4_2.jpg', 4);
INSERT INTO ImgLieu (idImg, img, idLieu) VALUES (12, 'image_lieu_4_3.jpg', 4);
INSERT INTO Lieu (idLieu, nom, adresse, nbPlacesAssises, nbPlacesDebout, idImg) VALUES (5, 'Zboncak LLC', '705 Emmerich Spring
Raphaellechester, HI 52521-9094', 226, 107, 5);
INSERT INTO ImgLieu (idImg, img, idLieu) VALUES (13, 'image_lieu_5_1.jpg', 5);
INSERT INTO ImgLieu (idImg, img, idLieu) VALUES (14, 'image_lieu_5_2.jpg', 5);
INSERT INTO ImgLieu (idImg, img, idLieu) VALUES (15, 'image_lieu_5_3.jpg', 5);
INSERT INTO Soiree (idSoiree, nom, theme, date, horaireDebut, tarifNormal, tarifReduit, idLieu) VALUES (1, 'Soirée 1', 'dolore', '2014-11-09', '10:58:00', 28.94, 41.44, 3);
INSERT INTO Soiree (idSoiree, nom, theme, date, horaireDebut, tarifNormal, tarifReduit, idLieu) VALUES (2, 'Soirée 2', 'provident', '2017-11-15', '22:16:20', 56.19, 5.97, 5);
INSERT INTO Soiree (idSoiree, nom, theme, date, horaireDebut, tarifNormal, tarifReduit, idLieu) VALUES (3, 'Soirée 3', 'amet', '1998-08-20', '07:57:53', 84.24, 36.2, 4);
INSERT INTO Soiree (idSoiree, nom, theme, date, horaireDebut, tarifNormal, tarifReduit, idLieu) VALUES (4, 'Soirée 4', 'eos', '2014-11-08', '03:33:43', 32.49, 42.98, 1);
INSERT INTO Soiree (idSoiree, nom, theme, date, horaireDebut, tarifNormal, tarifReduit, idLieu) VALUES (5, 'Soirée 5', 'et', '2011-03-16', '06:44:33', 66.11, 34.31, 1);
INSERT INTO Soiree (idSoiree, nom, theme, date, horaireDebut, tarifNormal, tarifReduit, idLieu) VALUES (6, 'Soirée 6', 'iusto', '1980-04-04', '10:06:18', 76.88, 46.54, 5);
INSERT INTO Soiree (idSoiree, nom, theme, date, horaireDebut, tarifNormal, tarifReduit, idLieu) VALUES (7, 'Soirée 7', 'neque', '1996-08-09', '05:20:59', 82.52, 17.84, 2);
INSERT INTO Soiree (idSoiree, nom, theme, date, horaireDebut, tarifNormal, tarifReduit, idLieu) VALUES (8, 'Soirée 8', 'id', '2014-09-14', '10:33:44', 55.95, 18.65, 3);
INSERT INTO Soiree (idSoiree, nom, theme, date, horaireDebut, tarifNormal, tarifReduit, idLieu) VALUES (9, 'Soirée 9', 'quis', '1980-12-14', '23:26:32', 95.39, 48.08, 2);
INSERT INTO Soiree (idSoiree, nom, theme, date, horaireDebut, tarifNormal, tarifReduit, idLieu) VALUES (10, 'Soirée 10', 'omnis', '2001-02-24', '02:58:09', 69.24, 9.58, 3);
INSERT INTO Soiree (idSoiree, nom, theme, date, horaireDebut, tarifNormal, tarifReduit, idLieu) VALUES (11, 'Soirée 11', 'quas', '2011-05-25', '19:48:16', 67.68, 12.85, 4);
INSERT INTO Soiree (idSoiree, nom, theme, date, horaireDebut, tarifNormal, tarifReduit, idLieu) VALUES (12, 'Soirée 12', 'eum', '2015-06-02', '11:36:01', 81.73, 17.48, 5);
INSERT INTO Soiree (idSoiree, nom, theme, date, horaireDebut, tarifNormal, tarifReduit, idLieu) VALUES (13, 'Soirée 13', 'quidem', '2007-04-27', '19:07:27', 88.94, 32.88, 5);
INSERT INTO Soiree (idSoiree, nom, theme, date, horaireDebut, tarifNormal, tarifReduit, idLieu) VALUES (14, 'Soirée 14', 'facilis', '2006-05-09', '03:21:20', 68.6, 48.4, 2);
INSERT INTO Soiree (idSoiree, nom, theme, date, horaireDebut, tarifNormal, tarifReduit, idLieu) VALUES (15, 'Soirée 15', 'aut', '1994-09-11', '00:30:05', 61.23, 16.52, 1);
INSERT INTO Soiree (idSoiree, nom, theme, date, horaireDebut, tarifNormal, tarifReduit, idLieu) VALUES (16, 'Soirée 16', 'dignissimos', '1978-07-08', '02:19:31', 35.91, 38.95, 5);
INSERT INTO Soiree (idSoiree, nom, theme, date, horaireDebut, tarifNormal, tarifReduit, idLieu) VALUES (17, 'Soirée 17', 'vel', '2005-05-27', '03:46:55', 39.35, 49.09, 2);
INSERT INTO Soiree (idSoiree, nom, theme, date, horaireDebut, tarifNormal, tarifReduit, idLieu) VALUES (18, 'Soirée 18', 'sunt', '2021-03-07', '21:55:41', 47.45, 47.18, 3);
INSERT INTO Soiree (idSoiree, nom, theme, date, horaireDebut, tarifNormal, tarifReduit, idLieu) VALUES (19, 'Soirée 19', 'sequi', '2005-09-13', '19:47:58', 23.47, 18.87, 4);
INSERT INTO Soiree (idSoiree, nom, theme, date, horaireDebut, tarifNormal, tarifReduit, idLieu) VALUES (20, 'Soirée 20', 'sit', '2015-12-09', '07:07:04', 60.98, 15.23, 4);
INSERT INTO Soiree (idSoiree, nom, theme, date, horaireDebut, tarifNormal, tarifReduit, idLieu) VALUES (21, 'Soirée 21', 'cumque', '1994-04-26', '07:02:19', 36.03, 20.74, 1);
INSERT INTO Soiree (idSoiree, nom, theme, date, horaireDebut, tarifNormal, tarifReduit, idLieu) VALUES (22, 'Soirée 22', 'eum', '1978-07-28', '11:11:00', 80.43, 30.41, 4);
INSERT INTO Soiree (idSoiree, nom, theme, date, horaireDebut, tarifNormal, tarifReduit, idLieu) VALUES (23, 'Soirée 23', 'optio', '2004-10-30', '18:31:48', 97.95, 6.4, 3);
INSERT INTO Soiree (idSoiree, nom, theme, date, horaireDebut, tarifNormal, tarifReduit, idLieu) VALUES (24, 'Soirée 24', 'architecto', '1979-06-17', '23:10:54', 55.81, 23.14, 4);
INSERT INTO Soiree (idSoiree, nom, theme, date, horaireDebut, tarifNormal, tarifReduit, idLieu) VALUES (25, 'Soirée 25', 'dolorum', '2000-03-18', '20:49:15', 33.49, 27.75, 5);
INSERT INTO Soiree (idSoiree, nom, theme, date, horaireDebut, tarifNormal, tarifReduit, idLieu) VALUES (26, 'Soirée 26', 'nulla', '1976-06-28', '06:59:07', 66.69, 46.65, 3);
INSERT INTO Soiree (idSoiree, nom, theme, date, horaireDebut, tarifNormal, tarifReduit, idLieu) VALUES (27, 'Soirée 27', 'enim', '2018-07-10', '16:43:39', 71.47, 38.39, 3);
INSERT INTO Soiree (idSoiree, nom, theme, date, horaireDebut, tarifNormal, tarifReduit, idLieu) VALUES (28, 'Soirée 28', 'laborum', '2019-08-29', '07:20:10', 42.7, 19.21, 3);
INSERT INTO Soiree (idSoiree, nom, theme, date, horaireDebut, tarifNormal, tarifReduit, idLieu) VALUES (29, 'Soirée 29', 'praesentium', '1990-08-09', '05:26:41', 99.97, 26.73, 3);
INSERT INTO Soiree (idSoiree, nom, theme, date, horaireDebut, tarifNormal, tarifReduit, idLieu) VALUES (30, 'Soirée 30', 'mollitia', '2001-08-04', '10:20:25', 68.99, 25.72, 1);
INSERT INTO Soiree (idSoiree, nom, theme, date, horaireDebut, tarifNormal, tarifReduit, idLieu) VALUES (31, 'Soirée 31', 'autem', '2007-01-01', '20:31:31', 63.03, 24.66, 5);
INSERT INTO Soiree (idSoiree, nom, theme, date, horaireDebut, tarifNormal, tarifReduit, idLieu) VALUES (32, 'Soirée 32', 'in', '2009-05-21', '12:15:02', 71.95, 25.1, 5);
INSERT INTO Soiree (idSoiree, nom, theme, date, horaireDebut, tarifNormal, tarifReduit, idLieu) VALUES (33, 'Soirée 33', 'et', '2004-01-28', '04:26:40', 21.64, 45.1, 3);
INSERT INTO Soiree (idSoiree, nom, theme, date, horaireDebut, tarifNormal, tarifReduit, idLieu) VALUES (34, 'Soirée 34', 'vero', '2019-02-02', '00:20:03', 41.96, 28.04, 4);
INSERT INTO Soiree (idSoiree, nom, theme, date, horaireDebut, tarifNormal, tarifReduit, idLieu) VALUES (35, 'Soirée 35', 'impedit', '1983-07-24', '07:13:41', 90.94, 37.35, 4);
INSERT INTO Soiree (idSoiree, nom, theme, date, horaireDebut, tarifNormal, tarifReduit, idLieu) VALUES (36, 'Soirée 36', 'saepe', '1998-12-27', '01:54:03', 21.18, 31.27, 3);
INSERT INTO Soiree (idSoiree, nom, theme, date, horaireDebut, tarifNormal, tarifReduit, idLieu) VALUES (37, 'Soirée 37', 'asperiores', '1994-12-07', '14:31:36', 80.26, 49.8, 2);
INSERT INTO Soiree (idSoiree, nom, theme, date, horaireDebut, tarifNormal, tarifReduit, idLieu) VALUES (38, 'Soirée 38', 'et', '2018-10-22', '11:54:01', 73.67, 35.6, 2);
INSERT INTO Soiree (idSoiree, nom, theme, date, horaireDebut, tarifNormal, tarifReduit, idLieu) VALUES (39, 'Soirée 39', 'ipsam', '2005-09-26', '05:25:06', 70.61, 39.82, 5);
INSERT INTO Soiree (idSoiree, nom, theme, date, horaireDebut, tarifNormal, tarifReduit, idLieu) VALUES (40, 'Soirée 40', 'qui', '2000-10-07', '22:23:20', 15.44, 43.26, 3);
INSERT INTO Soiree (idSoiree, nom, theme, date, horaireDebut, tarifNormal, tarifReduit, idLieu) VALUES (41, 'Soirée 41', 'ipsum', '2017-01-02', '07:04:28', 34.88, 18.03, 1);
INSERT INTO Soiree (idSoiree, nom, theme, date, horaireDebut, tarifNormal, tarifReduit, idLieu) VALUES (42, 'Soirée 42', 'ratione', '2003-12-16', '20:42:05', 33.15, 12.66, 1);
INSERT INTO Spectacle (idSpectacle, titre, description, urlVideo, horairePrevionnel, idSoiree, idImg) VALUES (1, 'Spectacle 1', 'Sed inventore vitae facere odit natus inventore est.', 'video_spectacle_1.mp4', '2023-10-15 15:12:03', 10, 16);
INSERT INTO Artiste (idArtiste, nom, idSpectacle) VALUES ('4',Mrs. Tierra Kunze, 1);
INSERT INTO Artiste (idArtiste, nom, idSpectacle) VALUES ('43',Lenna Littel Jr., 1);
INSERT INTO Artiste (idArtiste, nom, idSpectacle) VALUES ('24',Kathryn Nikolaus, 1);
INSERT INTO ImgSpectacle (idImg, img, idSpectacle) VALUES (1, 'image_spectacle_1_1.jpg', 1);
INSERT INTO ImgSpectacle (idImg, img, idSpectacle) VALUES (2, 'image_spectacle_1_2.jpg', 1);
INSERT INTO ImgSpectacle (idImg, img, idSpectacle) VALUES (3, 'image_spectacle_1_3.jpg', 1);
INSERT INTO Spectacle (idSpectacle, titre, description, urlVideo, horairePrevionnel, idSoiree, idImg) VALUES (2, 'Spectacle 2', 'Rerum nam qui ullam iure.', 'video_spectacle_2.mp4', '2023-07-11 15:28:51', 2, 315);
INSERT INTO Artiste (idArtiste, nom, idSpectacle) VALUES ('34',Ms. Orpha Hickle Sr., 2);
INSERT INTO Artiste (idArtiste, nom, idSpectacle) VALUES ('41',Golden Will II, 2);
INSERT INTO Artiste (idArtiste, nom, idSpectacle) VALUES ('49',Miss Clarissa DuBuque III, 2);
INSERT INTO ImgSpectacle (idImg, img, idSpectacle) VALUES (4, 'image_spectacle_2_1.jpg', 2);
INSERT INTO Spectacle (idSpectacle, titre, description, urlVideo, horairePrevionnel, idSoiree, idImg) VALUES (3, 'Spectacle 3', 'Molestias quidem quis qui ut cupiditate eum.', 'video_spectacle_3.mp4', '2023-05-06 20:45:45', 34, 313);
INSERT INTO Artiste (idArtiste, nom, idSpectacle) VALUES ('26',Delpha Goyette, 3);
INSERT INTO Artiste (idArtiste, nom, idSpectacle) VALUES ('17',Miss Brisa Wilderman DDS, 3);
INSERT INTO Artiste (idArtiste, nom, idSpectacle) VALUES ('39',Quinten Mayert, 3);
INSERT INTO ImgSpectacle (idImg, img, idSpectacle) VALUES (7, 'image_spectacle_3_1.jpg', 3);
INSERT INTO ImgSpectacle (idImg, img, idSpectacle) VALUES (8, 'image_spectacle_3_2.jpg', 3);
INSERT INTO ImgSpectacle (idImg, img, idSpectacle) VALUES (9, 'image_spectacle_3_3.jpg', 3);
INSERT INTO Spectacle (idSpectacle, titre, description, urlVideo, horairePrevionnel, idSoiree, idImg) VALUES (4, 'Spectacle 4', 'Sit dolore eaque non repudiandae voluptatum quibusdam repellendus perferendis.', 'video_spectacle_4.mp4', '2023-02-11 20:40:54', 23, 378);
INSERT INTO Artiste (idArtiste, nom, idSpectacle) VALUES ('31',Tracy Leuschke, 4);
INSERT INTO Artiste (idArtiste, nom, idSpectacle) VALUES ('16',Dr. Stacey Buckridge Jr., 4);
INSERT INTO Artiste (idArtiste, nom, idSpectacle) VALUES ('50',Mr. Jan Haley PhD, 4);
INSERT INTO ImgSpectacle (idImg, img, idSpectacle) VALUES (10, 'image_spectacle_4_1.jpg', 4);
INSERT INTO ImgSpectacle (idImg, img, idSpectacle) VALUES (11, 'image_spectacle_4_2.jpg', 4);
INSERT INTO Spectacle (idSpectacle, titre, description, urlVideo, horairePrevionnel, idSoiree, idImg) VALUES (5, 'Spectacle 5', 'Modi quidem cumque sed recusandae.', 'video_spectacle_5.mp4', '2023-04-10 20:45:32', 15, 21);
INSERT INTO Artiste (idArtiste, nom, idSpectacle) VALUES ('32',Dr. Myah Marvin I, 5);
INSERT INTO Artiste (idArtiste, nom, idSpectacle) VALUES ('11',Jazmin Murray, 5);
INSERT INTO ImgSpectacle (idImg, img, idSpectacle) VALUES (13, 'image_spectacle_5_1.jpg', 5);
INSERT INTO ImgSpectacle (idImg, img, idSpectacle) VALUES (14, 'image_spectacle_5_2.jpg', 5);
INSERT INTO ImgSpectacle (idImg, img, idSpectacle) VALUES (15, 'image_spectacle_5_3.jpg', 5);
INSERT INTO Spectacle (idSpectacle, titre, description, urlVideo, horairePrevionnel, idSoiree, idImg) VALUES (6, 'Spectacle 6', 'Explicabo dolorem ut omnis voluptatem.', 'video_spectacle_6.mp4', '2023-04-16 17:09:15', 16, 289);
INSERT INTO Artiste (idArtiste, nom, idSpectacle) VALUES ('26',Melyssa Rodriguez V, 6);
INSERT INTO ImgSpectacle (idImg, img, idSpectacle) VALUES (16, 'image_spectacle_6_1.jpg', 6);
INSERT INTO ImgSpectacle (idImg, img, idSpectacle) VALUES (17, 'image_spectacle_6_2.jpg', 6);
INSERT INTO Spectacle (idSpectacle, titre, description, urlVideo, horairePrevionnel, idSoiree, idImg) VALUES (7, 'Spectacle 7', 'Adipisci quo at et magnam odio.', 'video_spectacle_7.mp4', '2023-01-28 05:45:00', 3, 108);
INSERT INTO Artiste (idArtiste, nom, idSpectacle) VALUES ('3',Prof. Jayden Veum, 7);
INSERT INTO ImgSpectacle (idImg, img, idSpectacle) VALUES (19, 'image_spectacle_7_1.jpg', 7);
INSERT INTO Spectacle (idSpectacle, titre, description, urlVideo, horairePrevionnel, idSoiree, idImg) VALUES (8, 'Spectacle 8', 'Beatae architecto sapiente natus quia at molestiae.', 'video_spectacle_8.mp4', '2023-08-02 04:19:15', 38, 263);
INSERT INTO Artiste (idArtiste, nom, idSpectacle) VALUES ('11',Pasquale Kertzmann, 8);
INSERT INTO Artiste (idArtiste, nom, idSpectacle) VALUES ('30',Kennedi Casper, 8);
INSERT INTO Artiste (idArtiste, nom, idSpectacle) VALUES ('2',Ray Wiegand, 8);
INSERT INTO ImgSpectacle (idImg, img, idSpectacle) VALUES (22, 'image_spectacle_8_1.jpg', 8);
INSERT INTO Spectacle (idSpectacle, titre, description, urlVideo, horairePrevionnel, idSoiree, idImg) VALUES (9, 'Spectacle 9', 'Blanditiis eius esse tenetur eius.', 'video_spectacle_9.mp4', '2023-03-01 06:21:27', 6, 145);
INSERT INTO Artiste (idArtiste, nom, idSpectacle) VALUES ('16',Daniella O'Hara, 9);
INSERT INTO Artiste (idArtiste, nom, idSpectacle) VALUES ('7',Letha Considine, 9);
INSERT INTO Artiste (idArtiste, nom, idSpectacle) VALUES ('44',Hilbert D'Amore, 9);
INSERT INTO ImgSpectacle (idImg, img, idSpectacle) VALUES (25, 'image_spectacle_9_1.jpg', 9);
INSERT INTO ImgSpectacle (idImg, img, idSpectacle) VALUES (26, 'image_spectacle_9_2.jpg', 9);
INSERT INTO ImgSpectacle (idImg, img, idSpectacle) VALUES (27, 'image_spectacle_9_3.jpg', 9);
INSERT INTO Spectacle (idSpectacle, titre, description, urlVideo, horairePrevionnel, idSoiree, idImg) VALUES (10, 'Spectacle 10', 'Impedit omnis rerum voluptatem vero voluptas dolorem nesciunt et.', 'video_spectacle_10.mp4', '2023-03-12 17:48:31', 10, 160);
INSERT INTO Artiste (idArtiste, nom, idSpectacle) VALUES ('42',Mrs. Aliza Koepp, 10);
INSERT INTO ImgSpectacle (idImg, img, idSpectacle) VALUES (28, 'image_spectacle_10_1.jpg', 10);
INSERT INTO Spectacle (idSpectacle, titre, description, urlVideo, horairePrevionnel, idSoiree, idImg) VALUES (11, 'Spectacle 11', 'Deserunt autem dolores est occaecati quis vero.', 'video_spectacle_11.mp4', '2023-03-06 09:39:30', 9, 280);
INSERT INTO Artiste (idArtiste, nom, idSpectacle) VALUES ('26',Ms. Roselyn Marvin Sr., 11);
INSERT INTO Artiste (idArtiste, nom, idSpectacle) VALUES ('9',Prof. Ian Davis, 11);
INSERT INTO Artiste (idArtiste, nom, idSpectacle) VALUES ('46',Elsa Wilderman, 11);
INSERT INTO ImgSpectacle (idImg, img, idSpectacle) VALUES (31, 'image_spectacle_11_1.jpg', 11);
INSERT INTO Spectacle (idSpectacle, titre, description, urlVideo, horairePrevionnel, idSoiree, idImg) VALUES (12, 'Spectacle 12', 'Nobis dicta numquam blanditiis accusantium voluptate.', 'video_spectacle_12.mp4', '2023-09-09 14:45:29', 25, 361);
INSERT INTO Artiste (idArtiste, nom, idSpectacle) VALUES ('44',Dr. Micheal Tillman, 12);
INSERT INTO Artiste (idArtiste, nom, idSpectacle) VALUES ('23',Dasia Klein, 12);
INSERT INTO Artiste (idArtiste, nom, idSpectacle) VALUES ('24',Sage Hyatt, 12);
INSERT INTO ImgSpectacle (idImg, img, idSpectacle) VALUES (34, 'image_spectacle_12_1.jpg', 12);
INSERT INTO ImgSpectacle (idImg, img, idSpectacle) VALUES (35, 'image_spectacle_12_2.jpg', 12);
INSERT INTO ImgSpectacle (idImg, img, idSpectacle) VALUES (36, 'image_spectacle_12_3.jpg', 12);
INSERT INTO Spectacle (idSpectacle, titre, description, urlVideo, horairePrevionnel, idSoiree, idImg) VALUES (13, 'Spectacle 13', 'Repudiandae assumenda cupiditate ut officia est tempore culpa.', 'video_spectacle_13.mp4', '2023-06-12 12:58:15', 38, 117);
INSERT INTO Artiste (idArtiste, nom, idSpectacle) VALUES ('9',Riley Sanford, 13);
INSERT INTO ImgSpectacle (idImg, img, idSpectacle) VALUES (37, 'image_spectacle_13_1.jpg', 13);
INSERT INTO ImgSpectacle (idImg, img, idSpectacle) VALUES (38, 'image_spectacle_13_2.jpg', 13);
INSERT INTO Spectacle (idSpectacle, titre, description, urlVideo, horairePrevionnel, idSoiree, idImg) VALUES (14, 'Spectacle 14', 'Qui ut omnis voluptatum voluptates fugit.', 'video_spectacle_14.mp4', '2023-06-22 18:47:37', 36, 221);
INSERT INTO Artiste (idArtiste, nom, idSpectacle) VALUES ('29',Oswaldo Heller, 14);
INSERT INTO ImgSpectacle (idImg, img, idSpectacle) VALUES (40, 'image_spectacle_14_1.jpg', 14);
INSERT INTO ImgSpectacle (idImg, img, idSpectacle) VALUES (41, 'image_spectacle_14_2.jpg', 14);
INSERT INTO Spectacle (idSpectacle, titre, description, urlVideo, horairePrevionnel, idSoiree, idImg) VALUES (15, 'Spectacle 15', 'In quia molestiae et velit repudiandae reprehenderit architecto.', 'video_spectacle_15.mp4', '2023-06-21 11:45:29', 35, 262);
INSERT INTO Artiste (idArtiste, nom, idSpectacle) VALUES ('20',Prof. Stephany Torphy DDS, 15);
INSERT INTO Artiste (idArtiste, nom, idSpectacle) VALUES ('35',Dr. Brandt Hermiston, 15);
INSERT INTO Artiste (idArtiste, nom, idSpectacle) VALUES ('31',Dr. Dora Stracke, 15);
INSERT INTO ImgSpectacle (idImg, img, idSpectacle) VALUES (43, 'image_spectacle_15_1.jpg', 15);
INSERT INTO ImgSpectacle (idImg, img, idSpectacle) VALUES (44, 'image_spectacle_15_2.jpg', 15);
INSERT INTO Spectacle (idSpectacle, titre, description, urlVideo, horairePrevionnel, idSoiree, idImg) VALUES (16, 'Spectacle 16', 'Libero earum modi rerum eligendi.', 'video_spectacle_16.mp4', '2023-10-01 20:13:45', 33, 269);
INSERT INTO Artiste (idArtiste, nom, idSpectacle) VALUES ('42',Dr. Flavio Heaney, 16);
INSERT INTO Artiste (idArtiste, nom, idSpectacle) VALUES ('5',Brielle Cormier Jr., 16);
INSERT INTO Artiste (idArtiste, nom, idSpectacle) VALUES ('49',Torrey Rice, 16);
INSERT INTO ImgSpectacle (idImg, img, idSpectacle) VALUES (46, 'image_spectacle_16_1.jpg', 16);
INSERT INTO ImgSpectacle (idImg, img, idSpectacle) VALUES (47, 'image_spectacle_16_2.jpg', 16);
INSERT INTO Spectacle (idSpectacle, titre, description, urlVideo, horairePrevionnel, idSoiree, idImg) VALUES (17, 'Spectacle 17', 'Distinctio molestiae iusto possimus voluptas consequuntur pariatur.', 'video_spectacle_17.mp4', '2023-04-13 19:30:38', 26, 369);
INSERT INTO Artiste (idArtiste, nom, idSpectacle) VALUES ('38',Luis Schuster, 17);
INSERT INTO Artiste (idArtiste, nom, idSpectacle) VALUES ('12',Dayna Luettgen, 17);
INSERT INTO ImgSpectacle (idImg, img, idSpectacle) VALUES (49, 'image_spectacle_17_1.jpg', 17);
INSERT INTO Spectacle (idSpectacle, titre, description, urlVideo, horairePrevionnel, idSoiree, idImg) VALUES (18, 'Spectacle 18', 'Similique omnis eos accusamus sed nobis ea.', 'video_spectacle_18.mp4', '2023-10-15 22:36:10', 12, 293);
INSERT INTO Artiste (idArtiste, nom, idSpectacle) VALUES ('1',Ms. Lindsay Ernser, 18);
INSERT INTO ImgSpectacle (idImg, img, idSpectacle) VALUES (52, 'image_spectacle_18_1.jpg', 18);
INSERT INTO ImgSpectacle (idImg, img, idSpectacle) VALUES (53, 'image_spectacle_18_2.jpg', 18);
INSERT INTO ImgSpectacle (idImg, img, idSpectacle) VALUES (54, 'image_spectacle_18_3.jpg', 18);
INSERT INTO Spectacle (idSpectacle, titre, description, urlVideo, horairePrevionnel, idSoiree, idImg) VALUES (19, 'Spectacle 19', 'Et architecto rem est beatae molestias eaque ut ullam.', 'video_spectacle_19.mp4', '2023-04-16 08:38:07', 2, 171);
INSERT INTO Artiste (idArtiste, nom, idSpectacle) VALUES ('6',Garrett McDermott PhD, 19);
INSERT INTO ImgSpectacle (idImg, img, idSpectacle) VALUES (55, 'image_spectacle_19_1.jpg', 19);
INSERT INTO ImgSpectacle (idImg, img, idSpectacle) VALUES (56, 'image_spectacle_19_2.jpg', 19);
INSERT INTO ImgSpectacle (idImg, img, idSpectacle) VALUES (57, 'image_spectacle_19_3.jpg', 19);
INSERT INTO Spectacle (idSpectacle, titre, description, urlVideo, horairePrevionnel, idSoiree, idImg) VALUES (20, 'Spectacle 20', 'Ut omnis aut repellat sit.', 'video_spectacle_20.mp4', '2023-06-30 21:12:36', 17, 257);
INSERT INTO Artiste (idArtiste, nom, idSpectacle) VALUES ('44',Prof. Corine Little II, 20);
INSERT INTO Artiste (idArtiste, nom, idSpectacle) VALUES ('40',Mrs. Astrid Hudson DVM, 20);
INSERT INTO ImgSpectacle (idImg, img, idSpectacle) VALUES (58, 'image_spectacle_20_1.jpg', 20);
INSERT INTO ImgSpectacle (idImg, img, idSpectacle) VALUES (59, 'image_spectacle_20_2.jpg', 20);
INSERT INTO ImgSpectacle (idImg, img, idSpectacle) VALUES (60, 'image_spectacle_20_3.jpg', 20);
INSERT INTO Spectacle (idSpectacle, titre, description, urlVideo, horairePrevionnel, idSoiree, idImg) VALUES (21, 'Spectacle 21', 'Ut accusantium autem est illum.', 'video_spectacle_21.mp4', '2023-06-13 18:51:35', 5, 259);
INSERT INTO Artiste (idArtiste, nom, idSpectacle) VALUES ('45',Haylie Witting, 21);
INSERT INTO Artiste (idArtiste, nom, idSpectacle) VALUES ('5',Dr. Johnnie Larson, 21);
INSERT INTO ImgSpectacle (idImg, img, idSpectacle) VALUES (61, 'image_spectacle_21_1.jpg', 21);
INSERT INTO ImgSpectacle (idImg, img, idSpectacle) VALUES (62, 'image_spectacle_21_2.jpg', 21);
INSERT INTO Spectacle (idSpectacle, titre, description, urlVideo, horairePrevionnel, idSoiree, idImg) VALUES (22, 'Spectacle 22', 'Consequuntur recusandae dolores qui officiis perferendis.', 'video_spectacle_22.mp4', '2023-02-01 15:17:37', 9, 261);
INSERT INTO Artiste (idArtiste, nom, idSpectacle) VALUES ('15',Frederick Jenkins, 22);
INSERT INTO Artiste (idArtiste, nom, idSpectacle) VALUES ('39',Salma Senger Jr., 22);
INSERT INTO ImgSpectacle (idImg, img, idSpectacle) VALUES (64, 'image_spectacle_22_1.jpg', 22);
INSERT INTO ImgSpectacle (idImg, img, idSpectacle) VALUES (65, 'image_spectacle_22_2.jpg', 22);
INSERT INTO ImgSpectacle (idImg, img, idSpectacle) VALUES (66, 'image_spectacle_22_3.jpg', 22);
INSERT INTO Spectacle (idSpectacle, titre, description, urlVideo, horairePrevionnel, idSoiree, idImg) VALUES (23, 'Spectacle 23', 'Enim sit est ut accusamus sit.', 'video_spectacle_23.mp4', '2023-08-02 19:56:31', 13, 172);
INSERT INTO Artiste (idArtiste, nom, idSpectacle) VALUES ('4',Jameson Hartmann, 23);
INSERT INTO Artiste (idArtiste, nom, idSpectacle) VALUES ('38',Dr. Jonathon Tromp, 23);
INSERT INTO ImgSpectacle (idImg, img, idSpectacle) VALUES (67, 'image_spectacle_23_1.jpg', 23);
INSERT INTO Spectacle (idSpectacle, titre, description, urlVideo, horairePrevionnel, idSoiree, idImg) VALUES (24, 'Spectacle 24', 'Qui et mollitia sunt rem consectetur qui libero alias.', 'video_spectacle_24.mp4', '2023-10-02 14:39:59', 5, 266);
INSERT INTO Artiste (idArtiste, nom, idSpectacle) VALUES ('6',Colton Bode, 24);
INSERT INTO Artiste (idArtiste, nom, idSpectacle) VALUES ('50',Donny Littel, 24);
INSERT INTO Artiste (idArtiste, nom, idSpectacle) VALUES ('42',Katlyn Cartwright, 24);
INSERT INTO ImgSpectacle (idImg, img, idSpectacle) VALUES (70, 'image_spectacle_24_1.jpg', 24);
INSERT INTO ImgSpectacle (idImg, img, idSpectacle) VALUES (71, 'image_spectacle_24_2.jpg', 24);
INSERT INTO ImgSpectacle (idImg, img, idSpectacle) VALUES (72, 'image_spectacle_24_3.jpg', 24);
INSERT INTO Spectacle (idSpectacle, titre, description, urlVideo, horairePrevionnel, idSoiree, idImg) VALUES (25, 'Spectacle 25', 'A consequatur ut est velit et.', 'video_spectacle_25.mp4', '2023-09-19 15:43:58', 17, 312);
INSERT INTO Artiste (idArtiste, nom, idSpectacle) VALUES ('5',Alvera Leffler, 25);
INSERT INTO Artiste (idArtiste, nom, idSpectacle) VALUES ('21',Brando Treutel, 25);
INSERT INTO ImgSpectacle (idImg, img, idSpectacle) VALUES (73, 'image_spectacle_25_1.jpg', 25);
INSERT INTO Spectacle (idSpectacle, titre, description, urlVideo, horairePrevionnel, idSoiree, idImg) VALUES (26, 'Spectacle 26', 'Temporibus deleniti quia blanditiis quidem aliquam.', 'video_spectacle_26.mp4', '2023-05-22 07:04:56', 28, 36);
INSERT INTO Artiste (idArtiste, nom, idSpectacle) VALUES ('39',Clemmie Brown, 26);
INSERT INTO Artiste (idArtiste, nom, idSpectacle) VALUES ('10',Dr. Kristin Marquardt, 26);
INSERT INTO Artiste (idArtiste, nom, idSpectacle) VALUES ('23',Bertrand Dietrich, 26);
INSERT INTO ImgSpectacle (idImg, img, idSpectacle) VALUES (76, 'image_spectacle_26_1.jpg', 26);
INSERT INTO ImgSpectacle (idImg, img, idSpectacle) VALUES (77, 'image_spectacle_26_2.jpg', 26);
INSERT INTO ImgSpectacle (idImg, img, idSpectacle) VALUES (78, 'image_spectacle_26_3.jpg', 26);
INSERT INTO Spectacle (idSpectacle, titre, description, urlVideo, horairePrevionnel, idSoiree, idImg) VALUES (27, 'Spectacle 27', 'A voluptatem omnis numquam in.', 'video_spectacle_27.mp4', '2023-08-12 06:33:10', 20, 358);
INSERT INTO Artiste (idArtiste, nom, idSpectacle) VALUES ('21',Daisha Funk, 27);
INSERT INTO Artiste (idArtiste, nom, idSpectacle) VALUES ('16',Lois Fay MD, 27);
INSERT INTO Artiste (idArtiste, nom, idSpectacle) VALUES ('22',Mrs. Arvilla Von II, 27);
INSERT INTO ImgSpectacle (idImg, img, idSpectacle) VALUES (79, 'image_spectacle_27_1.jpg', 27);
INSERT INTO ImgSpectacle (idImg, img, idSpectacle) VALUES (80, 'image_spectacle_27_2.jpg', 27);
INSERT INTO Spectacle (idSpectacle, titre, description, urlVideo, horairePrevionnel, idSoiree, idImg) VALUES (28, 'Spectacle 28', 'Laboriosam ipsa beatae repellat consequatur ea sed.', 'video_spectacle_28.mp4', '2023-04-06 07:24:15', 17, 193);
INSERT INTO Artiste (idArtiste, nom, idSpectacle) VALUES ('32',Prof. Maxine Gorczany I, 28);
INSERT INTO Artiste (idArtiste, nom, idSpectacle) VALUES ('1',Prof. Claud Schmitt MD, 28);
INSERT INTO Artiste (idArtiste, nom, idSpectacle) VALUES ('31',Gunner Senger, 28);
INSERT INTO ImgSpectacle (idImg, img, idSpectacle) VALUES (82, 'image_spectacle_28_1.jpg', 28);
INSERT INTO ImgSpectacle (idImg, img, idSpectacle) VALUES (83, 'image_spectacle_28_2.jpg', 28);
INSERT INTO ImgSpectacle (idImg, img, idSpectacle) VALUES (84, 'image_spectacle_28_3.jpg', 28);
INSERT INTO Spectacle (idSpectacle, titre, description, urlVideo, horairePrevionnel, idSoiree, idImg) VALUES (29, 'Spectacle 29', 'Vitae officiis doloribus aut modi inventore similique adipisci.', 'video_spectacle_29.mp4', '2023-09-25 12:39:10', 39, 157);
INSERT INTO Artiste (idArtiste, nom, idSpectacle) VALUES ('27',Prof. Phoebe Lynch V, 29);
INSERT INTO Artiste (idArtiste, nom, idSpectacle) VALUES ('12',Ms. Carole Hermann, 29);
INSERT INTO Artiste (idArtiste, nom, idSpectacle) VALUES ('42',Ms. Shanny Kautzer, 29);
INSERT INTO ImgSpectacle (idImg, img, idSpectacle) VALUES (85, 'image_spectacle_29_1.jpg', 29);
INSERT INTO ImgSpectacle (idImg, img, idSpectacle) VALUES (86, 'image_spectacle_29_2.jpg', 29);
INSERT INTO ImgSpectacle (idImg, img, idSpectacle) VALUES (87, 'image_spectacle_29_3.jpg', 29);
INSERT INTO Spectacle (idSpectacle, titre, description, urlVideo, horairePrevionnel, idSoiree, idImg) VALUES (30, 'Spectacle 30', 'Rerum molestiae earum vero et reiciendis eveniet.', 'video_spectacle_30.mp4', '2023-09-14 06:36:25', 40, 222);
INSERT INTO Artiste (idArtiste, nom, idSpectacle) VALUES ('46',Miss Domenica Koch, 30);
INSERT INTO ImgSpectacle (idImg, img, idSpectacle) VALUES (88, 'image_spectacle_30_1.jpg', 30);
INSERT INTO ImgSpectacle (idImg, img, idSpectacle) VALUES (89, 'image_spectacle_30_2.jpg', 30);
INSERT INTO Spectacle (idSpectacle, titre, description, urlVideo, horairePrevionnel, idSoiree, idImg) VALUES (31, 'Spectacle 31', 'Ipsum assumenda expedita architecto non aut non reprehenderit aut.', 'video_spectacle_31.mp4', '2023-08-03 14:21:04', 16, 206);
INSERT INTO Artiste (idArtiste, nom, idSpectacle) VALUES ('31',Corrine Lueilwitz DVM, 31);
INSERT INTO ImgSpectacle (idImg, img, idSpectacle) VALUES (91, 'image_spectacle_31_1.jpg', 31);
INSERT INTO ImgSpectacle (idImg, img, idSpectacle) VALUES (92, 'image_spectacle_31_2.jpg', 31);
INSERT INTO ImgSpectacle (idImg, img, idSpectacle) VALUES (93, 'image_spectacle_31_3.jpg', 31);
INSERT INTO Spectacle (idSpectacle, titre, description, urlVideo, horairePrevionnel, idSoiree, idImg) VALUES (32, 'Spectacle 32', 'Dolorum adipisci ut labore facilis.', 'video_spectacle_32.mp4', '2023-04-20 00:47:54', 22, 343);
INSERT INTO Artiste (idArtiste, nom, idSpectacle) VALUES ('3',Dr. Brice Stracke Sr., 32);
INSERT INTO Artiste (idArtiste, nom, idSpectacle) VALUES ('33',Mr. Antwan Kub, 32);
INSERT INTO ImgSpectacle (idImg, img, idSpectacle) VALUES (94, 'image_spectacle_32_1.jpg', 32);
INSERT INTO ImgSpectacle (idImg, img, idSpectacle) VALUES (95, 'image_spectacle_32_2.jpg', 32);
INSERT INTO ImgSpectacle (idImg, img, idSpectacle) VALUES (96, 'image_spectacle_32_3.jpg', 32);
INSERT INTO Spectacle (idSpectacle, titre, description, urlVideo, horairePrevionnel, idSoiree, idImg) VALUES (33, 'Spectacle 33', 'Qui distinctio aspernatur error placeat et a modi.', 'video_spectacle_33.mp4', '2023-01-26 09:35:32', 42, 289);
INSERT INTO Artiste (idArtiste, nom, idSpectacle) VALUES ('50',Nicholas Morar, 33);
INSERT INTO Artiste (idArtiste, nom, idSpectacle) VALUES ('2',Dr. Gennaro Homenick Sr., 33);
INSERT INTO ImgSpectacle (idImg, img, idSpectacle) VALUES (97, 'image_spectacle_33_1.jpg', 33);
INSERT INTO ImgSpectacle (idImg, img, idSpectacle) VALUES (98, 'image_spectacle_33_2.jpg', 33);
INSERT INTO ImgSpectacle (idImg, img, idSpectacle) VALUES (99, 'image_spectacle_33_3.jpg', 33);
INSERT INTO Spectacle (idSpectacle, titre, description, urlVideo, horairePrevionnel, idSoiree, idImg) VALUES (34, 'Spectacle 34', 'Nihil repudiandae sit omnis et doloribus maxime quae.', 'video_spectacle_34.mp4', '2023-04-03 03:02:53', 13, 272);
INSERT INTO Artiste (idArtiste, nom, idSpectacle) VALUES ('12',Stephanie Windler, 34);
INSERT INTO ImgSpectacle (idImg, img, idSpectacle) VALUES (100, 'image_spectacle_34_1.jpg', 34);
INSERT INTO ImgSpectacle (idImg, img, idSpectacle) VALUES (101, 'image_spectacle_34_2.jpg', 34);
INSERT INTO ImgSpectacle (idImg, img, idSpectacle) VALUES (102, 'image_spectacle_34_3.jpg', 34);
INSERT INTO Spectacle (idSpectacle, titre, description, urlVideo, horairePrevionnel, idSoiree, idImg) VALUES (35, 'Spectacle 35', 'Voluptates explicabo enim debitis nihil quaerat dignissimos.', 'video_spectacle_35.mp4', '2023-07-18 01:04:10', 20, 47);
INSERT INTO Artiste (idArtiste, nom, idSpectacle) VALUES ('14',Dr. Chaz Casper, 35);
INSERT INTO Artiste (idArtiste, nom, idSpectacle) VALUES ('15',Meaghan Cremin, 35);
INSERT INTO Artiste (idArtiste, nom, idSpectacle) VALUES ('31',Dr. Natalie White MD, 35);
INSERT INTO ImgSpectacle (idImg, img, idSpectacle) VALUES (103, 'image_spectacle_35_1.jpg', 35);
INSERT INTO Spectacle (idSpectacle, titre, description, urlVideo, horairePrevionnel, idSoiree, idImg) VALUES (36, 'Spectacle 36', 'Voluptatem nemo omnis dolore ex quidem et.', 'video_spectacle_36.mp4', '2023-07-04 06:47:53', 9, 130);
INSERT INTO Artiste (idArtiste, nom, idSpectacle) VALUES ('22',Terence Senger, 36);
INSERT INTO ImgSpectacle (idImg, img, idSpectacle) VALUES (106, 'image_spectacle_36_1.jpg', 36);
INSERT INTO ImgSpectacle (idImg, img, idSpectacle) VALUES (107, 'image_spectacle_36_2.jpg', 36);
INSERT INTO ImgSpectacle (idImg, img, idSpectacle) VALUES (108, 'image_spectacle_36_3.jpg', 36);
INSERT INTO Spectacle (idSpectacle, titre, description, urlVideo, horairePrevionnel, idSoiree, idImg) VALUES (37, 'Spectacle 37', 'Quam molestiae ab esse sed modi.', 'video_spectacle_37.mp4', '2023-04-17 07:21:48', 18, 292);
INSERT INTO Artiste (idArtiste, nom, idSpectacle) VALUES ('41',Gillian Stroman PhD, 37);
INSERT INTO Artiste (idArtiste, nom, idSpectacle) VALUES ('32',Taryn VonRueden, 37);
INSERT INTO Artiste (idArtiste, nom, idSpectacle) VALUES ('48',Alejandra Pfeffer, 37);
INSERT INTO ImgSpectacle (idImg, img, idSpectacle) VALUES (109, 'image_spectacle_37_1.jpg', 37);
INSERT INTO ImgSpectacle (idImg, img, idSpectacle) VALUES (110, 'image_spectacle_37_2.jpg', 37);
INSERT INTO ImgSpectacle (idImg, img, idSpectacle) VALUES (111, 'image_spectacle_37_3.jpg', 37);
INSERT INTO Spectacle (idSpectacle, titre, description, urlVideo, horairePrevionnel, idSoiree, idImg) VALUES (38, 'Spectacle 38', 'Et id dolores nemo sed ad ad.', 'video_spectacle_38.mp4', '2023-09-22 10:35:35', 28, 333);
INSERT INTO Artiste (idArtiste, nom, idSpectacle) VALUES ('15',Vladimir Beer, 38);
INSERT INTO Artiste (idArtiste, nom, idSpectacle) VALUES ('46',Theodore Wunsch, 38);
INSERT INTO ImgSpectacle (idImg, img, idSpectacle) VALUES (112, 'image_spectacle_38_1.jpg', 38);
INSERT INTO ImgSpectacle (idImg, img, idSpectacle) VALUES (113, 'image_spectacle_38_2.jpg', 38);
INSERT INTO ImgSpectacle (idImg, img, idSpectacle) VALUES (114, 'image_spectacle_38_3.jpg', 38);
INSERT INTO Spectacle (idSpectacle, titre, description, urlVideo, horairePrevionnel, idSoiree, idImg) VALUES (39, 'Spectacle 39', 'Aut consectetur inventore nostrum et quas maxime aperiam.', 'video_spectacle_39.mp4', '2023-01-09 11:25:55', 11, 262);
INSERT INTO Artiste (idArtiste, nom, idSpectacle) VALUES ('10',Sheldon Runolfsdottir, 39);
INSERT INTO Artiste (idArtiste, nom, idSpectacle) VALUES ('5',Marilyne Ullrich III, 39);
INSERT INTO Artiste (idArtiste, nom, idSpectacle) VALUES ('17',Mr. Ryley Roob, 39);
INSERT INTO ImgSpectacle (idImg, img, idSpectacle) VALUES (115, 'image_spectacle_39_1.jpg', 39);
INSERT INTO ImgSpectacle (idImg, img, idSpectacle) VALUES (116, 'image_spectacle_39_2.jpg', 39);
INSERT INTO ImgSpectacle (idImg, img, idSpectacle) VALUES (117, 'image_spectacle_39_3.jpg', 39);
INSERT INTO Spectacle (idSpectacle, titre, description, urlVideo, horairePrevionnel, idSoiree, idImg) VALUES (40, 'Spectacle 40', 'Asperiores molestiae aut reprehenderit ut et dolor voluptate.', 'video_spectacle_40.mp4', '2023-05-14 02:09:57', 25, 251);
INSERT INTO Artiste (idArtiste, nom, idSpectacle) VALUES ('18',Prof. Kendall Schroeder, 40);
INSERT INTO Artiste (idArtiste, nom, idSpectacle) VALUES ('48',Demetrius Bartell, 40);
INSERT INTO Artiste (idArtiste, nom, idSpectacle) VALUES ('42',Ervin Conroy, 40);
INSERT INTO ImgSpectacle (idImg, img, idSpectacle) VALUES (118, 'image_spectacle_40_1.jpg', 40);
INSERT INTO ImgSpectacle (idImg, img, idSpectacle) VALUES (119, 'image_spectacle_40_2.jpg', 40);
INSERT INTO ImgSpectacle (idImg, img, idSpectacle) VALUES (120, 'image_spectacle_40_3.jpg', 40);
INSERT INTO Spectacle (idSpectacle, titre, description, urlVideo, horairePrevionnel, idSoiree, idImg) VALUES (41, 'Spectacle 41', 'A commodi ut nostrum atque.', 'video_spectacle_41.mp4', '2023-01-13 19:50:39', 17, 298);
INSERT INTO Artiste (idArtiste, nom, idSpectacle) VALUES ('10',Mallie Rogahn, 41);
INSERT INTO Artiste (idArtiste, nom, idSpectacle) VALUES ('37',Patrick Nicolas V, 41);
INSERT INTO ImgSpectacle (idImg, img, idSpectacle) VALUES (121, 'image_spectacle_41_1.jpg', 41);
INSERT INTO ImgSpectacle (idImg, img, idSpectacle) VALUES (122, 'image_spectacle_41_2.jpg', 41);
INSERT INTO ImgSpectacle (idImg, img, idSpectacle) VALUES (123, 'image_spectacle_41_3.jpg', 41);
INSERT INTO Spectacle (idSpectacle, titre, description, urlVideo, horairePrevionnel, idSoiree, idImg) VALUES (42, 'Spectacle 42', 'Ut voluptates sunt enim facilis quas et laudantium aut.', 'video_spectacle_42.mp4', '2023-04-13 15:25:49', 37, 187);
INSERT INTO Artiste (idArtiste, nom, idSpectacle) VALUES ('33',Gilda Ortiz, 42);
INSERT INTO Artiste (idArtiste, nom, idSpectacle) VALUES ('44',Prof. Kari Cronin III, 42);
INSERT INTO Artiste (idArtiste, nom, idSpectacle) VALUES ('15',Reid Rodriguez, 42);
INSERT INTO ImgSpectacle (idImg, img, idSpectacle) VALUES (124, 'image_spectacle_42_1.jpg', 42);
INSERT INTO ImgSpectacle (idImg, img, idSpectacle) VALUES (125, 'image_spectacle_42_2.jpg', 42);
INSERT INTO Spectacle (idSpectacle, titre, description, urlVideo, horairePrevionnel, idSoiree, idImg) VALUES (43, 'Spectacle 43', 'Suscipit quam hic vel sunt ut ipsa.', 'video_spectacle_43.mp4', '2023-06-01 08:45:33', 21, 210);
INSERT INTO Artiste (idArtiste, nom, idSpectacle) VALUES ('23',Mrs. Helene Purdy Jr., 43);
INSERT INTO Artiste (idArtiste, nom, idSpectacle) VALUES ('25',Alanis Quigley Jr., 43);
INSERT INTO ImgSpectacle (idImg, img, idSpectacle) VALUES (127, 'image_spectacle_43_1.jpg', 43);
INSERT INTO ImgSpectacle (idImg, img, idSpectacle) VALUES (128, 'image_spectacle_43_2.jpg', 43);
INSERT INTO Spectacle (idSpectacle, titre, description, urlVideo, horairePrevionnel, idSoiree, idImg) VALUES (44, 'Spectacle 44', 'Omnis quisquam quo porro sit.', 'video_spectacle_44.mp4', '2023-03-08 01:23:07', 30, 22);
INSERT INTO Artiste (idArtiste, nom, idSpectacle) VALUES ('36',Trevor Hessel, 44);
INSERT INTO ImgSpectacle (idImg, img, idSpectacle) VALUES (130, 'image_spectacle_44_1.jpg', 44);
INSERT INTO Spectacle (idSpectacle, titre, description, urlVideo, horairePrevionnel, idSoiree, idImg) VALUES (45, 'Spectacle 45', 'Dolor expedita iure sit et voluptatem.', 'video_spectacle_45.mp4', '2023-06-08 02:02:40', 37, 367);
INSERT INTO Artiste (idArtiste, nom, idSpectacle) VALUES ('26',Ora Romaguera, 45);
INSERT INTO Artiste (idArtiste, nom, idSpectacle) VALUES ('16',Dr. William Batz Sr., 45);
INSERT INTO ImgSpectacle (idImg, img, idSpectacle) VALUES (133, 'image_spectacle_45_1.jpg', 45);
INSERT INTO Spectacle (idSpectacle, titre, description, urlVideo, horairePrevionnel, idSoiree, idImg) VALUES (46, 'Spectacle 46', 'Laborum illum dolorem aut atque quisquam omnis ratione.', 'video_spectacle_46.mp4', '2023-03-16 11:59:38', 14, 214);
INSERT INTO Artiste (idArtiste, nom, idSpectacle) VALUES ('32',Prof. Amanda Boehm, 46);
INSERT INTO Artiste (idArtiste, nom, idSpectacle) VALUES ('50',Leonel Gutkowski, 46);
INSERT INTO Artiste (idArtiste, nom, idSpectacle) VALUES ('39',Alene Bahringer III, 46);
INSERT INTO ImgSpectacle (idImg, img, idSpectacle) VALUES (136, 'image_spectacle_46_1.jpg', 46);
INSERT INTO ImgSpectacle (idImg, img, idSpectacle) VALUES (137, 'image_spectacle_46_2.jpg', 46);
INSERT INTO ImgSpectacle (idImg, img, idSpectacle) VALUES (138, 'image_spectacle_46_3.jpg', 46);
INSERT INTO Spectacle (idSpectacle, titre, description, urlVideo, horairePrevionnel, idSoiree, idImg) VALUES (47, 'Spectacle 47', 'Et aut vel vero cupiditate est accusamus consequatur.', 'video_spectacle_47.mp4', '2023-04-12 21:53:53', 12, 233);
INSERT INTO Artiste (idArtiste, nom, idSpectacle) VALUES ('36',Trudie Kiehn, 47);
INSERT INTO Artiste (idArtiste, nom, idSpectacle) VALUES ('30',Judge Dooley, 47);
INSERT INTO ImgSpectacle (idImg, img, idSpectacle) VALUES (139, 'image_spectacle_47_1.jpg', 47);
INSERT INTO ImgSpectacle (idImg, img, idSpectacle) VALUES (140, 'image_spectacle_47_2.jpg', 47);
INSERT INTO Spectacle (idSpectacle, titre, description, urlVideo, horairePrevionnel, idSoiree, idImg) VALUES (48, 'Spectacle 48', 'Recusandae qui rerum placeat perspiciatis voluptas.', 'video_spectacle_48.mp4', '2023-06-02 13:02:04', 26, 11);
INSERT INTO Artiste (idArtiste, nom, idSpectacle) VALUES ('44',Helene Gerlach, 48);
INSERT INTO Artiste (idArtiste, nom, idSpectacle) VALUES ('50',Samir Abbott, 48);
INSERT INTO ImgSpectacle (idImg, img, idSpectacle) VALUES (142, 'image_spectacle_48_1.jpg', 48);
INSERT INTO Spectacle (idSpectacle, titre, description, urlVideo, horairePrevionnel, idSoiree, idImg) VALUES (49, 'Spectacle 49', 'Architecto suscipit non culpa consequatur ut perspiciatis.', 'video_spectacle_49.mp4', '2023-01-12 01:45:54', 30, 378);
INSERT INTO Artiste (idArtiste, nom, idSpectacle) VALUES ('20',Maybelle Gulgowski, 49);
INSERT INTO Artiste (idArtiste, nom, idSpectacle) VALUES ('42',Clay Zulauf, 49);
INSERT INTO Artiste (idArtiste, nom, idSpectacle) VALUES ('13',Otilia Cummerata, 49);
INSERT INTO ImgSpectacle (idImg, img, idSpectacle) VALUES (145, 'image_spectacle_49_1.jpg', 49);
INSERT INTO ImgSpectacle (idImg, img, idSpectacle) VALUES (146, 'image_spectacle_49_2.jpg', 49);
INSERT INTO Spectacle (idSpectacle, titre, description, urlVideo, horairePrevionnel, idSoiree, idImg) VALUES (50, 'Spectacle 50', 'Eligendi voluptas neque rerum perspiciatis officiis eum.', 'video_spectacle_50.mp4', '2023-02-03 03:47:07', 28, 369);
INSERT INTO Artiste (idArtiste, nom, idSpectacle) VALUES ('30',Morton Armstrong Sr., 50);
INSERT INTO ImgSpectacle (idImg, img, idSpectacle) VALUES (148, 'image_spectacle_50_1.jpg', 50);
INSERT INTO Spectacle (idSpectacle, titre, description, urlVideo, horairePrevionnel, idSoiree, idImg) VALUES (51, 'Spectacle 51', 'Et ducimus deleniti illo.', 'video_spectacle_51.mp4', '2023-04-09 06:16:53', 33, 246);
INSERT INTO Artiste (idArtiste, nom, idSpectacle) VALUES ('13',Ms. Krista Herzog DDS, 51);
INSERT INTO Artiste (idArtiste, nom, idSpectacle) VALUES ('2',Prof. Reynold Schulist, 51);
INSERT INTO Artiste (idArtiste, nom, idSpectacle) VALUES ('41',Prof. Catalina Harber, 51);
INSERT INTO ImgSpectacle (idImg, img, idSpectacle) VALUES (151, 'image_spectacle_51_1.jpg', 51);
INSERT INTO ImgSpectacle (idImg, img, idSpectacle) VALUES (152, 'image_spectacle_51_2.jpg', 51);
INSERT INTO Spectacle (idSpectacle, titre, description, urlVideo, horairePrevionnel, idSoiree, idImg) VALUES (52, 'Spectacle 52', 'Beatae tenetur laborum consequatur id.', 'video_spectacle_52.mp4', '2023-06-26 00:13:25', 38, 102);
INSERT INTO Artiste (idArtiste, nom, idSpectacle) VALUES ('30',Misty Fisher, 52);
INSERT INTO Artiste (idArtiste, nom, idSpectacle) VALUES ('32',Dr. Josefa Braun IV, 52);
INSERT INTO ImgSpectacle (idImg, img, idSpectacle) VALUES (154, 'image_spectacle_52_1.jpg', 52);
INSERT INTO ImgSpectacle (idImg, img, idSpectacle) VALUES (155, 'image_spectacle_52_2.jpg', 52);
INSERT INTO Spectacle (idSpectacle, titre, description, urlVideo, horairePrevionnel, idSoiree, idImg) VALUES (53, 'Spectacle 53', 'Eum nihil aspernatur deserunt alias magni non.', 'video_spectacle_53.mp4', '2023-04-30 06:51:37', 37, 50);
INSERT INTO Artiste (idArtiste, nom, idSpectacle) VALUES ('41',Dallas Kulas, 53);
INSERT INTO Artiste (idArtiste, nom, idSpectacle) VALUES ('26',Oda Runolfsson, 53);
INSERT INTO Artiste (idArtiste, nom, idSpectacle) VALUES ('46',Peter Von, 53);
INSERT INTO ImgSpectacle (idImg, img, idSpectacle) VALUES (157, 'image_spectacle_53_1.jpg', 53);
INSERT INTO ImgSpectacle (idImg, img, idSpectacle) VALUES (158, 'image_spectacle_53_2.jpg', 53);
INSERT INTO ImgSpectacle (idImg, img, idSpectacle) VALUES (159, 'image_spectacle_53_3.jpg', 53);
INSERT INTO Spectacle (idSpectacle, titre, description, urlVideo, horairePrevionnel, idSoiree, idImg) VALUES (54, 'Spectacle 54', 'Enim nobis blanditiis fugit placeat.', 'video_spectacle_54.mp4', '2023-10-17 06:40:46', 37, 230);
INSERT INTO Artiste (idArtiste, nom, idSpectacle) VALUES ('32',Ahmad Boehm, 54);
INSERT INTO ImgSpectacle (idImg, img, idSpectacle) VALUES (160, 'image_spectacle_54_1.jpg', 54);
INSERT INTO Spectacle (idSpectacle, titre, description, urlVideo, horairePrevionnel, idSoiree, idImg) VALUES (55, 'Spectacle 55', 'Et tempora dolor consequatur omnis at.', 'video_spectacle_55.mp4', '2023-08-09 03:08:49', 13, 196);
INSERT INTO Artiste (idArtiste, nom, idSpectacle) VALUES ('34',Raphaelle Tremblay, 55);
INSERT INTO Artiste (idArtiste, nom, idSpectacle) VALUES ('49',Mrs. Caterina Schamberger, 55);
INSERT INTO Artiste (idArtiste, nom, idSpectacle) VALUES ('17',Danika King, 55);
INSERT INTO ImgSpectacle (idImg, img, idSpectacle) VALUES (163, 'image_spectacle_55_1.jpg', 55);
INSERT INTO ImgSpectacle (idImg, img, idSpectacle) VALUES (164, 'image_spectacle_55_2.jpg', 55);
INSERT INTO Spectacle (idSpectacle, titre, description, urlVideo, horairePrevionnel, idSoiree, idImg) VALUES (56, 'Spectacle 56', 'Enim aut perferendis eligendi ducimus.', 'video_spectacle_56.mp4', '2023-08-31 15:33:15', 24, 2);
INSERT INTO Artiste (idArtiste, nom, idSpectacle) VALUES ('2',Green Kuvalis, 56);
INSERT INTO ImgSpectacle (idImg, img, idSpectacle) VALUES (166, 'image_spectacle_56_1.jpg', 56);
INSERT INTO Spectacle (idSpectacle, titre, description, urlVideo, horairePrevionnel, idSoiree, idImg) VALUES (57, 'Spectacle 57', 'Nisi repudiandae quaerat corrupti asperiores voluptatem cupiditate hic a.', 'video_spectacle_57.mp4', '2023-04-24 11:29:02', 39, 284);
INSERT INTO Artiste (idArtiste, nom, idSpectacle) VALUES ('49',Vernice Wilkinson, 57);
INSERT INTO Artiste (idArtiste, nom, idSpectacle) VALUES ('19',Jay Kutch, 57);
INSERT INTO Artiste (idArtiste, nom, idSpectacle) VALUES ('34',Nora Windler, 57);
INSERT INTO ImgSpectacle (idImg, img, idSpectacle) VALUES (169, 'image_spectacle_57_1.jpg', 57);
INSERT INTO ImgSpectacle (idImg, img, idSpectacle) VALUES (170, 'image_spectacle_57_2.jpg', 57);
INSERT INTO Spectacle (idSpectacle, titre, description, urlVideo, horairePrevionnel, idSoiree, idImg) VALUES (58, 'Spectacle 58', 'Repellat optio consequatur illo iure voluptate nisi.', 'video_spectacle_58.mp4', '2023-05-30 13:36:18', 12, 26);
INSERT INTO Artiste (idArtiste, nom, idSpectacle) VALUES ('45',Evangeline Wisozk, 58);
INSERT INTO Artiste (idArtiste, nom, idSpectacle) VALUES ('31',Garnett Ullrich, 58);
INSERT INTO Artiste (idArtiste, nom, idSpectacle) VALUES ('46',Prof. Lottie Bergstrom DDS, 58);
INSERT INTO ImgSpectacle (idImg, img, idSpectacle) VALUES (172, 'image_spectacle_58_1.jpg', 58);
INSERT INTO ImgSpectacle (idImg, img, idSpectacle) VALUES (173, 'image_spectacle_58_2.jpg', 58);
INSERT INTO Spectacle (idSpectacle, titre, description, urlVideo, horairePrevionnel, idSoiree, idImg) VALUES (59, 'Spectacle 59', 'Nihil at labore consectetur et fugit quisquam.', 'video_spectacle_59.mp4', '2023-03-30 10:03:33', 3, 339);
INSERT INTO Artiste (idArtiste, nom, idSpectacle) VALUES ('29',Tatum Feeney, 59);
INSERT INTO Artiste (idArtiste, nom, idSpectacle) VALUES ('43',Evan Quigley, 59);
INSERT INTO ImgSpectacle (idImg, img, idSpectacle) VALUES (175, 'image_spectacle_59_1.jpg', 59);
INSERT INTO ImgSpectacle (idImg, img, idSpectacle) VALUES (176, 'image_spectacle_59_2.jpg', 59);
INSERT INTO ImgSpectacle (idImg, img, idSpectacle) VALUES (177, 'image_spectacle_59_3.jpg', 59);
INSERT INTO Spectacle (idSpectacle, titre, description, urlVideo, horairePrevionnel, idSoiree, idImg) VALUES (60, 'Spectacle 60', 'Recusandae dolorum nemo voluptates rerum dolorem.', 'video_spectacle_60.mp4', '2023-04-05 11:21:20', 32, 25);
INSERT INTO Artiste (idArtiste, nom, idSpectacle) VALUES ('26',Prof. Dee Gutkowski, 60);
INSERT INTO ImgSpectacle (idImg, img, idSpectacle) VALUES (178, 'image_spectacle_60_1.jpg', 60);
INSERT INTO ImgSpectacle (idImg, img, idSpectacle) VALUES (179, 'image_spectacle_60_2.jpg', 60);
INSERT INTO Spectacle (idSpectacle, titre, description, urlVideo, horairePrevionnel, idSoiree, idImg) VALUES (61, 'Spectacle 61', 'Aut ullam necessitatibus eaque magni sequi.', 'video_spectacle_61.mp4', '2023-10-02 07:44:52', 24, 249);
INSERT INTO Artiste (idArtiste, nom, idSpectacle) VALUES ('45',Dr. Kameron Sipes IV, 61);
INSERT INTO Artiste (idArtiste, nom, idSpectacle) VALUES ('17',Prof. Baby Dooley DDS, 61);
INSERT INTO ImgSpectacle (idImg, img, idSpectacle) VALUES (181, 'image_spectacle_61_1.jpg', 61);
INSERT INTO Spectacle (idSpectacle, titre, description, urlVideo, horairePrevionnel, idSoiree, idImg) VALUES (62, 'Spectacle 62', 'Qui commodi nostrum in perspiciatis autem quidem.', 'video_spectacle_62.mp4', '2023-06-25 13:20:50', 29, 202);
INSERT INTO Artiste (idArtiste, nom, idSpectacle) VALUES ('29',Dr. Arnold Wolf, 62);
INSERT INTO ImgSpectacle (idImg, img, idSpectacle) VALUES (184, 'image_spectacle_62_1.jpg', 62);
INSERT INTO ImgSpectacle (idImg, img, idSpectacle) VALUES (185, 'image_spectacle_62_2.jpg', 62);
INSERT INTO ImgSpectacle (idImg, img, idSpectacle) VALUES (186, 'image_spectacle_62_3.jpg', 62);
INSERT INTO Spectacle (idSpectacle, titre, description, urlVideo, horairePrevionnel, idSoiree, idImg) VALUES (63, 'Spectacle 63', 'Dolorem ipsam aperiam laborum.', 'video_spectacle_63.mp4', '2023-02-04 18:00:07', 32, 245);
INSERT INTO Artiste (idArtiste, nom, idSpectacle) VALUES ('15',Jackson Gorczany, 63);
INSERT INTO ImgSpectacle (idImg, img, idSpectacle) VALUES (187, 'image_spectacle_63_1.jpg', 63);
INSERT INTO ImgSpectacle (idImg, img, idSpectacle) VALUES (188, 'image_spectacle_63_2.jpg', 63);
INSERT INTO Spectacle (idSpectacle, titre, description, urlVideo, horairePrevionnel, idSoiree, idImg) VALUES (64, 'Spectacle 64', 'Consectetur consequuntur perferendis earum possimus.', 'video_spectacle_64.mp4', '2023-01-09 01:25:48', 7, 372);
INSERT INTO Artiste (idArtiste, nom, idSpectacle) VALUES ('44',Ewell Buckridge, 64);
INSERT INTO ImgSpectacle (idImg, img, idSpectacle) VALUES (190, 'image_spectacle_64_1.jpg', 64);
INSERT INTO ImgSpectacle (idImg, img, idSpectacle) VALUES (191, 'image_spectacle_64_2.jpg', 64);
INSERT INTO Spectacle (idSpectacle, titre, description, urlVideo, horairePrevionnel, idSoiree, idImg) VALUES (65, 'Spectacle 65', 'Aliquid tenetur occaecati repudiandae consequatur vel rerum.', 'video_spectacle_65.mp4', '2023-03-30 13:09:13', 2, 253);
INSERT INTO Artiste (idArtiste, nom, idSpectacle) VALUES ('7',Letitia Kutch, 65);
INSERT INTO ImgSpectacle (idImg, img, idSpectacle) VALUES (193, 'image_spectacle_65_1.jpg', 65);
INSERT INTO ImgSpectacle (idImg, img, idSpectacle) VALUES (194, 'image_spectacle_65_2.jpg', 65);
INSERT INTO Spectacle (idSpectacle, titre, description, urlVideo, horairePrevionnel, idSoiree, idImg) VALUES (66, 'Spectacle 66', 'Aspernatur vel dolore non nulla et.', 'video_spectacle_66.mp4', '2023-06-11 04:51:26', 10, 182);
INSERT INTO Artiste (idArtiste, nom, idSpectacle) VALUES ('34',Marty Toy DDS, 66);
INSERT INTO Artiste (idArtiste, nom, idSpectacle) VALUES ('40',Mr. Ethel Haag PhD, 66);
INSERT INTO Artiste (idArtiste, nom, idSpectacle) VALUES ('22',Prof. Sylvia Dibbert, 66);
INSERT INTO ImgSpectacle (idImg, img, idSpectacle) VALUES (196, 'image_spectacle_66_1.jpg', 66);
INSERT INTO Spectacle (idSpectacle, titre, description, urlVideo, horairePrevionnel, idSoiree, idImg) VALUES (67, 'Spectacle 67', 'Culpa perspiciatis aut deleniti ut sint.', 'video_spectacle_67.mp4', '2023-06-11 15:26:38', 20, 50);
INSERT INTO Artiste (idArtiste, nom, idSpectacle) VALUES ('32',Rupert O'Conner, 67);
INSERT INTO ImgSpectacle (idImg, img, idSpectacle) VALUES (199, 'image_spectacle_67_1.jpg', 67);
INSERT INTO ImgSpectacle (idImg, img, idSpectacle) VALUES (200, 'image_spectacle_67_2.jpg', 67);
INSERT INTO ImgSpectacle (idImg, img, idSpectacle) VALUES (201, 'image_spectacle_67_3.jpg', 67);
INSERT INTO Spectacle (idSpectacle, titre, description, urlVideo, horairePrevionnel, idSoiree, idImg) VALUES (68, 'Spectacle 68', 'Sunt animi eum blanditiis eaque.', 'video_spectacle_68.mp4', '2023-09-01 08:36:49', 1, 355);
INSERT INTO Artiste (idArtiste, nom, idSpectacle) VALUES ('48',Katelin Marvin, 68);
INSERT INTO Artiste (idArtiste, nom, idSpectacle) VALUES ('7',Prof. Stephon Rutherford MD, 68);
INSERT INTO ImgSpectacle (idImg, img, idSpectacle) VALUES (202, 'image_spectacle_68_1.jpg', 68);
INSERT INTO ImgSpectacle (idImg, img, idSpectacle) VALUES (203, 'image_spectacle_68_2.jpg', 68);
INSERT INTO Spectacle (idSpectacle, titre, description, urlVideo, horairePrevionnel, idSoiree, idImg) VALUES (69, 'Spectacle 69', 'Reiciendis asperiores blanditiis accusantium perspiciatis sed repellendus et.', 'video_spectacle_69.mp4', '2023-04-12 02:53:58', 18, 62);
INSERT INTO Artiste (idArtiste, nom, idSpectacle) VALUES ('24',Mrs. Shayna Stracke PhD, 69);
INSERT INTO ImgSpectacle (idImg, img, idSpectacle) VALUES (205, 'image_spectacle_69_1.jpg', 69);
INSERT INTO Spectacle (idSpectacle, titre, description, urlVideo, horairePrevionnel, idSoiree, idImg) VALUES (70, 'Spectacle 70', 'Nostrum debitis ducimus quasi qui officiis.', 'video_spectacle_70.mp4', '2023-05-18 18:52:10', 21, 38);
INSERT INTO Artiste (idArtiste, nom, idSpectacle) VALUES ('23',Mr. Esteban Emmerich MD, 70);
INSERT INTO ImgSpectacle (idImg, img, idSpectacle) VALUES (208, 'image_spectacle_70_1.jpg', 70);
INSERT INTO ImgSpectacle (idImg, img, idSpectacle) VALUES (209, 'image_spectacle_70_2.jpg', 70);
INSERT INTO Spectacle (idSpectacle, titre, description, urlVideo, horairePrevionnel, idSoiree, idImg) VALUES (71, 'Spectacle 71', 'Voluptatum aspernatur magnam porro quia.', 'video_spectacle_71.mp4', '2023-02-11 19:48:54', 17, 358);
INSERT INTO Artiste (idArtiste, nom, idSpectacle) VALUES ('7',Chloe Douglas, 71);
INSERT INTO ImgSpectacle (idImg, img, idSpectacle) VALUES (211, 'image_spectacle_71_1.jpg', 71);
INSERT INTO ImgSpectacle (idImg, img, idSpectacle) VALUES (212, 'image_spectacle_71_2.jpg', 71);
INSERT INTO ImgSpectacle (idImg, img, idSpectacle) VALUES (213, 'image_spectacle_71_3.jpg', 71);
INSERT INTO Spectacle (idSpectacle, titre, description, urlVideo, horairePrevionnel, idSoiree, idImg) VALUES (72, 'Spectacle 72', 'Eum quasi eos nemo deserunt voluptatum non tenetur.', 'video_spectacle_72.mp4', '2023-03-05 11:12:22', 39, 224);
INSERT INTO Artiste (idArtiste, nom, idSpectacle) VALUES ('39',Prof. Davion Roob, 72);
INSERT INTO Artiste (idArtiste, nom, idSpectacle) VALUES ('44',Roberto Daugherty, 72);
INSERT INTO ImgSpectacle (idImg, img, idSpectacle) VALUES (214, 'image_spectacle_72_1.jpg', 72);
INSERT INTO ImgSpectacle (idImg, img, idSpectacle) VALUES (215, 'image_spectacle_72_2.jpg', 72);
INSERT INTO ImgSpectacle (idImg, img, idSpectacle) VALUES (216, 'image_spectacle_72_3.jpg', 72);
INSERT INTO Spectacle (idSpectacle, titre, description, urlVideo, horairePrevionnel, idSoiree, idImg) VALUES (73, 'Spectacle 73', 'Iste ut accusamus iusto quae.', 'video_spectacle_73.mp4', '2023-04-10 16:42:27', 41, 44);
INSERT INTO Artiste (idArtiste, nom, idSpectacle) VALUES ('8',Ms. Carlee Bins, 73);
INSERT INTO Artiste (idArtiste, nom, idSpectacle) VALUES ('12',Ms. Kathleen Littel, 73);
INSERT INTO ImgSpectacle (idImg, img, idSpectacle) VALUES (217, 'image_spectacle_73_1.jpg', 73);
INSERT INTO ImgSpectacle (idImg, img, idSpectacle) VALUES (218, 'image_spectacle_73_2.jpg', 73);
INSERT INTO ImgSpectacle (idImg, img, idSpectacle) VALUES (219, 'image_spectacle_73_3.jpg', 73);
INSERT INTO Spectacle (idSpectacle, titre, description, urlVideo, horairePrevionnel, idSoiree, idImg) VALUES (74, 'Spectacle 74', 'Alias voluptatem porro vero magni voluptatem esse.', 'video_spectacle_74.mp4', '2023-10-17 06:53:34', 30, 373);
INSERT INTO Artiste (idArtiste, nom, idSpectacle) VALUES ('13',Walton Lynch, 74);
INSERT INTO Artiste (idArtiste, nom, idSpectacle) VALUES ('47',Alexys Bashirian IV, 74);
INSERT INTO ImgSpectacle (idImg, img, idSpectacle) VALUES (220, 'image_spectacle_74_1.jpg', 74);
INSERT INTO ImgSpectacle (idImg, img, idSpectacle) VALUES (221, 'image_spectacle_74_2.jpg', 74);
INSERT INTO ImgSpectacle (idImg, img, idSpectacle) VALUES (222, 'image_spectacle_74_3.jpg', 74);
INSERT INTO Spectacle (idSpectacle, titre, description, urlVideo, horairePrevionnel, idSoiree, idImg) VALUES (75, 'Spectacle 75', 'Quisquam et et distinctio suscipit rerum.', 'video_spectacle_75.mp4', '2023-01-01 01:00:59', 27, 43);
INSERT INTO Artiste (idArtiste, nom, idSpectacle) VALUES ('37',Dr. Carlie Kshlerin, 75);
INSERT INTO Artiste (idArtiste, nom, idSpectacle) VALUES ('49',Kaycee Strosin III, 75);
INSERT INTO ImgSpectacle (idImg, img, idSpectacle) VALUES (223, 'image_spectacle_75_1.jpg', 75);
INSERT INTO ImgSpectacle (idImg, img, idSpectacle) VALUES (224, 'image_spectacle_75_2.jpg', 75);
INSERT INTO ImgSpectacle (idImg, img, idSpectacle) VALUES (225, 'image_spectacle_75_3.jpg', 75);
INSERT INTO Spectacle (idSpectacle, titre, description, urlVideo, horairePrevionnel, idSoiree, idImg) VALUES (76, 'Spectacle 76', 'Explicabo laborum delectus perferendis in incidunt sunt.', 'video_spectacle_76.mp4', '2023-10-13 17:16:15', 2, 336);
INSERT INTO Artiste (idArtiste, nom, idSpectacle) VALUES ('39',Prof. Miller Jones MD, 76);
INSERT INTO Artiste (idArtiste, nom, idSpectacle) VALUES ('13',Ms. Cecile Kutch PhD, 76);
INSERT INTO ImgSpectacle (idImg, img, idSpectacle) VALUES (226, 'image_spectacle_76_1.jpg', 76);
INSERT INTO ImgSpectacle (idImg, img, idSpectacle) VALUES (227, 'image_spectacle_76_2.jpg', 76);
INSERT INTO Spectacle (idSpectacle, titre, description, urlVideo, horairePrevionnel, idSoiree, idImg) VALUES (77, 'Spectacle 77', 'Sit esse quis fuga quibusdam.', 'video_spectacle_77.mp4', '2023-06-02 21:41:36', 17, 134);
INSERT INTO Artiste (idArtiste, nom, idSpectacle) VALUES ('21',Roscoe Marvin, 77);
INSERT INTO Artiste (idArtiste, nom, idSpectacle) VALUES ('36',Gerry Casper, 77);
INSERT INTO Artiste (idArtiste, nom, idSpectacle) VALUES ('18',Mr. Leif Heaney, 77);
INSERT INTO ImgSpectacle (idImg, img, idSpectacle) VALUES (229, 'image_spectacle_77_1.jpg', 77);
INSERT INTO ImgSpectacle (idImg, img, idSpectacle) VALUES (230, 'image_spectacle_77_2.jpg', 77);
INSERT INTO Spectacle (idSpectacle, titre, description, urlVideo, horairePrevionnel, idSoiree, idImg) VALUES (78, 'Spectacle 78', 'Fuga voluptates et amet hic sed minima.', 'video_spectacle_78.mp4', '2023-04-25 19:24:12', 2, 211);
INSERT INTO Artiste (idArtiste, nom, idSpectacle) VALUES ('7',Josephine Schoen, 78);
INSERT INTO Artiste (idArtiste, nom, idSpectacle) VALUES ('4',Prof. Carol Bartoletti, 78);
INSERT INTO ImgSpectacle (idImg, img, idSpectacle) VALUES (232, 'image_spectacle_78_1.jpg', 78);
INSERT INTO ImgSpectacle (idImg, img, idSpectacle) VALUES (233, 'image_spectacle_78_2.jpg', 78);
INSERT INTO Spectacle (idSpectacle, titre, description, urlVideo, horairePrevionnel, idSoiree, idImg) VALUES (79, 'Spectacle 79', 'Velit voluptas voluptas animi autem rerum delectus.', 'video_spectacle_79.mp4', '2023-01-11 23:51:18', 7, 253);
INSERT INTO Artiste (idArtiste, nom, idSpectacle) VALUES ('28',Berniece Weber, 79);
INSERT INTO ImgSpectacle (idImg, img, idSpectacle) VALUES (235, 'image_spectacle_79_1.jpg', 79);
INSERT INTO ImgSpectacle (idImg, img, idSpectacle) VALUES (236, 'image_spectacle_79_2.jpg', 79);
INSERT INTO ImgSpectacle (idImg, img, idSpectacle) VALUES (237, 'image_spectacle_79_3.jpg', 79);
INSERT INTO Spectacle (idSpectacle, titre, description, urlVideo, horairePrevionnel, idSoiree, idImg) VALUES (80, 'Spectacle 80', 'Beatae perspiciatis quas corrupti.', 'video_spectacle_80.mp4', '2023-06-10 22:20:38', 7, 21);
INSERT INTO Artiste (idArtiste, nom, idSpectacle) VALUES ('7',Prof. Benton Lueilwitz, 80);
INSERT INTO Artiste (idArtiste, nom, idSpectacle) VALUES ('19',Rhoda Jakubowski IV, 80);
INSERT INTO ImgSpectacle (idImg, img, idSpectacle) VALUES (238, 'image_spectacle_80_1.jpg', 80);
INSERT INTO ImgSpectacle (idImg, img, idSpectacle) VALUES (239, 'image_spectacle_80_2.jpg', 80);
INSERT INTO ImgSpectacle (idImg, img, idSpectacle) VALUES (240, 'image_spectacle_80_3.jpg', 80);
INSERT INTO Spectacle (idSpectacle, titre, description, urlVideo, horairePrevionnel, idSoiree, idImg) VALUES (81, 'Spectacle 81', 'Veniam veniam occaecati autem enim maiores.', 'video_spectacle_81.mp4', '2023-03-05 15:36:19', 24, 147);
INSERT INTO Artiste (idArtiste, nom, idSpectacle) VALUES ('18',Eduardo Beahan III, 81);
INSERT INTO Artiste (idArtiste, nom, idSpectacle) VALUES ('44',Anthony Satterfield, 81);
INSERT INTO ImgSpectacle (idImg, img, idSpectacle) VALUES (241, 'image_spectacle_81_1.jpg', 81);
INSERT INTO ImgSpectacle (idImg, img, idSpectacle) VALUES (242, 'image_spectacle_81_2.jpg', 81);
INSERT INTO ImgSpectacle (idImg, img, idSpectacle) VALUES (243, 'image_spectacle_81_3.jpg', 81);
INSERT INTO Spectacle (idSpectacle, titre, description, urlVideo, horairePrevionnel, idSoiree, idImg) VALUES (82, 'Spectacle 82', 'Quia quis consequatur architecto rerum tempora magni.', 'video_spectacle_82.mp4', '2023-09-30 19:30:32', 10, 296);
INSERT INTO Artiste (idArtiste, nom, idSpectacle) VALUES ('8',Darrin Graham, 82);
INSERT INTO ImgSpectacle (idImg, img, idSpectacle) VALUES (244, 'image_spectacle_82_1.jpg', 82);
INSERT INTO ImgSpectacle (idImg, img, idSpectacle) VALUES (245, 'image_spectacle_82_2.jpg', 82);
INSERT INTO Spectacle (idSpectacle, titre, description, urlVideo, horairePrevionnel, idSoiree, idImg) VALUES (83, 'Spectacle 83', 'Error adipisci ut voluptas.', 'video_spectacle_83.mp4', '2023-04-28 11:03:49', 40, 70);
INSERT INTO Artiste (idArtiste, nom, idSpectacle) VALUES ('38',Cassandre Block MD, 83);
INSERT INTO ImgSpectacle (idImg, img, idSpectacle) VALUES (247, 'image_spectacle_83_1.jpg', 83);
INSERT INTO ImgSpectacle (idImg, img, idSpectacle) VALUES (248, 'image_spectacle_83_2.jpg', 83);
INSERT INTO Spectacle (idSpectacle, titre, description, urlVideo, horairePrevionnel, idSoiree, idImg) VALUES (84, 'Spectacle 84', 'Alias voluptates omnis vel dolores aliquam sed.', 'video_spectacle_84.mp4', '2023-02-09 00:22:54', 28, 147);
INSERT INTO Artiste (idArtiste, nom, idSpectacle) VALUES ('23',Elmore Lowe, 84);
INSERT INTO Artiste (idArtiste, nom, idSpectacle) VALUES ('40',Dr. Doyle Windler, 84);
INSERT INTO ImgSpectacle (idImg, img, idSpectacle) VALUES (250, 'image_spectacle_84_1.jpg', 84);
INSERT INTO ImgSpectacle (idImg, img, idSpectacle) VALUES (251, 'image_spectacle_84_2.jpg', 84);
INSERT INTO ImgSpectacle (idImg, img, idSpectacle) VALUES (252, 'image_spectacle_84_3.jpg', 84);
INSERT INTO Spectacle (idSpectacle, titre, description, urlVideo, horairePrevionnel, idSoiree, idImg) VALUES (85, 'Spectacle 85', 'Aut et enim dignissimos harum qui ut sit.', 'video_spectacle_85.mp4', '2023-03-13 20:03:33', 3, 372);
INSERT INTO Artiste (idArtiste, nom, idSpectacle) VALUES ('38',Lucio Stiedemann II, 85);
INSERT INTO Artiste (idArtiste, nom, idSpectacle) VALUES ('40',Ward Parisian, 85);
INSERT INTO ImgSpectacle (idImg, img, idSpectacle) VALUES (253, 'image_spectacle_85_1.jpg', 85);
INSERT INTO ImgSpectacle (idImg, img, idSpectacle) VALUES (254, 'image_spectacle_85_2.jpg', 85);
INSERT INTO Spectacle (idSpectacle, titre, description, urlVideo, horairePrevionnel, idSoiree, idImg) VALUES (86, 'Spectacle 86', 'Rerum nisi eligendi nesciunt dolores.', 'video_spectacle_86.mp4', '2023-05-25 20:01:34', 4, 231);
INSERT INTO Artiste (idArtiste, nom, idSpectacle) VALUES ('28',Alvah Monahan II, 86);
INSERT INTO Artiste (idArtiste, nom, idSpectacle) VALUES ('20',Mr. Larue Mayer I, 86);
INSERT INTO Artiste (idArtiste, nom, idSpectacle) VALUES ('22',Waino Jenkins, 86);
INSERT INTO ImgSpectacle (idImg, img, idSpectacle) VALUES (256, 'image_spectacle_86_1.jpg', 86);
INSERT INTO Spectacle (idSpectacle, titre, description, urlVideo, horairePrevionnel, idSoiree, idImg) VALUES (87, 'Spectacle 87', 'Et animi temporibus dolor.', 'video_spectacle_87.mp4', '2023-02-24 14:34:38', 33, 208);
INSERT INTO Artiste (idArtiste, nom, idSpectacle) VALUES ('16',Dr. Filomena Hand MD, 87);
INSERT INTO Artiste (idArtiste, nom, idSpectacle) VALUES ('15',Prof. Jerrell Krajcik DVM, 87);
INSERT INTO ImgSpectacle (idImg, img, idSpectacle) VALUES (259, 'image_spectacle_87_1.jpg', 87);
INSERT INTO Spectacle (idSpectacle, titre, description, urlVideo, horairePrevionnel, idSoiree, idImg) VALUES (88, 'Spectacle 88', 'Molestiae animi porro et magnam deserunt quis aperiam.', 'video_spectacle_88.mp4', '2023-08-18 08:40:59', 36, 316);
INSERT INTO Artiste (idArtiste, nom, idSpectacle) VALUES ('33',Mr. Gabriel Sanford V, 88);
INSERT INTO Artiste (idArtiste, nom, idSpectacle) VALUES ('22',Cordie Rosenbaum, 88);
INSERT INTO ImgSpectacle (idImg, img, idSpectacle) VALUES (262, 'image_spectacle_88_1.jpg', 88);
INSERT INTO ImgSpectacle (idImg, img, idSpectacle) VALUES (263, 'image_spectacle_88_2.jpg', 88);
INSERT INTO Spectacle (idSpectacle, titre, description, urlVideo, horairePrevionnel, idSoiree, idImg) VALUES (89, 'Spectacle 89', 'Iusto adipisci est error nobis.', 'video_spectacle_89.mp4', '2023-04-24 01:07:11', 19, 269);
INSERT INTO Artiste (idArtiste, nom, idSpectacle) VALUES ('50',Prof. Kamren Bashirian, 89);
INSERT INTO Artiste (idArtiste, nom, idSpectacle) VALUES ('45',Raymundo Kilback MD, 89);
INSERT INTO ImgSpectacle (idImg, img, idSpectacle) VALUES (265, 'image_spectacle_89_1.jpg', 89);
INSERT INTO ImgSpectacle (idImg, img, idSpectacle) VALUES (266, 'image_spectacle_89_2.jpg', 89);
INSERT INTO Spectacle (idSpectacle, titre, description, urlVideo, horairePrevionnel, idSoiree, idImg) VALUES (90, 'Spectacle 90', 'Eius dolorem quia et vitae impedit soluta.', 'video_spectacle_90.mp4', '2023-05-26 13:56:07', 34, 28);
INSERT INTO Artiste (idArtiste, nom, idSpectacle) VALUES ('21',Mr. Leone Heidenreich, 90);
INSERT INTO Artiste (idArtiste, nom, idSpectacle) VALUES ('10',Leanne Doyle, 90);
INSERT INTO ImgSpectacle (idImg, img, idSpectacle) VALUES (268, 'image_spectacle_90_1.jpg', 90);
INSERT INTO ImgSpectacle (idImg, img, idSpectacle) VALUES (269, 'image_spectacle_90_2.jpg', 90);
INSERT INTO ImgSpectacle (idImg, img, idSpectacle) VALUES (270, 'image_spectacle_90_3.jpg', 90);
INSERT INTO Spectacle (idSpectacle, titre, description, urlVideo, horairePrevionnel, idSoiree, idImg) VALUES (91, 'Spectacle 91', 'Enim repellendus aliquam amet veritatis.', 'video_spectacle_91.mp4', '2023-05-16 14:42:43', 41, 3);
INSERT INTO Artiste (idArtiste, nom, idSpectacle) VALUES ('14',Delphia Adams MD, 91);
INSERT INTO Artiste (idArtiste, nom, idSpectacle) VALUES ('50',Ms. Salma McGlynn, 91);
INSERT INTO Artiste (idArtiste, nom, idSpectacle) VALUES ('15',Jesus Schinner, 91);
INSERT INTO ImgSpectacle (idImg, img, idSpectacle) VALUES (271, 'image_spectacle_91_1.jpg', 91);
INSERT INTO Spectacle (idSpectacle, titre, description, urlVideo, horairePrevionnel, idSoiree, idImg) VALUES (92, 'Spectacle 92', 'Praesentium eos id et qui nihil.', 'video_spectacle_92.mp4', '2023-09-02 16:41:41', 2, 110);
INSERT INTO Artiste (idArtiste, nom, idSpectacle) VALUES ('5',Madelynn Treutel, 92);
INSERT INTO Artiste (idArtiste, nom, idSpectacle) VALUES ('1',Alexandra Armstrong MD, 92);
INSERT INTO ImgSpectacle (idImg, img, idSpectacle) VALUES (274, 'image_spectacle_92_1.jpg', 92);
INSERT INTO ImgSpectacle (idImg, img, idSpectacle) VALUES (275, 'image_spectacle_92_2.jpg', 92);
INSERT INTO ImgSpectacle (idImg, img, idSpectacle) VALUES (276, 'image_spectacle_92_3.jpg', 92);
INSERT INTO Spectacle (idSpectacle, titre, description, urlVideo, horairePrevionnel, idSoiree, idImg) VALUES (93, 'Spectacle 93', 'Voluptas eos in officiis incidunt.', 'video_spectacle_93.mp4', '2023-06-04 21:23:55', 10, 128);
INSERT INTO Artiste (idArtiste, nom, idSpectacle) VALUES ('44',Dr. Jalon Fisher, 93);
INSERT INTO Artiste (idArtiste, nom, idSpectacle) VALUES ('15',Dudley Maggio DVM, 93);
INSERT INTO Artiste (idArtiste, nom, idSpectacle) VALUES ('19',Mr. Jocelyn Hyatt, 93);
INSERT INTO ImgSpectacle (idImg, img, idSpectacle) VALUES (277, 'image_spectacle_93_1.jpg', 93);
INSERT INTO ImgSpectacle (idImg, img, idSpectacle) VALUES (278, 'image_spectacle_93_2.jpg', 93);
INSERT INTO Spectacle (idSpectacle, titre, description, urlVideo, horairePrevionnel, idSoiree, idImg) VALUES (94, 'Spectacle 94', 'Autem vel asperiores iste rem.', 'video_spectacle_94.mp4', '2023-09-02 06:14:19', 31, 340);
INSERT INTO Artiste (idArtiste, nom, idSpectacle) VALUES ('23',Dr. Zackery Turner, 94);
INSERT INTO Artiste (idArtiste, nom, idSpectacle) VALUES ('35',Prof. Alexandre Hintz Sr., 94);
INSERT INTO ImgSpectacle (idImg, img, idSpectacle) VALUES (280, 'image_spectacle_94_1.jpg', 94);
INSERT INTO ImgSpectacle (idImg, img, idSpectacle) VALUES (281, 'image_spectacle_94_2.jpg', 94);
INSERT INTO Spectacle (idSpectacle, titre, description, urlVideo, horairePrevionnel, idSoiree, idImg) VALUES (95, 'Spectacle 95', 'Maiores et fugit a sit sed cum et repellendus.', 'video_spectacle_95.mp4', '2023-04-05 06:49:58', 30, 145);
INSERT INTO Artiste (idArtiste, nom, idSpectacle) VALUES ('49',Rahul Kozey, 95);
INSERT INTO Artiste (idArtiste, nom, idSpectacle) VALUES ('16',Chelsie Senger, 95);
INSERT INTO Artiste (idArtiste, nom, idSpectacle) VALUES ('21',Rhett Spinka, 95);
INSERT INTO ImgSpectacle (idImg, img, idSpectacle) VALUES (283, 'image_spectacle_95_1.jpg', 95);
INSERT INTO ImgSpectacle (idImg, img, idSpectacle) VALUES (284, 'image_spectacle_95_2.jpg', 95);
INSERT INTO Spectacle (idSpectacle, titre, description, urlVideo, horairePrevionnel, idSoiree, idImg) VALUES (96, 'Spectacle 96', 'Porro expedita aut deserunt sapiente alias dolores cumque in.', 'video_spectacle_96.mp4', '2023-05-14 05:09:31', 42, 113);
INSERT INTO Artiste (idArtiste, nom, idSpectacle) VALUES ('43',Ruben McLaughlin, 96);
INSERT INTO ImgSpectacle (idImg, img, idSpectacle) VALUES (286, 'image_spectacle_96_1.jpg', 96);
INSERT INTO Spectacle (idSpectacle, titre, description, urlVideo, horairePrevionnel, idSoiree, idImg) VALUES (97, 'Spectacle 97', 'Temporibus nemo sint nihil ipsum aspernatur sit quae fuga.', 'video_spectacle_97.mp4', '2023-09-27 09:20:18', 35, 302);
INSERT INTO Artiste (idArtiste, nom, idSpectacle) VALUES ('23',Dedric Kerluke, 97);
INSERT INTO ImgSpectacle (idImg, img, idSpectacle) VALUES (289, 'image_spectacle_97_1.jpg', 97);
INSERT INTO ImgSpectacle (idImg, img, idSpectacle) VALUES (290, 'image_spectacle_97_2.jpg', 97);
INSERT INTO Spectacle (idSpectacle, titre, description, urlVideo, horairePrevionnel, idSoiree, idImg) VALUES (98, 'Spectacle 98', 'Eveniet illo sit consequatur nostrum quasi.', 'video_spectacle_98.mp4', '2023-03-03 14:00:25', 29, 200);
INSERT INTO Artiste (idArtiste, nom, idSpectacle) VALUES ('1',Miss Leonora Reichert Jr., 98);
INSERT INTO ImgSpectacle (idImg, img, idSpectacle) VALUES (292, 'image_spectacle_98_1.jpg', 98);
INSERT INTO ImgSpectacle (idImg, img, idSpectacle) VALUES (293, 'image_spectacle_98_2.jpg', 98);
INSERT INTO ImgSpectacle (idImg, img, idSpectacle) VALUES (294, 'image_spectacle_98_3.jpg', 98);
INSERT INTO Spectacle (idSpectacle, titre, description, urlVideo, horairePrevionnel, idSoiree, idImg) VALUES (99, 'Spectacle 99', 'Alias enim quia vel perspiciatis.', 'video_spectacle_99.mp4', '2023-04-23 11:01:11', 9, 213);
INSERT INTO Artiste (idArtiste, nom, idSpectacle) VALUES ('46',Mr. Holden Barrows, 99);
INSERT INTO Artiste (idArtiste, nom, idSpectacle) VALUES ('39',Dr. Elta Huels DDS, 99);
INSERT INTO Artiste (idArtiste, nom, idSpectacle) VALUES ('24',Darien Rice, 99);
INSERT INTO ImgSpectacle (idImg, img, idSpectacle) VALUES (295, 'image_spectacle_99_1.jpg', 99);
INSERT INTO ImgSpectacle (idImg, img, idSpectacle) VALUES (296, 'image_spectacle_99_2.jpg', 99);
INSERT INTO ImgSpectacle (idImg, img, idSpectacle) VALUES (297, 'image_spectacle_99_3.jpg', 99);
INSERT INTO Spectacle (idSpectacle, titre, description, urlVideo, horairePrevionnel, idSoiree, idImg) VALUES (100, 'Spectacle 100', 'Aliquid quia aut blanditiis nobis dolores.', 'video_spectacle_100.mp4', '2023-03-22 11:12:53', 2, 213);
INSERT INTO Artiste (idArtiste, nom, idSpectacle) VALUES ('8',Ava Pfeffer, 100);
INSERT INTO Artiste (idArtiste, nom, idSpectacle) VALUES ('22',Marisol Lesch, 100);
INSERT INTO Artiste (idArtiste, nom, idSpectacle) VALUES ('7',Mr. Chet Rolfson, 100);
INSERT INTO ImgSpectacle (idImg, img, idSpectacle) VALUES (298, 'image_spectacle_100_1.jpg', 100);
INSERT INTO Spectacle (idSpectacle, titre, description, urlVideo, horairePrevionnel, idSoiree, idImg) VALUES (101, 'Spectacle 101', 'Qui repellendus est velit qui quod.', 'video_spectacle_101.mp4', '2023-06-03 15:04:25', 4, 55);
INSERT INTO Artiste (idArtiste, nom, idSpectacle) VALUES ('40',Miss Lauriane Hagenes, 101);
INSERT INTO Artiste (idArtiste, nom, idSpectacle) VALUES ('41',Lucy Schumm, 101);
INSERT INTO ImgSpectacle (idImg, img, idSpectacle) VALUES (301, 'image_spectacle_101_1.jpg', 101);
INSERT INTO ImgSpectacle (idImg, img, idSpectacle) VALUES (302, 'image_spectacle_101_2.jpg', 101);
INSERT INTO Spectacle (idSpectacle, titre, description, urlVideo, horairePrevionnel, idSoiree, idImg) VALUES (102, 'Spectacle 102', 'Vero illum nesciunt possimus.', 'video_spectacle_102.mp4', '2023-04-14 06:55:00', 18, 123);
INSERT INTO Artiste (idArtiste, nom, idSpectacle) VALUES ('20',Ashlee Kuhlman, 102);
INSERT INTO Artiste (idArtiste, nom, idSpectacle) VALUES ('43',Miss Concepcion Green PhD, 102);
INSERT INTO Artiste (idArtiste, nom, idSpectacle) VALUES ('5',Eliezer Fisher, 102);
INSERT INTO ImgSpectacle (idImg, img, idSpectacle) VALUES (304, 'image_spectacle_102_1.jpg', 102);
INSERT INTO ImgSpectacle (idImg, img, idSpectacle) VALUES (305, 'image_spectacle_102_2.jpg', 102);
INSERT INTO Spectacle (idSpectacle, titre, description, urlVideo, horairePrevionnel, idSoiree, idImg) VALUES (103, 'Spectacle 103', 'Consequuntur eligendi enim quia aut minus.', 'video_spectacle_103.mp4', '2023-02-07 01:04:40', 17, 45);
INSERT INTO Artiste (idArtiste, nom, idSpectacle) VALUES ('49',Rita Welch, 103);
INSERT INTO Artiste (idArtiste, nom, idSpectacle) VALUES ('47',Norene Dickens I, 103);
INSERT INTO Artiste (idArtiste, nom, idSpectacle) VALUES ('15',Joshua McLaughlin, 103);
INSERT INTO ImgSpectacle (idImg, img, idSpectacle) VALUES (307, 'image_spectacle_103_1.jpg', 103);
INSERT INTO ImgSpectacle (idImg, img, idSpectacle) VALUES (308, 'image_spectacle_103_2.jpg', 103);
INSERT INTO Spectacle (idSpectacle, titre, description, urlVideo, horairePrevionnel, idSoiree, idImg) VALUES (104, 'Spectacle 104', 'Quo est asperiores nemo quaerat maxime.', 'video_spectacle_104.mp4', '2023-04-01 11:28:17', 38, 78);
INSERT INTO Artiste (idArtiste, nom, idSpectacle) VALUES ('20',Prof. Lue Schuppe III, 104);
INSERT INTO ImgSpectacle (idImg, img, idSpectacle) VALUES (310, 'image_spectacle_104_1.jpg', 104);
INSERT INTO ImgSpectacle (idImg, img, idSpectacle) VALUES (311, 'image_spectacle_104_2.jpg', 104);
INSERT INTO Spectacle (idSpectacle, titre, description, urlVideo, horairePrevionnel, idSoiree, idImg) VALUES (105, 'Spectacle 105', 'Architecto sit nostrum ea ea.', 'video_spectacle_105.mp4', '2023-07-30 06:46:23', 9, 103);
INSERT INTO Artiste (idArtiste, nom, idSpectacle) VALUES ('44',Prof. Karl Thiel MD, 105);
INSERT INTO ImgSpectacle (idImg, img, idSpectacle) VALUES (313, 'image_spectacle_105_1.jpg', 105);
INSERT INTO ImgSpectacle (idImg, img, idSpectacle) VALUES (314, 'image_spectacle_105_2.jpg', 105);
INSERT INTO ImgSpectacle (idImg, img, idSpectacle) VALUES (315, 'image_spectacle_105_3.jpg', 105);
INSERT INTO Spectacle (idSpectacle, titre, description, urlVideo, horairePrevionnel, idSoiree, idImg) VALUES (106, 'Spectacle 106', 'Debitis qui est aut ea omnis.', 'video_spectacle_106.mp4', '2023-08-21 16:09:04', 20, 314);
INSERT INTO Artiste (idArtiste, nom, idSpectacle) VALUES ('48',Aracely Emmerich, 106);
INSERT INTO ImgSpectacle (idImg, img, idSpectacle) VALUES (316, 'image_spectacle_106_1.jpg', 106);
INSERT INTO Spectacle (idSpectacle, titre, description, urlVideo, horairePrevionnel, idSoiree, idImg) VALUES (107, 'Spectacle 107', 'Maxime qui pariatur ut aut.', 'video_spectacle_107.mp4', '2023-01-09 10:39:55', 12, 184);
INSERT INTO Artiste (idArtiste, nom, idSpectacle) VALUES ('37',Moses Farrell, 107);
INSERT INTO ImgSpectacle (idImg, img, idSpectacle) VALUES (319, 'image_spectacle_107_1.jpg', 107);
INSERT INTO ImgSpectacle (idImg, img, idSpectacle) VALUES (320, 'image_spectacle_107_2.jpg', 107);
INSERT INTO ImgSpectacle (idImg, img, idSpectacle) VALUES (321, 'image_spectacle_107_3.jpg', 107);
INSERT INTO Spectacle (idSpectacle, titre, description, urlVideo, horairePrevionnel, idSoiree, idImg) VALUES (108, 'Spectacle 108', 'Quidem reiciendis soluta ut consectetur ad illum et.', 'video_spectacle_108.mp4', '2023-10-07 04:09:30', 12, 183);
INSERT INTO Artiste (idArtiste, nom, idSpectacle) VALUES ('43',Ruthe Fritsch V, 108);
INSERT INTO Artiste (idArtiste, nom, idSpectacle) VALUES ('25',Connie Hahn, 108);
INSERT INTO Artiste (idArtiste, nom, idSpectacle) VALUES ('31',Forrest Roberts, 108);
INSERT INTO ImgSpectacle (idImg, img, idSpectacle) VALUES (322, 'image_spectacle_108_1.jpg', 108);
INSERT INTO ImgSpectacle (idImg, img, idSpectacle) VALUES (323, 'image_spectacle_108_2.jpg', 108);
INSERT INTO Spectacle (idSpectacle, titre, description, urlVideo, horairePrevionnel, idSoiree, idImg) VALUES (109, 'Spectacle 109', 'Eum aut labore aspernatur.', 'video_spectacle_109.mp4', '2023-06-11 09:48:38', 39, 9);
INSERT INTO Artiste (idArtiste, nom, idSpectacle) VALUES ('41',Selina Robel, 109);
INSERT INTO Artiste (idArtiste, nom, idSpectacle) VALUES ('35',Mariana Leuschke, 109);
INSERT INTO ImgSpectacle (idImg, img, idSpectacle) VALUES (325, 'image_spectacle_109_1.jpg', 109);
INSERT INTO Spectacle (idSpectacle, titre, description, urlVideo, horairePrevionnel, idSoiree, idImg) VALUES (110, 'Spectacle 110', 'Dolores ducimus nam mollitia eos.', 'video_spectacle_110.mp4', '2023-02-19 19:38:35', 30, 201);
INSERT INTO Artiste (idArtiste, nom, idSpectacle) VALUES ('20',Elyse Beatty, 110);
INSERT INTO Artiste (idArtiste, nom, idSpectacle) VALUES ('14',Enrique Hintz, 110);
INSERT INTO Artiste (idArtiste, nom, idSpectacle) VALUES ('34',Miss Palma Blick, 110);
INSERT INTO ImgSpectacle (idImg, img, idSpectacle) VALUES (328, 'image_spectacle_110_1.jpg', 110);
INSERT INTO Spectacle (idSpectacle, titre, description, urlVideo, horairePrevionnel, idSoiree, idImg) VALUES (111, 'Spectacle 111', 'Et vel cum nobis rerum nobis ut laborum.', 'video_spectacle_111.mp4', '2023-10-01 12:34:42', 24, 36);
INSERT INTO Artiste (idArtiste, nom, idSpectacle) VALUES ('9',Mr. Bertrand Pagac DDS, 111);
INSERT INTO Artiste (idArtiste, nom, idSpectacle) VALUES ('30',Agustina McDermott, 111);
INSERT INTO Artiste (idArtiste, nom, idSpectacle) VALUES ('48',Janae Weissnat Jr., 111);
INSERT INTO ImgSpectacle (idImg, img, idSpectacle) VALUES (331, 'image_spectacle_111_1.jpg', 111);
INSERT INTO ImgSpectacle (idImg, img, idSpectacle) VALUES (332, 'image_spectacle_111_2.jpg', 111);
INSERT INTO ImgSpectacle (idImg, img, idSpectacle) VALUES (333, 'image_spectacle_111_3.jpg', 111);
INSERT INTO Spectacle (idSpectacle, titre, description, urlVideo, horairePrevionnel, idSoiree, idImg) VALUES (112, 'Spectacle 112', 'Reprehenderit minima deleniti officia voluptas molestiae et autem.', 'video_spectacle_112.mp4', '2023-02-17 20:34:02', 37, 287);
INSERT INTO Artiste (idArtiste, nom, idSpectacle) VALUES ('9',Miss Nicolette Bernier, 112);
INSERT INTO Artiste (idArtiste, nom, idSpectacle) VALUES ('11',Alta Ruecker, 112);
INSERT INTO Artiste (idArtiste, nom, idSpectacle) VALUES ('2',Vivien Treutel II, 112);
INSERT INTO ImgSpectacle (idImg, img, idSpectacle) VALUES (334, 'image_spectacle_112_1.jpg', 112);
INSERT INTO ImgSpectacle (idImg, img, idSpectacle) VALUES (335, 'image_spectacle_112_2.jpg', 112);
INSERT INTO Spectacle (idSpectacle, titre, description, urlVideo, horairePrevionnel, idSoiree, idImg) VALUES (113, 'Spectacle 113', 'Officiis tempora incidunt temporibus nostrum.', 'video_spectacle_113.mp4', '2023-04-03 16:31:11', 18, 310);
INSERT INTO Artiste (idArtiste, nom, idSpectacle) VALUES ('42',Nia Lemke, 113);
INSERT INTO ImgSpectacle (idImg, img, idSpectacle) VALUES (337, 'image_spectacle_113_1.jpg', 113);
INSERT INTO ImgSpectacle (idImg, img, idSpectacle) VALUES (338, 'image_spectacle_113_2.jpg', 113);
INSERT INTO ImgSpectacle (idImg, img, idSpectacle) VALUES (339, 'image_spectacle_113_3.jpg', 113);
INSERT INTO Spectacle (idSpectacle, titre, description, urlVideo, horairePrevionnel, idSoiree, idImg) VALUES (114, 'Spectacle 114', 'Aut minus eos reiciendis ad.', 'video_spectacle_114.mp4', '2023-10-02 09:15:21', 32, 128);
INSERT INTO Artiste (idArtiste, nom, idSpectacle) VALUES ('44',Mr. Freddie Muller, 114);
INSERT INTO Artiste (idArtiste, nom, idSpectacle) VALUES ('25',Rylan Stracke, 114);
INSERT INTO ImgSpectacle (idImg, img, idSpectacle) VALUES (340, 'image_spectacle_114_1.jpg', 114);
INSERT INTO ImgSpectacle (idImg, img, idSpectacle) VALUES (341, 'image_spectacle_114_2.jpg', 114);
INSERT INTO Spectacle (idSpectacle, titre, description, urlVideo, horairePrevionnel, idSoiree, idImg) VALUES (115, 'Spectacle 115', 'Quibusdam commodi quisquam expedita in magnam id veritatis.', 'video_spectacle_115.mp4', '2023-08-06 22:45:33', 39, 141);
INSERT INTO Artiste (idArtiste, nom, idSpectacle) VALUES ('9',Cornell Kozey, 115);
INSERT INTO ImgSpectacle (idImg, img, idSpectacle) VALUES (343, 'image_spectacle_115_1.jpg', 115);
INSERT INTO Spectacle (idSpectacle, titre, description, urlVideo, horairePrevionnel, idSoiree, idImg) VALUES (116, 'Spectacle 116', 'Id voluptate enim impedit consectetur.', 'video_spectacle_116.mp4', '2023-06-11 17:10:57', 30, 338);
INSERT INTO Artiste (idArtiste, nom, idSpectacle) VALUES ('8',Valerie Heathcote, 116);
INSERT INTO Artiste (idArtiste, nom, idSpectacle) VALUES ('26',Casper Nikolaus Jr., 116);
INSERT INTO ImgSpectacle (idImg, img, idSpectacle) VALUES (346, 'image_spectacle_116_1.jpg', 116);
INSERT INTO ImgSpectacle (idImg, img, idSpectacle) VALUES (347, 'image_spectacle_116_2.jpg', 116);
INSERT INTO ImgSpectacle (idImg, img, idSpectacle) VALUES (348, 'image_spectacle_116_3.jpg', 116);
INSERT INTO Spectacle (idSpectacle, titre, description, urlVideo, horairePrevionnel, idSoiree, idImg) VALUES (117, 'Spectacle 117', 'Atque facere nesciunt sed rerum consequatur quisquam.', 'video_spectacle_117.mp4', '2023-08-03 06:58:51', 15, 200);
INSERT INTO Artiste (idArtiste, nom, idSpectacle) VALUES ('18',Dorthy Jaskolski, 117);
INSERT INTO Artiste (idArtiste, nom, idSpectacle) VALUES ('4',Joaquin Simonis, 117);
INSERT INTO Artiste (idArtiste, nom, idSpectacle) VALUES ('44',Eulalia Russel, 117);
INSERT INTO ImgSpectacle (idImg, img, idSpectacle) VALUES (349, 'image_spectacle_117_1.jpg', 117);
INSERT INTO Spectacle (idSpectacle, titre, description, urlVideo, horairePrevionnel, idSoiree, idImg) VALUES (118, 'Spectacle 118', 'Quo voluptatem libero tenetur et.', 'video_spectacle_118.mp4', '2023-04-02 17:56:52', 27, 378);
INSERT INTO Artiste (idArtiste, nom, idSpectacle) VALUES ('14',Simone Rolfson, 118);
INSERT INTO Artiste (idArtiste, nom, idSpectacle) VALUES ('23',Jake Schowalter, 118);
INSERT INTO Artiste (idArtiste, nom, idSpectacle) VALUES ('8',Brian Schmitt DDS, 118);
INSERT INTO ImgSpectacle (idImg, img, idSpectacle) VALUES (352, 'image_spectacle_118_1.jpg', 118);
INSERT INTO ImgSpectacle (idImg, img, idSpectacle) VALUES (353, 'image_spectacle_118_2.jpg', 118);
INSERT INTO ImgSpectacle (idImg, img, idSpectacle) VALUES (354, 'image_spectacle_118_3.jpg', 118);
INSERT INTO Spectacle (idSpectacle, titre, description, urlVideo, horairePrevionnel, idSoiree, idImg) VALUES (119, 'Spectacle 119', 'Placeat tempora et fugit sint harum nulla dolorum.', 'video_spectacle_119.mp4', '2023-04-27 09:11:29', 40, 166);
INSERT INTO Artiste (idArtiste, nom, idSpectacle) VALUES ('6',Pinkie Rogahn, 119);
INSERT INTO Artiste (idArtiste, nom, idSpectacle) VALUES ('22',Gino Miller, 119);
INSERT INTO ImgSpectacle (idImg, img, idSpectacle) VALUES (355, 'image_spectacle_119_1.jpg', 119);
INSERT INTO ImgSpectacle (idImg, img, idSpectacle) VALUES (356, 'image_spectacle_119_2.jpg', 119);
INSERT INTO Spectacle (idSpectacle, titre, description, urlVideo, horairePrevionnel, idSoiree, idImg) VALUES (120, 'Spectacle 120', 'Voluptatem sed consequatur sunt impedit voluptates id debitis.', 'video_spectacle_120.mp4', '2023-03-09 17:54:01', 31, 41);
INSERT INTO Artiste (idArtiste, nom, idSpectacle) VALUES ('45',Christiana Hartmann, 120);
INSERT INTO Artiste (idArtiste, nom, idSpectacle) VALUES ('34',Ms. Kristin Considine DVM, 120);
INSERT INTO ImgSpectacle (idImg, img, idSpectacle) VALUES (358, 'image_spectacle_120_1.jpg', 120);
INSERT INTO ImgSpectacle (idImg, img, idSpectacle) VALUES (359, 'image_spectacle_120_2.jpg', 120);
INSERT INTO Spectacle (idSpectacle, titre, description, urlVideo, horairePrevionnel, idSoiree, idImg) VALUES (121, 'Spectacle 121', 'Sed repellat facere rem voluptates atque.', 'video_spectacle_121.mp4', '2023-02-27 23:05:04', 40, 241);
INSERT INTO Artiste (idArtiste, nom, idSpectacle) VALUES ('50',Madeline White I, 121);
INSERT INTO ImgSpectacle (idImg, img, idSpectacle) VALUES (361, 'image_spectacle_121_1.jpg', 121);
INSERT INTO ImgSpectacle (idImg, img, idSpectacle) VALUES (362, 'image_spectacle_121_2.jpg', 121);
INSERT INTO Spectacle (idSpectacle, titre, description, urlVideo, horairePrevionnel, idSoiree, idImg) VALUES (122, 'Spectacle 122', 'In numquam quae quaerat rem omnis autem.', 'video_spectacle_122.mp4', '2023-09-13 07:17:51', 31, 272);
INSERT INTO Artiste (idArtiste, nom, idSpectacle) VALUES ('18',Gus Tillman, 122);
INSERT INTO Artiste (idArtiste, nom, idSpectacle) VALUES ('26',Grayce Denesik, 122);
INSERT INTO ImgSpectacle (idImg, img, idSpectacle) VALUES (364, 'image_spectacle_122_1.jpg', 122);
INSERT INTO ImgSpectacle (idImg, img, idSpectacle) VALUES (365, 'image_spectacle_122_2.jpg', 122);
INSERT INTO Spectacle (idSpectacle, titre, description, urlVideo, horairePrevionnel, idSoiree, idImg) VALUES (123, 'Spectacle 123', 'Consequatur est nisi dolores dolorem nihil.', 'video_spectacle_123.mp4', '2023-01-21 03:05:33', 12, 302);
INSERT INTO Artiste (idArtiste, nom, idSpectacle) VALUES ('18',Carley Schimmel, 123);
INSERT INTO Artiste (idArtiste, nom, idSpectacle) VALUES ('6',Amanda Fadel, 123);
INSERT INTO Artiste (idArtiste, nom, idSpectacle) VALUES ('7',Prof. Lottie Little I, 123);
INSERT INTO ImgSpectacle (idImg, img, idSpectacle) VALUES (367, 'image_spectacle_123_1.jpg', 123);
INSERT INTO ImgSpectacle (idImg, img, idSpectacle) VALUES (368, 'image_spectacle_123_2.jpg', 123);
INSERT INTO ImgSpectacle (idImg, img, idSpectacle) VALUES (369, 'image_spectacle_123_3.jpg', 123);
INSERT INTO Spectacle (idSpectacle, titre, description, urlVideo, horairePrevionnel, idSoiree, idImg) VALUES (124, 'Spectacle 124', 'Incidunt repellendus illum reiciendis alias quisquam odit dolore corrupti.', 'video_spectacle_124.mp4', '2023-08-02 09:55:13', 20, 24);
INSERT INTO Artiste (idArtiste, nom, idSpectacle) VALUES ('48',Jacklyn Sawayn, 124);
INSERT INTO Artiste (idArtiste, nom, idSpectacle) VALUES ('34',Buster Beahan, 124);
INSERT INTO Artiste (idArtiste, nom, idSpectacle) VALUES ('19',Pearlie Osinski, 124);
INSERT INTO ImgSpectacle (idImg, img, idSpectacle) VALUES (370, 'image_spectacle_124_1.jpg', 124);
INSERT INTO ImgSpectacle (idImg, img, idSpectacle) VALUES (371, 'image_spectacle_124_2.jpg', 124);
INSERT INTO ImgSpectacle (idImg, img, idSpectacle) VALUES (372, 'image_spectacle_124_3.jpg', 124);
INSERT INTO Spectacle (idSpectacle, titre, description, urlVideo, horairePrevionnel, idSoiree, idImg) VALUES (125, 'Spectacle 125', 'Nisi labore maiores voluptas unde omnis a.', 'video_spectacle_125.mp4', '2023-10-01 08:52:22', 24, 249);
INSERT INTO Artiste (idArtiste, nom, idSpectacle) VALUES ('49',Ayden Witting, 125);
INSERT INTO Artiste (idArtiste, nom, idSpectacle) VALUES ('35',Tobin Kub V, 125);
INSERT INTO Artiste (idArtiste, nom, idSpectacle) VALUES ('27',Keeley Connelly, 125);
INSERT INTO ImgSpectacle (idImg, img, idSpectacle) VALUES (373, 'image_spectacle_125_1.jpg', 125);
INSERT INTO ImgSpectacle (idImg, img, idSpectacle) VALUES (374, 'image_spectacle_125_2.jpg', 125);
INSERT INTO ImgSpectacle (idImg, img, idSpectacle) VALUES (375, 'image_spectacle_125_3.jpg', 125);
INSERT INTO Spectacle (idSpectacle, titre, description, urlVideo, horairePrevionnel, idSoiree, idImg) VALUES (126, 'Spectacle 126', 'Quasi ea in et vel.', 'video_spectacle_126.mp4', '2023-04-26 06:43:02', 31, 52);
INSERT INTO Artiste (idArtiste, nom, idSpectacle) VALUES ('26',Christelle Mann, 126);
INSERT INTO Artiste (idArtiste, nom, idSpectacle) VALUES ('15',Maxine Schowalter, 126);
INSERT INTO ImgSpectacle (idImg, img, idSpectacle) VALUES (376, 'image_spectacle_126_1.jpg', 126);